CREATE TABLE autostrada (
    cod_naz varchar NOT NULL,
    cod_eu varchar NOT NULL,
    nome varchar NOT NULL,
    lunghezza int NOT NULL,
    CONSTRAINT autostrada_pk PRIMARY KEY (cod_naz)
);

CREATE TABLE casello (
    codice int NOT NULL,
    cod_naz varchar NOT NULL,
    comune varchar CHARACTER SET utf8mb4 NOT NULL,
    nome varchar NOT NULL,
    x varchar NOT NULL,
    y varchar NOT NULL,
    is_automatico smallint NOT NULL,
    data_automazione date DEFAULT NULL,
    CONSTRAINT codice_pk PRIMARY KEY (codice)
);

CREATE TABLE comune (
    codice varchar NOT NULL,
    provincia varchar NOT NULL,
    nome varchar NOT NULL,
    CONSTRAINT codice_pk PRIMARY KEY (codice)
);

CREATE TABLE provincia (
    sigla varchar NOT NULL,
    regione int NOT NULL,
    nome varchar NOT NULL,
    CONSTRAINT sigla_pk PRIMARY KEY (sigla)
);

CREATE TABLE Regione (
    codice int NOT NULL,
    nome varchar NOT NULL,
    CONSTRAINT scodice_pk PRIMARY KEY (codice)
);

ALTER TABLE casello
    ADD CONSTRAINT cod_naz_fk FOREIGN KEY (cod_naz) REFERENCES autostrada(cod_naz) ON DELETE CASCADE ON UPDATE CASCADE,
    ADD CONSTRAINT comune_fk FOREIGN KEY (comune) REFERENCES comune(codice) ON DELETE CASCADE ON UPDATE CASCADE;


ALTER TABLE comune
    ADD CONSTRAINT provincia_fk FOREIGN KEY (provincia) REFERENCES provincia(sigla) ON UPDATE CASCADE;


ALTER TABLE provincia
    ADD CONSTRAINT comune_fk FOREIGN KEY (comune) REFERENCES comune(codice) ON UPDATE CASCADE;

-- Insert

INSERT INTO Regione (codice, nome) VALUES
(1, 'Piemonte'),
(2, 'Valle d`Aosta'),
(3, 'Lombardia'),
(4, 'Trentino-Alto Adige'),
(5, 'Veneto'),
(6, 'Friuli-Venezia Giulia'),
(7, 'Liguria'),
(8, 'Emilia-Romagna'),
(9, 'Toscana'),
(10, 'Umbria'),
(11, 'Marche'),
(12, 'Lazio'),
(13, 'Abruzzo'),
(14, 'Molise'),
(15, 'Campania'),
(16, 'Puglia'),
(17, 'Basilicata'),
(18, 'Calabria'),
(19, 'Sicilia'),
(20, 'Sardegna');

INSERT INTO provincia (sigla, regione, nome) VALUES
('AG', 19, 'Agrigento'),
('AL', 1, 'Alessandria'),
('AN', 11, 'Ancona'),
('AO', 2, 'Valle d`Aosta/Vallée d`Aoste'),
('AP', 11, 'Ascoli Piceno'),
('AQ', 13, 'L`Aquila'),
('AR', 9, 'Arezzo'),
('AT', 1, 'Asti'),
('AV', 15, 'Avellino'),
('BA', 16, 'Bari'),
('BG', 3, 'Bergamo'),
('BI', 1, 'Biella'),
('BL', 5, 'Belluno'),
('BN', 15, 'Benevento'),
('BO', 8, 'Bologna'),
('BR', 16, 'Brindisi'),
('BS', 3, 'Brescia'),
('BT', 16, 'Barletta-Andria-Trani'),
('BZ', 4, 'Bolzano/Bozen'),
('CA', 20, 'Cagliari'),
('CB', 14, 'Campobasso'),
('CE', 15, 'Caserta'),
('CH', 13, 'Chieti'),
('CL', 19, 'Caltanissetta'),
('CN', 1, 'Cuneo'),
('CO', 3, 'Como'),
('CR', 3, 'Cremona'),
('CS', 18, 'Cosenza'),
('CT', 19, 'Catania'),
('CZ', 18, 'Catanzaro'),
('EN', 19, 'Enna'),
('FC', 8, 'Forlì-Cesena'),
('FE', 8, 'Ferrara'),
('FG', 16, 'Foggia'),
('FI', 9, 'Firenze'),
('FM', 11, 'Fermo'),
('FR', 12, 'Frosinone'),
('GE', 7, 'Genova'),
('GO', 6, 'Gorizia'),
('GR', 9, 'Grosseto'),
('IM', 7, 'Imperia'),
('IS', 14, 'Isernia'),
('KR', 18, 'Crotone'),
('LC', 3, 'Lecco'),
('LE', 16, 'Lecce'),
('LI', 9, 'Livorno'),
('LO', 3, 'Lodi'),
('LT', 12, 'Latina'),
('LU', 9, 'Lucca'),
('MB', 3, 'Monza e della Brianza'),
('MC', 11, 'Macerata'),
('ME', 19, 'Messina'),
('MI', 3, 'Milano'),
('MN', 3, 'Mantova'),
('MO', 8, 'Modena'),
('MS', 9, 'Massa-Carrara'),
('MT', 17, 'Matera'),
('NA', 15, 'Napoli'),
('NO', 1, 'Novara'),
('NU', 20, 'Nuoro'),
('OR', 20, 'Oristano'),
('PA', 19, 'Palermo'),
('PC', 8, 'Piacenza'),
('PD', 5, 'Padova'),
('PE', 13, 'Pescara'),
('PG', 10, 'Perugia'),
('PI', 9, 'Pisa'),
('PN', 6, 'Pordenone'),
('PO', 9, 'Prato'),
('PR', 8, 'Parma'),
('PT', 9, 'Pistoia'),
('PU', 11, 'Pesaro e Urbino'),
('PV', 3, 'Pavia'),
('PZ', 17, 'Potenza'),
('RA', 8, 'Ravenna'),
('RC', 18, 'Reggio Calabria'),
('RE', 8, 'Reggio nell`Emilia'),
('RG', 19, 'Ragusa'),
('RI', 12, 'Rieti'),
('RM', 12, 'Roma'),
('RN', 8, 'Rimini'),
('RO', 5, 'Rovigo'),
('SA', 15, 'Salerno'),
('SI', 9, 'Siena'),
('SO', 3, 'Sondrio'),
('SP', 7, 'La Spezia'),
('SR', 19, 'Siracusa'),
('SS', 20, 'Sassari'),
('SU', 20, 'Sud Sardegna'),
('SV', 7, 'Savona'),
('TA', 16, 'Taranto'),
('TE', 13, 'Teramo'),
('TN', 4, 'Trento'),
('TO', 1, 'Torino'),
('TP', 19, 'Trapani'),
('TR', 10, 'Terni'),
('TS', 6, 'Trieste'),
('TV', 5, 'Treviso'),
('UD', 6, 'Udine'),
('VA', 3, 'Varese'),
('VB', 1, 'Verbano-Cusio-Ossola'),
('VC', 1, 'Vercelli'),
('VE', 5, 'Venezia'),
('VI', 5, 'Vicenza'),
('VR', 5, 'Verona'),
('VT', 12, 'Viterbo'),
('VV', 18, 'Vibo Valentia');

INSERT INTO comune (codice, provincia, nome) VALUES
('A019', 'RI', 'Accumoli'),
('A023', 'SA', 'Acerno'),
('A024', 'NA', 'Acerra'),
('A025', 'CT', 'Aci Bonaccorsi'),
('A026', 'CT', 'Aci Castello'),
('A027', 'CT', 'Aci Catena'),
('A028', 'CT', 'Acireale'),
('A029', 'CT', 'Aci Sant`Antonio'),
('A032', 'FR', 'Acquafondata'),
('A033', 'CS', 'Acquaformosa'),
('A034', 'BS', 'Acquafredda'),
('A035', 'PU', 'Acqualagna'),
('A038', 'MN', 'Acquanegra sul Chiese'),
('A039', 'CR', 'Acquanegra Cremonese'),
('A040', 'VT', 'Acquapendente'),
('A041', 'CS', 'Acquappesa'),
('A043', 'VV', 'Acquaro'),
('A044', 'AP', 'Acquasanta Terme'),
('A045', 'TR', 'Acquasparta'),
('A047', 'AP', 'Acquaviva Picena'),
('A048', 'BA', 'Acquaviva delle Fonti'),
('A049', 'CL', 'Acquaviva Platani'),
('A050', 'CB', 'Acquaviva Collecroce'),
('A051', 'IS', 'Acquaviva d`Isernia'),
('A052', 'AL', 'Acqui Terme'),
('A053', 'CS', 'Acri'),
('A054', 'FR', 'Acuto'),
('A055', 'BA', 'Adelfia'),
('A056', 'CT', 'Adrano'),
('A057', 'BG', 'Adrara San Martino'),
('A058', 'BG', 'Adrara San Rocco'),
('A059', 'RO', 'Adria'),
('A060', 'BS', 'Adro'),
('A061', 'VR', 'Affi'),
('A062', 'RM', 'Affile'),
('A064', 'NA', 'Afragola'),
('A065', 'RC', 'Africo'),
('A067', 'PC', 'Agazzano'),
('A068', 'NA', 'Agerola'),
('A069', 'SS', 'Aggius'),
('A070', 'EN', 'Agira'),
('A071', 'PT', 'Agliana'),
('A072', 'AT', 'Agliano Terme'),
('A074', 'TO', 'Agliè'),
('A075', 'PD', 'Agna'),
('A076', 'CR', 'Agnadello'),
('A077', 'RC', 'Agnana Calabra'),
('A080', 'IS', 'Agnone'),
('A081', 'FR', 'Villa Latina'),
('A082', 'BS', 'Agnosine'),
('A083', 'BL', 'Agordo'),
('A084', 'RM', 'Agosta'),
('A085', 'VA', 'Agra'),
('A087', 'MB', 'Agrate Brianza'),
('A088', 'NO', 'Agrate Conturbia'),
('A089', 'AG', 'Agrigento'),
('A091', 'SA', 'Agropoli'),
('A092', 'AN', 'Agugliano'),
('A093', 'VI', 'Agugliaro'),
('A094', 'AO', 'Ayas'),
('A096', 'MB', 'Aicurzio'),
('A097', 'OR', 'Aidomaggiore'),
('A098', 'EN', 'Aidone'),
('A100', 'AQ', 'Aielli'),
('A101', 'AV', 'Aiello del Sabato'),
('A102', 'CS', 'Aiello Calabro'),
('A103', 'UD', 'Aiello del Friuli'),
('A105', 'CS', 'Aieta'),
('A106', 'CE', 'Ailano'),
('A107', 'BI', 'Ailoche'),
('A108', 'AO', 'Aymavilles'),
('A109', 'TO', 'Airasca'),
('A110', 'BN', 'Airola'),
('A111', 'IM', 'Airole'),
('A112', 'LC', 'Airuno'),
('A113', 'CN', 'Aisone'),
('A115', 'SS', 'Alà dei Sardi'),
('A116', 'TN', 'Ala'),
('A117', 'TO', 'Ala di Stura'),
('A118', 'PV', 'Alagna'),
('A119', 'VC', 'Alagna Valsesia'),
('A120', 'PE', 'Alanno'),
('A122', 'SV', 'Alassio'),
('A123', 'FR', 'Alatri'),
('A124', 'CN', 'Alba'),
('A125', 'TE', 'Alba Adriatica'),
('A126', 'OR', 'Albagiara'),
('A127', 'MI', 'Albairate'),
('A128', 'SA', 'Albanella'),
('A129', 'BG', 'Albano Sant`Alessandro'),
('A130', 'VC', 'Albano Vercellese'),
('A131', 'PZ', 'Albano di Lucania'),
('A132', 'RM', 'Albano Laziale'),
('A135', 'SO', 'Albaredo per San Marco'),
('A137', 'VR', 'Albaredo d`Adige'),
('A138', 'PR', 'Albareto'),
('A139', 'CN', 'Albaretto della Torre'),
('A143', 'CO', 'Albavilla'),
('A145', 'SV', 'Albenga'),
('A146', 'AL', 'Albera Ligure'),
('A149', 'BA', 'Alberobello'),
('A150', 'FG', 'Alberona'),
('A153', 'CO', 'Albese con Cassano'),
('A154', 'VI', 'Albettone'),
('A155', 'CZ', 'Albi'),
('A157', 'TO', 'Albiano d`Ivrea'),
('A158', 'TN', 'Albiano'),
('A159', 'MB', 'Albiate'),
('A160', 'CS', 'Albidona'),
('A161', 'PD', 'Albignasego'),
('A162', 'RE', 'Albinea'),
('A163', 'BG', 'Albino'),
('A164', 'CO', 'Albiolo'),
('A165', 'SV', 'Albissola Marina'),
('A166', 'SV', 'Albisola Superiore'),
('A167', 'VA', 'Albizzate'),
('A171', 'PV', 'Albonese'),
('A172', 'SO', 'Albosaggia'),
('A173', 'AT', 'Albugnano'),
('A175', 'PV', 'Albuzzano'),
('A176', 'TP', 'Alcamo'),
('A177', 'ME', 'Alcara li Fusi'),
('A178', 'TN', 'Aldeno'),
('A180', 'OR', 'Ales'),
('A181', 'AG', 'Alessandria della Rocca'),
('A182', 'AL', 'Alessandria'),
('A183', 'CS', 'Alessandria del Carretto'),
('A184', 'LE', 'Alessano'),
('A185', 'LE', 'Alezio'),
('A186', 'SA', 'Alfano'),
('A187', 'AQ', 'Alfedena'),
('A188', 'BS', 'Alfianello'),
('A189', 'AL', 'Alfiano Natta'),
('A191', 'RA', 'Alfonsine'),
('A192', 'SS', 'Alghero'),
('A193', 'BG', 'Algua'),
('A194', 'ME', 'Alì'),
('A195', 'PA', 'Alia'),
('A196', 'MT', 'Aliano'),
('A197', 'AL', 'Alice Bel Colle'),
('A198', 'VC', 'Alice Castello'),
('A200', 'CE', 'Alife'),
('A201', 'ME', 'Alì Terme'),
('A202', 'PA', 'Alimena'),
('A203', 'PA', 'Aliminusa'),
('A204', 'OR', 'Allai'),
('A205', 'AO', 'Allein'),
('A206', 'BL', 'Alleghe'),
('A207', 'TR', 'Allerona'),
('A208', 'LE', 'Alliste'),
('A210', 'RM', 'Allumiere'),
('A214', 'BG', 'Almè'),
('A215', 'BG', 'Villa d`Almè'),
('A216', 'BG', 'Almenno San Bartolomeo'),
('A217', 'BG', 'Almenno San Salvatore'),
('A218', 'TO', 'Almese'),
('A220', 'VI', 'Alonte'),
('A221', 'TO', 'Alpette'),
('A222', 'TO', 'Alpignano'),
('A223', 'PC', 'Alseno'),
('A224', 'CO', 'Alserio'),
('A225', 'BA', 'Altamura'),
('A226', 'SV', 'Altare'),
('A227', 'AL', 'Altavilla Monferrato'),
('A228', 'AV', 'Altavilla Irpina'),
('A229', 'PA', 'Altavilla Milicia'),
('A230', 'SA', 'Altavilla Silentina'),
('A231', 'VI', 'Altavilla Vicentina'),
('A233', 'FM', 'Altidona'),
('A234', 'CS', 'Altilia'),
('A235', 'CH', 'Altino'),
('A236', 'VI', 'Altissimo'),
('A237', 'TV', 'Altivole'),
('A238', 'CN', 'Alto'),
('A239', 'PA', 'Altofonte'),
('A240', 'CS', 'Altomonte'),
('A241', 'LU', 'Altopascio'),
('A242', 'TR', 'Alviano'),
('A243', 'CE', 'Alvignano'),
('A244', 'FR', 'Alvito'),
('A245', 'AL', 'Alzano Scrivia'),
('A246', 'BG', 'Alzano Lombardo'),
('A249', 'CO', 'Alzate Brianza'),
('A251', 'SA', 'Amalfi'),
('A252', 'FM', 'Amandola'),
('A253', 'CS', 'Amantea'),
('A254', 'UD', 'Amaro'),
('A255', 'CZ', 'Amaroni'),
('A256', 'FR', 'Amaseno'),
('A257', 'CZ', 'Amato'),
('A258', 'RI', 'Amatrice'),
('A259', 'BG', 'Ambivere'),
('A261', 'SP', 'Ameglia'),
('A262', 'TR', 'Amelia'),
('A263', 'CS', 'Amendolara'),
('A264', 'NO', 'Ameno'),
('A265', 'BN', 'Amorosi'),
('A266', 'BL', 'Cortina d`Ampezzo'),
('A267', 'UD', 'Ampezzo'),
('A268', 'NA', 'Anacapri'),
('A269', 'FR', 'Anagni'),
('A270', 'TE', 'Ancarano'),
('A271', 'AN', 'Ancona'),
('A272', 'CZ', 'Andali'),
('A273', 'SO', 'Andalo Valtellino'),
('A274', 'TN', 'Andalo'),
('A275', 'TO', 'Andezeno'),
('A278', 'SV', 'Andora'),
('A280', 'BI', 'Andorno Micca'),
('A281', 'LE', 'Andrano'),
('A282', 'TO', 'Andrate'),
('A283', 'PN', 'Andreis'),
('A284', 'AV', 'Andretta'),
('A285', 'BT', 'Andria'),
('A287', 'SS', 'Anela'),
('A288', 'BS', 'Anfo'),
('A290', 'VA', 'Angera'),
('A291', 'AR', 'Anghiari'),
('A292', 'VR', 'Angiari'),
('A293', 'BS', 'Angolo Terme'),
('A294', 'SA', 'Angri'),
('A295', 'TO', 'Angrogna'),
('A296', 'PD', 'Anguillara Veneta'),
('A297', 'RM', 'Anguillara Sabazia'),
('A299', 'CR', 'Annicco'),
('A300', 'AT', 'Castello di Annone'),
('A301', 'LC', 'Annone di Brianza'),
('A302', 'VE', 'Annone Veneto'),
('A303', 'RC', 'Anoia'),
('A304', 'BG', 'Antegnate'),
('A305', 'AO', 'Antey-Saint-André'),
('A308', 'AO', 'La Magdeleine'),
('A309', 'RM', 'Anticoli Corrado'),
('A310', 'FR', 'Fiuggi'),
('A312', 'AT', 'Antignano'),
('A313', 'ME', 'Antillo'),
('A314', 'RC', 'Antonimina'),
('A315', 'RI', 'Antrodoco'),
('A317', 'VB', 'Antrona Schieranco'),
('A318', 'AQ', 'Anversa degli Abruzzi'),
('A319', 'CO', 'Anzano del Parco'),
('A320', 'FG', 'Anzano di Puglia'),
('A321', 'PZ', 'Anzi'),
('A323', 'RM', 'Anzio'),
('A324', 'BO', 'Anzola dell`Emilia'),
('A325', 'VB', 'Anzola d`Ossola'),
('A326', 'AO', 'Aosta'),
('A327', 'PU', 'Apecchio'),
('A328', 'BN', 'Apice'),
('A329', 'MC', 'Apiro'),
('A330', 'BN', 'Apollosa'),
('A333', 'CO', 'Appiano Gentile'),
('A334', 'MC', 'Appignano'),
('A335', 'AP', 'Appignano del Tronto'),
('A337', 'SO', 'Aprica'),
('A338', 'IM', 'Apricale'),
('A339', 'FG', 'Apricena'),
('A340', 'CS', 'Aprigliano'),
('A341', 'LT', 'Aprilia'),
('A343', 'SA', 'Aquara'),
('A344', 'IM', 'Aquila d`Arroscia'),
('A345', 'AQ', 'L`Aquila'),
('A346', 'UD', 'Aquileia'),
('A347', 'AV', 'Aquilonia'),
('A348', 'FR', 'Aquino'),
('A350', 'LE', 'Aradeo'),
('A351', 'AG', 'Aragona'),
('A352', 'AT', 'Aramengo'),
('A354', 'PN', 'Arba'),
('A355', 'NU', 'Tortolì'),
('A357', 'OR', 'Arborea'),
('A358', 'VC', 'Arborio'),
('A359', 'SU', 'Arbus'),
('A360', 'TV', 'Arcade'),
('A363', 'FR', 'Arce'),
('A365', 'BG', 'Arcene'),
('A366', 'AN', 'Arcevia'),
('A367', 'CH', 'Archi'),
('A368', 'OR', 'San Nicolò d`Arcidano'),
('A369', 'GR', 'Arcidosso'),
('A370', 'RM', 'Arcinazzo Romano'),
('A371', 'VA', 'Arcisate'),
('A372', 'TN', 'Arco'),
('A373', 'SP', 'Arcola'),
('A374', 'VR', 'Arcole'),
('A375', 'MI', 'Arconate'),
('A376', 'MB', 'Arcore'),
('A377', 'VI', 'Arcugnano'),
('A379', 'SS', 'Ardara'),
('A380', 'OR', 'Ardauli'),
('A382', 'SO', 'Ardenno'),
('A383', 'BG', 'Ardesio'),
('A385', 'RC', 'Ardore'),
('A386', 'VV', 'Arena'),
('A387', 'PV', 'Arena Po'),
('A388', 'GE', 'Arenzano'),
('A389', 'MI', 'Arese'),
('A390', 'AR', 'Arezzo'),
('A391', 'CO', 'Argegno'),
('A392', 'BO', 'Argelato'),
('A393', 'FE', 'Argenta'),
('A394', 'CN', 'Argentera'),
('A396', 'CN', 'Arguello'),
('A397', 'CZ', 'Argusto'),
('A398', 'CH', 'Ari'),
('A399', 'AV', 'Ariano Irpino'),
('A400', 'RO', 'Ariano nel Polesine'),
('A401', 'RM', 'Ariccia'),
('A402', 'CH', 'Arielli'),
('A403', 'CE', 'Arienzo'),
('A405', 'TO', 'Arignano'),
('A407', 'NU', 'Aritzo'),
('A409', 'VB', 'Arizzano'),
('A412', 'VT', 'Arlena di Castro'),
('A413', 'MI', 'Arluno'),
('A414', 'NO', 'Armeno'),
('A415', 'PZ', 'Armento'),
('A418', 'IM', 'Armo'),
('A419', 'SU', 'Armungia'),
('A421', 'FR', 'Arnara'),
('A422', 'SV', 'Arnasco'),
('A424', 'AO', 'Arnad'),
('A425', 'LE', 'Arnesano'),
('A427', 'VB', 'Arola'),
('A429', 'NO', 'Arona'),
('A430', 'CO', 'Arosio'),
('A431', 'BN', 'Arpaia'),
('A432', 'BN', 'Arpaise'),
('A433', 'FR', 'Arpino'),
('A434', 'PD', 'Arquà Petrarca'),
('A435', 'RO', 'Arquà Polesine'),
('A436', 'AL', 'Arquata Scrivia'),
('A437', 'AP', 'Arquata del Tronto'),
('A438', 'PD', 'Arre'),
('A439', 'TR', 'Arrone'),
('A440', 'BG', 'Arzago d`Adda'),
('A441', 'VA', 'Arsago Seprio'),
('A443', 'BL', 'Arsiè'),
('A444', 'VI', 'Arsiero'),
('A445', 'TE', 'Arsita'),
('A446', 'RM', 'Arsoli'),
('A447', 'UD', 'Arta Terme'),
('A448', 'UD', 'Artegna'),
('A449', 'RM', 'Artena'),
('A451', 'BS', 'Artogne'),
('A452', 'AO', 'Arvier'),
('A453', 'SS', 'Arzachena'),
('A454', 'NU', 'Arzana'),
('A455', 'NA', 'Arzano'),
('A458', 'PD', 'Arzergrande'),
('A459', 'VI', 'Arzignano'),
('A460', 'SA', 'Ascea'),
('A461', 'SI', 'Asciano'),
('A462', 'AP', 'Ascoli Piceno'),
('A463', 'FG', 'Ascoli Satriano'),
('A464', 'RI', 'Ascrea'),
('A465', 'VI', 'Asiago'),
('A466', 'VC', 'Asigliano Vercellese'),
('A467', 'VI', 'Asigliano Veneto'),
('A468', 'SI', 'Sinalunga'),
('A470', 'MN', 'Asola'),
('A471', 'TV', 'Asolo'),
('A472', 'RI', 'Casperia'),
('A473', 'MI', 'Assago'),
('A474', 'CA', 'Assemini'),
('A475', 'PG', 'Assisi'),
('A476', 'CO', 'Asso'),
('A477', 'OR', 'Assolo'),
('A478', 'EN', 'Assoro'),
('A479', 'AT', 'Asti'),
('A480', 'OR', 'Asuni'),
('A481', 'AQ', 'Ateleta'),
('A482', 'PZ', 'Atella'),
('A484', 'SA', 'Atena Lucana'),
('A485', 'CH', 'Atessa'),
('A486', 'FR', 'Atina'),
('A487', 'SA', 'Atrani'),
('A488', 'TE', 'Atri'),
('A489', 'AV', 'Atripalda'),
('A490', 'TR', 'Attigliano'),
('A491', 'UD', 'Attimis'),
('A492', 'NU', 'Atzara'),
('A494', 'SR', 'Augusta'),
('A495', 'SA', 'Auletta'),
('A496', 'MS', 'Aulla'),
('A497', 'VB', 'Aurano'),
('A499', 'IM', 'Aurigo'),
('A501', 'BL', 'Auronzo di Cadore'),
('A502', 'FR', 'Ausonia'),
('A503', 'NU', 'Austis'),
('A506', 'GE', 'Avegno'),
('A508', 'AV', 'Avella'),
('A509', 'AV', 'Avellino'),
('A511', 'BG', 'Averara'),
('A512', 'CE', 'Aversa'),
('A514', 'TA', 'Avetrana'),
('A515', 'AQ', 'Avezzano'),
('A516', 'PN', 'Aviano'),
('A517', 'BG', 'Aviatico'),
('A518', 'TO', 'Avigliana'),
('A519', 'PZ', 'Avigliano'),
('A520', 'TN', 'Avio'),
('A521', 'AO', 'Avise'),
('A522', 'SR', 'Avola'),
('A523', 'AL', 'Avolasca'),
('A525', 'TO', 'Azeglio'),
('A526', 'CR', 'Azzanello'),
('A527', 'AT', 'Azzano d`Asti'),
('A528', 'BG', 'Azzano San Paolo'),
('A529', 'BS', 'Azzano Mella'),
('A530', 'PN', 'Azzano Decimo'),
('A531', 'VA', 'Azzate'),
('A532', 'VA', 'Azzio'),
('A533', 'BG', 'Azzone'),
('A534', 'VB', 'Baceno'),
('A535', 'NA', 'Bacoli'),
('A536', 'IM', 'Badalucco'),
('A538', 'PV', 'Badia Pavese'),
('A539', 'RO', 'Badia Polesine'),
('A540', 'VR', 'Badia Calavena'),
('A541', 'AR', 'Badia Tedalda'),
('A542', 'CZ', 'Badolato'),
('A544', 'RC', 'Bagaladi'),
('A546', 'PA', 'Bagheria'),
('A547', 'RA', 'Bagnacavallo'),
('A550', 'PV', 'Bagnaria'),
('A551', 'RA', 'Bagnara di Romagna'),
('A552', 'RC', 'Bagnara Calabra'),
('A553', 'UD', 'Bagnaria Arsa'),
('A555', 'CN', 'Bagnasco'),
('A557', 'BG', 'Bagnatica'),
('A560', 'LU', 'Bagni di Lucca'),
('A561', 'PT', 'Montecatini-Terme'),
('A562', 'PI', 'San Giuliano Terme'),
('A564', 'FI', 'Bagno a Ripoli'),
('A565', 'FC', 'Bagno di Romagna'),
('A566', 'AV', 'Bagnoli Irpino'),
('A567', 'IS', 'Bagnoli del Trigno'),
('A568', 'PD', 'Bagnoli di Sopra'),
('A569', 'BS', 'Bagnolo Mella'),
('A570', 'CR', 'Bagnolo Cremasco'),
('A571', 'CN', 'Bagnolo Piemonte'),
('A572', 'LE', 'Bagnolo del Salento'),
('A573', 'RE', 'Bagnolo in Piano'),
('A574', 'RO', 'Bagnolo di Po'),
('A575', 'MN', 'Bagnolo San Vito'),
('A576', 'MS', 'Bagnone'),
('A577', 'VT', 'Bagnoregio'),
('A578', 'BS', 'Bagolino'),
('A579', 'CE', 'Baia e Latina'),
('A580', 'AV', 'Baiano'),
('A581', 'IM', 'Bajardo'),
('A584', 'TO', 'Bairo'),
('A586', 'RE', 'Baiso'),
('A587', 'TO', 'Balangero'),
('A588', 'AT', 'Baldichieri d`Asti'),
('A589', 'CN', 'Baldissero d`Alba'),
('A590', 'TO', 'Baldissero Canavese'),
('A591', 'TO', 'Baldissero Torinese'),
('A592', 'PA', 'Balestrate'),
('A593', 'SV', 'Balestrino'),
('A594', 'LC', 'Ballabio'),
('A597', 'SU', 'Ballao'),
('A599', 'TO', 'Balme'),
('A600', 'VC', 'Balmuccia'),
('A601', 'VC', 'Balocco'),
('A603', 'AQ', 'Balsorano'),
('A604', 'PZ', 'Balvano'),
('A605', 'AL', 'Balzola'),
('A606', 'SS', 'Banari'),
('A607', 'TO', 'Banchette'),
('A609', 'OR', 'Villa Verde'),
('A610', 'VB', 'Bannio Anzino'),
('A612', 'PZ', 'Banzi'),
('A613', 'PD', 'Baone'),
('A614', 'OR', 'Baradili'),
('A615', 'PZ', 'Baragiano'),
('A616', 'CB', 'Baranello'),
('A617', 'NA', 'Barano d`Ischia'),
('A618', 'MI', 'Baranzate'),
('A619', 'VA', 'Barasso'),
('A621', 'OR', 'Baratili San Pietro'),
('A625', 'TO', 'Barbania'),
('A626', 'AN', 'Barbara'),
('A628', 'VT', 'Barbarano Romano'),
('A629', 'CN', 'Barbaresco'),
('A630', 'BS', 'Barbariga'),
('A631', 'BG', 'Barbata'),
('A632', 'FI', 'Barberino di Mugello'),
('A634', 'PV', 'Barbianello'),
('A637', 'PD', 'Barbona'),
('A638', 'ME', 'Barcellona Pozzo di Gotto'),
('A640', 'PN', 'Barcis'),
('A643', 'AO', 'Bard'),
('A646', 'PR', 'Bardi'),
('A647', 'SV', 'Bardineto'),
('A650', 'VR', 'Bardolino'),
('A651', 'TO', 'Bardonecchia'),
('A652', 'MI', 'Bareggio'),
('A653', 'NO', 'Barengo'),
('A655', 'OR', 'Baressa'),
('A656', 'AQ', 'Barete'),
('A657', 'LU', 'Barga'),
('A658', 'GE', 'Bargagli'),
('A660', 'CN', 'Barge'),
('A661', 'BS', 'Barghe'),
('A662', 'BA', 'Bari'),
('A663', 'NU', 'Bari Sardo'),
('A664', 'BG', 'Bariano'),
('A665', 'BO', 'Baricella'),
('A666', 'PZ', 'Barile'),
('A667', 'AQ', 'Barisciano'),
('A668', 'MB', 'Barlassina'),
('A669', 'BT', 'Barletta'),
('A670', 'CO', 'Barni'),
('A671', 'CN', 'Barolo'),
('A673', 'TO', 'Barone Canavese'),
('A674', 'SA', 'Baronissi'),
('A676', 'EN', 'Barrafranca'),
('A677', 'SU', 'Barrali'),
('A678', 'AQ', 'Barrea'),
('A681', 'SU', 'Barumini'),
('A683', 'LC', 'Barzago'),
('A684', 'BG', 'Barzana'),
('A686', 'LC', 'Barzanò'),
('A687', 'LC', 'Barzio'),
('A689', 'AL', 'Basaluzzo'),
('A690', 'PV', 'Bascapè'),
('A691', 'TR', 'Baschi'),
('A692', 'TE', 'Basciano'),
('A694', 'TN', 'Baselga di Pinè'),
('A696', 'BN', 'Baselice'),
('A697', 'MI', 'Basiano'),
('A698', 'ME', 'Basicò'),
('A699', 'MI', 'Basiglio'),
('A700', 'UD', 'Basiliano'),
('A701', 'VT', 'Vasanello'),
('A702', 'BS', 'Bassano Bresciano'),
('A703', 'VI', 'Bassano del Grappa'),
('A704', 'VT', 'Bassano Romano'),
('A705', 'VA', 'Tronzano Lago Maggiore'),
('A706', 'VT', 'Bassano in Teverina'),
('A707', 'LT', 'Bassiano'),
('A708', 'AL', 'Bassignana'),
('A709', 'CN', 'Bastia Mondovì'),
('A710', 'PG', 'Bastia Umbra'),
('A712', 'PV', 'Bastida Pancarana'),
('A713', 'MO', 'Bastiglia'),
('A714', 'PD', 'Battaglia Terme'),
('A716', 'CN', 'Battifollo'),
('A717', 'SA', 'Battipaglia'),
('A718', 'PV', 'Battuda'),
('A719', 'PA', 'Baucina'),
('A720', 'FR', 'Boville Ernica'),
('A721', 'OR', 'Bauladu'),
('A722', 'NU', 'Baunei'),
('A725', 'VB', 'Baveno'),
('A728', 'VA', 'Bedero Valcuvia'),
('A729', 'BS', 'Bedizzole'),
('A730', 'TN', 'Bedollo'),
('A731', 'PR', 'Bedonia'),
('A732', 'BG', 'Bedulita'),
('A733', 'VB', 'Bee'),
('A734', 'TO', 'Beinasco'),
('A735', 'CN', 'Beinette'),
('A736', 'CZ', 'Belcastro'),
('A737', 'VR', 'Belfiore'),
('A738', 'AL', 'Belforte Monferrato'),
('A739', 'MC', 'Belforte del Chienti'),
('A740', 'PU', 'Belforte all`Isauro'),
('A741', 'PV', 'Belgioioso'),
('A742', 'VB', 'Belgirate'),
('A743', 'PZ', 'Bella'),
('A745', 'LC', 'Bellano'),
('A746', 'TE', 'Bellante'),
('A747', 'RN', 'Bellaria-Igea Marina'),
('A749', 'RM', 'Bellegra'),
('A750', 'CN', 'Bellino'),
('A751', 'MI', 'Bellinzago Lombardo'),
('A752', 'NO', 'Bellinzago Novarese'),
('A755', 'CE', 'Bellona'),
('A756', 'SA', 'Bellosguardo'),
('A757', 'BL', 'Belluno'),
('A759', 'MB', 'Bellusco'),
('A760', 'FM', 'Belmonte Piceno'),
('A761', 'IS', 'Belmonte del Sannio'),
('A762', 'CS', 'Belmonte Calabro'),
('A763', 'FR', 'Belmonte Castello'),
('A764', 'PA', 'Belmonte Mezzagno'),
('A765', 'RI', 'Belmonte in Sabina'),
('A766', 'CT', 'Belpasso'),
('A768', 'CS', 'Belsito'),
('A769', 'AN', 'Belvedere Ostrense'),
('A770', 'AT', 'Belveglio'),
('A771', 'BO', 'Lizzano in Belvedere'),
('A772', 'KR', 'Belvedere di Spinello'),
('A773', 'CS', 'Belvedere Marittimo'),
('A774', 'CN', 'Belvedere Langhe'),
('A776', 'NU', 'Belvì'),
('A777', 'SO', 'Bema'),
('A778', 'CO', 'Bene Lario'),
('A779', 'CN', 'Bene Vagienna'),
('A780', 'RC', 'Benestare'),
('A781', 'SS', 'Benetutti'),
('A782', 'CN', 'Benevello'),
('A783', 'BN', 'Benevento'),
('A784', 'BI', 'Benna'),
('A785', 'BO', 'Bentivoglio'),
('A786', 'BG', 'Berbenno'),
('A787', 'SO', 'Berbenno di Valtellina'),
('A788', 'PR', 'Berceto'),
('A789', 'SS', 'Berchidda'),
('A791', 'CO', 'Beregazzo con Figliaro'),
('A792', 'PV', 'Bereguardo'),
('A793', 'AL', 'Bergamasco'),
('A794', 'BG', 'Bergamo'),
('A795', 'RO', 'Bergantino'),
('A796', 'SV', 'Bergeggi'),
('A798', 'CN', 'Bergolo'),
('A799', 'BS', 'Berlingo'),
('A801', 'MT', 'Bernalda'),
('A802', 'MB', 'Bernareggio'),
('A804', 'MI', 'Bernate Ticino'),
('A805', 'CN', 'Bernezzo'),
('A809', 'FC', 'Bertinoro'),
('A810', 'UD', 'Bertiolo'),
('A811', 'LO', 'Bertonico'),
('A812', 'AT', 'Berzano di San Pietro'),
('A813', 'AL', 'Berzano di Tortona'),
('A815', 'BG', 'Berzo San Fermo'),
('A816', 'BS', 'Berzo Demo'),
('A817', 'BS', 'Berzo Inferiore'),
('A818', 'MB', 'Besana in Brianza'),
('A819', 'VA', 'Besano'),
('A820', 'MI', 'Besate'),
('A821', 'TN', 'Besenello'),
('A823', 'PC', 'Besenzone'),
('A825', 'VA', 'Besnate'),
('A826', 'VA', 'Besozzo'),
('A827', 'SS', 'Bessude'),
('A831', 'PC', 'Bettola'),
('A832', 'PG', 'Bettona'),
('A834', 'VB', 'Beura-Cardezza'),
('A835', 'PG', 'Bevagna'),
('A836', 'SP', 'Beverino'),
('A837', 'VR', 'Bevilacqua'),
('A841', 'CT', 'Biancavilla'),
('A842', 'CS', 'Bianchi'),
('A843', 'RC', 'Bianco'),
('A844', 'NO', 'Biandrate'),
('A845', 'VA', 'Biandronno'),
('A846', 'BG', 'Bianzano'),
('A847', 'VC', 'Bianzè'),
('A848', 'SO', 'Bianzone'),
('A849', 'MB', 'Biassono'),
('A850', 'RE', 'Bibbiano'),
('A851', 'AR', 'Bibbiena'),
('A852', 'LI', 'Bibbona'),
('A853', 'TO', 'Bibiana'),
('A854', 'FG', 'Biccari'),
('A855', 'UD', 'Bicinicco'),
('A856', 'OR', 'Bidonì'),
('A857', 'VT', 'Blera'),
('A859', 'BI', 'Biella'),
('A861', 'BS', 'Bienno'),
('A863', 'TN', 'Bieno'),
('A864', 'PI', 'Bientina'),
('A870', 'CO', 'Binago'),
('A872', 'MI', 'Binasco'),
('A874', 'BA', 'Binetto'),
('A876', 'BI', 'Bioglio'),
('A877', 'AO', 'Bionaz'),
('A878', 'BS', 'Bione'),
('A880', 'NU', 'Birori'),
('A881', 'AV', 'Bisaccia'),
('A882', 'PA', 'Bisacquino'),
('A883', 'BT', 'Bisceglie'),
('A884', 'AQ', 'Bisegna'),
('A885', 'TE', 'Bisenti'),
('A887', 'CS', 'Bisignano'),
('A889', 'AL', 'Bistagno'),
('A891', 'VA', 'Bisuschio'),
('A892', 'BA', 'Bitetto'),
('A893', 'BA', 'Bitonto'),
('A894', 'BA', 'Bitritto'),
('A895', 'NU', 'Bitti'),
('A896', 'AG', 'Bivona'),
('A897', 'RC', 'Bivongi'),
('A898', 'CO', 'Bizzarone'),
('A902', 'TN', 'Bleggio Superiore'),
('A903', 'BG', 'Blello'),
('A904', 'CO', 'Blessagno'),
('A905', 'CO', 'Blevio'),
('A906', 'PD', 'Boara Pisani'),
('A909', 'PC', 'Bobbio'),
('A910', 'TO', 'Bobbio Pellice'),
('A911', 'NO', 'Boca'),
('A912', 'CS', 'Bocchigliero'),
('A914', 'VC', 'Boccioleto'),
('A916', 'TN', 'Bocenago'),
('A918', 'VA', 'Bodio Lomnago'),
('A919', 'LO', 'Boffalora d`Adda'),
('A920', 'MI', 'Boffalora sopra Ticino'),
('A922', 'GE', 'Bogliasco'),
('A925', 'VB', 'Bognanco'),
('A929', 'NO', 'Bogogno'),
('A930', 'CB', 'Bojano'),
('A931', 'SV', 'Boissano'),
('A932', 'SP', 'Bolano'),
('A937', 'BG', 'Bolgare'),
('A940', 'MI', 'Bollate'),
('A941', 'TO', 'Bollengo'),
('A942', 'MT', 'Nova Siri'),
('A944', 'BO', 'Bologna'),
('A945', 'PE', 'Bolognano'),
('A946', 'PA', 'Bolognetta'),
('A947', 'MC', 'Bolognola'),
('A948', 'NU', 'Bolotana'),
('A949', 'VT', 'Bolsena'),
('A950', 'BG', 'Boltiere'),
('A953', 'NO', 'Bolzano Novarese'),
('A954', 'VI', 'Bolzano Vicentino'),
('A955', 'VT', 'Bomarzo'),
('A956', 'CH', 'Bomba'),
('A957', 'CL', 'Bompensiere'),
('A958', 'PA', 'Bompietro'),
('A959', 'MO', 'Bomporto'),
('A960', 'OR', 'Bonarcado'),
('A961', 'SP', 'Bonassola'),
('A962', 'BG', 'Bonate Sotto'),
('A963', 'BG', 'Bonate Sopra'),
('A964', 'VR', 'Bonavigo'),
('A965', 'FE', 'Bondeno'),
('A968', 'TN', 'Bondone'),
('A970', 'BN', 'Bonea'),
('A971', 'CB', 'Bonefro'),
('A972', 'CR', 'Bonemerse'),
('A973', 'CS', 'Bonifati'),
('A975', 'AV', 'Bonito'),
('A976', 'SS', 'Bonnanaro'),
('A977', 'SS', 'Bono'),
('A978', 'SS', 'Bonorva'),
('A979', 'CN', 'Bonvicino'),
('A981', 'RI', 'Borbona'),
('A982', 'BL', 'Borca di Cadore'),
('A983', 'UD', 'Bordano'),
('A984', 'IM', 'Bordighera'),
('A986', 'CR', 'Bordolano'),
('A987', 'PR', 'Bore'),
('A988', 'RE', 'Boretto'),
('A989', 'PV', 'Borgarello'),
('A990', 'TO', 'Borgaro Torinese'),
('A991', 'PA', 'Borgetto'),
('A992', 'SP', 'Borghetto di Vara'),
('A993', 'IM', 'Borghetto d`Arroscia'),
('A995', 'LO', 'Borghetto Lodigiano'),
('A996', 'RI', 'Borgo Velino'),
('A998', 'AL', 'Borghetto di Borbera'),
('A999', 'SV', 'Borghetto Santo Spirito'),
('amogus', 'AL', 'sussy'),
('B001', 'FC', 'Borghi'),
('B002', 'CZ', 'Borgia'),
('B003', 'TO', 'Borgiallo'),
('B005', 'SV', 'Borgio Verezzi'),
('B006', 'TN', 'Borgo Valsugana'),
('B007', 'LU', 'Borgo a Mozzano'),
('B008', 'RI', 'Borgorose'),
('B009', 'VC', 'Borgo d`Ale'),
('B010', 'BG', 'Borgo di Terzo'),
('B012', 'MN', 'Motteggiana'),
('B014', 'PV', 'Suardi'),
('B015', 'TO', 'Borgofranco d`Ivrea'),
('B016', 'NO', 'Borgolavezzaro'),
('B017', 'LO', 'Borgo San Giovanni'),
('B018', 'CN', 'Borgomale'),
('B019', 'NO', 'Borgomanero'),
('B020', 'IM', 'Borgomaro'),
('B021', 'TO', 'Borgomasino'),
('B024', 'TO', 'Borgone Susa'),
('B025', 'PC', 'Borgonovo Val Tidone'),
('B026', 'PU', 'Borgo Pace'),
('B028', 'PV', 'Borgo Priolo'),
('B029', 'AL', 'Borgoratto Alessandrino'),
('B030', 'PV', 'Borgoratto Mormorolo'),
('B031', 'PD', 'Borgoricco'),
('B033', 'CN', 'Borgo San Dalmazzo'),
('B034', 'PR', 'Fidenza'),
('B035', 'BS', 'Borgo San Giacomo'),
('B036', 'FI', 'Borgo San Lorenzo'),
('B037', 'AL', 'Borgo San Martino'),
('B038', 'PV', 'Borgo San Siro'),
('B040', 'BS', 'Borgosatollo'),
('B041', 'VC', 'Borgosesia'),
('B042', 'PR', 'Borgo Val di Taro'),
('B043', 'NO', 'Borgo Ticino'),
('B044', 'BO', 'Borgo Tossignano'),
('B046', 'VC', 'Borgo Vercelli'),
('B048', 'SV', 'Bormida'),
('B049', 'SO', 'Bormio'),
('B051', 'PV', 'Bornasco'),
('B054', 'BS', 'Borno'),
('B055', 'OR', 'Boroneddu'),
('B056', 'NU', 'Borore'),
('B057', 'CH', 'Borrello'),
('B058', 'BI', 'Borriana'),
('B061', 'TV', 'Borso del Grappa'),
('B062', 'NU', 'Bortigali'),
('B063', 'SS', 'Bortigiadas'),
('B064', 'SS', 'Borutta'),
('B067', 'GE', 'Borzonasca'),
('B068', 'OR', 'Bosa'),
('B069', 'RO', 'Bosaro'),
('B070', 'VR', 'Boschi Sant`Anna'),
('B071', 'AL', 'Bosco Marengo'),
('B073', 'VR', 'Bosco Chiesanuova'),
('B075', 'TO', 'Bosconero'),
('B076', 'NA', 'Boscoreale'),
('B077', 'NA', 'Boscotrecase'),
('B079', 'CN', 'Bosia'),
('B080', 'AL', 'Bosio'),
('B081', 'LC', 'Bosisio Parini'),
('B082', 'PV', 'Bosnasco'),
('B083', 'BG', 'Bossico'),
('B084', 'CN', 'Bossolasco'),
('B085', 'CZ', 'Botricello'),
('B086', 'LE', 'Botrugno'),
('B088', 'BG', 'Bottanuco'),
('B091', 'BS', 'Botticino'),
('B094', 'SS', 'Bottidda'),
('B097', 'RC', 'Bova'),
('B098', 'RC', 'Bovalino'),
('B099', 'RC', 'Bova Marina'),
('B100', 'BS', 'Bovegno'),
('B101', 'CN', 'Boves'),
('B102', 'BS', 'Bovezzo'),
('B104', 'FG', 'Bovino'),
('B105', 'MB', 'Bovisio-Masciago'),
('B106', 'PD', 'Bovolenta'),
('B107', 'VR', 'Bovolone'),
('B109', 'AL', 'Bozzole'),
('B110', 'MN', 'Bozzolo'),
('B111', 'CN', 'Bra'),
('B112', 'BG', 'Bracca'),
('B114', 'RM', 'Bracciano'),
('B115', 'SA', 'Bracigliano'),
('B117', 'PV', 'Brallo di Pregola'),
('B118', 'RC', 'Brancaleone'),
('B120', 'BS', 'Brandico'),
('B121', 'TO', 'Brandizzo'),
('B123', 'BG', 'Branzi'),
('B124', 'BS', 'Braone'),
('B126', 'VA', 'Brebbia'),
('B128', 'TV', 'Breda di Piave'),
('B129', 'CR', 'Castelverde'),
('B132', 'VI', 'Breganze'),
('B134', 'CO', 'Bregnano'),
('B137', 'BG', 'Brembate'),
('B138', 'BG', 'Brembate di Sopra'),
('B141', 'LO', 'Brembio'),
('B142', 'PV', 'Breme'),
('B143', 'VI', 'Brendola'),
('B144', 'CO', 'Brenna'),
('B149', 'BS', 'Breno'),
('B150', 'VA', 'Brenta'),
('B152', 'VR', 'Brentino Belluno'),
('B153', 'TN', 'Brentonico'),
('B154', 'VR', 'Brenzone sul Garda'),
('B156', 'RE', 'Brescello'),
('B157', 'BS', 'Brescia'),
('B158', 'TN', 'Bresimo'),
('B159', 'PV', 'Bressana Bottarone'),
('B161', 'VI', 'Bressanvido'),
('B162', 'MI', 'Bresso'),
('B166', 'VA', 'Brezzo di Bedero'),
('B167', 'CN', 'Briaglia'),
('B169', 'VV', 'Briatico'),
('B171', 'TO', 'Bricherasio'),
('B172', 'CO', 'Brienno'),
('B173', 'PZ', 'Brienza'),
('B175', 'CN', 'Briga Alta'),
('B176', 'NO', 'Briga Novarese'),
('B178', 'BG', 'Brignano Gera d`Adda'),
('B179', 'AL', 'Brignano-Frascata'),
('B180', 'BR', 'Brindisi'),
('B181', 'PZ', 'Brindisi Montagna'),
('B182', 'VA', 'Brinzio'),
('B183', 'NO', 'Briona'),
('B184', 'BS', 'Brione'),
('B187', 'MB', 'Briosco'),
('B188', 'RA', 'Brisighella'),
('B191', 'VA', 'Brissago-Valtravaglia'),
('B192', 'AO', 'Brissogne'),
('B193', 'PE', 'Brittoli'),
('B194', 'LC', 'Brivio'),
('B195', 'FR', 'Broccostella'),
('B196', 'VI', 'Brogliano'),
('B197', 'VV', 'Brognaturo'),
('B198', 'ME', 'Brolo'),
('B200', 'CN', 'Brondello'),
('B201', 'PV', 'Broni'),
('B202', 'CT', 'Bronte'),
('B204', 'CN', 'Brossasco'),
('B205', 'TO', 'Brosso'),
('B207', 'VB', 'Brovello-Carpugnino'),
('B209', 'TO', 'Brozolo'),
('B212', 'MB', 'Brugherio'),
('B213', 'PD', 'Brugine'),
('B214', 'SP', 'Brugnato'),
('B215', 'PN', 'Brugnera'),
('B216', 'TO', 'Bruino'),
('B217', 'BG', 'Brumano'),
('B218', 'CO', 'Brunate'),
('B219', 'VA', 'Brunello'),
('B221', 'AT', 'Bruno'),
('B223', 'BG', 'Brusaporto'),
('B225', 'TO', 'Brusasco'),
('B227', 'NA', 'Brusciano'),
('B228', 'VA', 'Brusimpiano'),
('B229', 'BI', 'Brusnengo'),
('B230', 'AO', 'Brusson'),
('B232', 'TO', 'Bruzolo'),
('B234', 'RC', 'Bruzzano Zeffirio'),
('B235', 'MI', 'Bubbiano'),
('B236', 'AT', 'Bubbio'),
('B237', 'SR', 'Buccheri'),
('B238', 'CH', 'Bucchianico'),
('B239', 'BN', 'Bucciano'),
('B240', 'MI', 'Buccinasco'),
('B242', 'SA', 'Buccino'),
('B243', 'AR', 'Bucine'),
('B246', 'SS', 'Buddusò'),
('B247', 'PN', 'Budoia'),
('B248', 'SS', 'Budoni'),
('B249', 'BO', 'Budrio'),
('B250', 'SU', 'Buggerru'),
('B251', 'PT', 'Buggiano'),
('B255', 'SO', 'Buglio in Monte'),
('B256', 'AQ', 'Bugnara'),
('B258', 'VA', 'Buguggiate'),
('B259', 'UD', 'Buja'),
('B261', 'LC', 'Bulciago'),
('B262', 'CO', 'Bulgarograsso'),
('B264', 'SS', 'Bultei'),
('B265', 'SS', 'Bulzi'),
('B266', 'SA', 'Buonabitacolo'),
('B267', 'BN', 'Buonalbergo'),
('B268', 'CH', 'Montebello sul Sangro'),
('B269', 'SI', 'Buonconvento'),
('B270', 'CS', 'Buonvicino'),
('B272', 'MB', 'Burago di Molgora'),
('B274', 'SU', 'Burcei'),
('B275', 'AG', 'Burgio'),
('B276', 'SS', 'Burgos'),
('B278', 'TO', 'Buriasco'),
('B279', 'TO', 'Burolo'),
('B280', 'VC', 'Buronzo'),
('B281', 'OR', 'Busachi'),
('B282', 'GE', 'Busalla'),
('B284', 'TO', 'Busano'),
('B285', 'CN', 'Busca'),
('B286', 'MI', 'Buscate'),
('B287', 'SR', 'Buscemi'),
('B288', 'TP', 'Buseto Palizzolo'),
('B289', 'MB', 'Busnago'),
('B292', 'MI', 'Bussero'),
('B293', 'PR', 'Busseto'),
('B294', 'PE', 'Bussi sul Tirino'),
('B295', 'CB', 'Busso'),
('B296', 'VR', 'Bussolengo'),
('B297', 'TO', 'Bussoleno'),
('B300', 'VA', 'Busto Arsizio'),
('B301', 'MI', 'Busto Garolfo'),
('B302', 'CL', 'Butera'),
('B303', 'PI', 'Buti'),
('B304', 'VR', 'Buttapietra'),
('B305', 'TO', 'Buttigliera Alta'),
('B306', 'AT', 'Buttigliera d`Asti'),
('B309', 'UD', 'Buttrio'),
('B310', 'BG', 'San Paolo d`Argon'),
('B311', 'AL', 'Cabella Ligure'),
('B312', 'VA', 'Castello Cabiaglio'),
('B313', 'CO', 'Cabiate'),
('B314', 'OR', 'Cabras'),
('B315', 'PA', 'Caccamo'),
('B317', 'IS', 'Poggio Sannita'),
('B319', 'KR', 'Caccuri'),
('B326', 'VA', 'Cadegliano-Viconago'),
('B328', 'RE', 'Cadelbosco di Sopra'),
('B332', 'PC', 'Cadeo'),
('B335', 'TN', 'Caderzone Terme'),
('B345', 'PD', 'Cadoneghe'),
('B346', 'CO', 'Cadorago'),
('B349', 'TV', 'Caerano di San Marco'),
('B350', 'TO', 'Cafasse'),
('B351', 'SA', 'Caggiano'),
('B352', 'PU', 'Cagli'),
('B354', 'CA', 'Cagliari'),
('B355', 'CO', 'Caglio'),
('B357', 'FG', 'Cagnano Varano'),
('B358', 'AQ', 'Cagnano Amiterno'),
('B361', 'CE', 'Caianello'),
('B362', 'CE', 'Caiazzo'),
('B365', 'BS', 'Caino'),
('B366', 'SO', 'Caiolo'),
('B367', 'AV', 'Cairano'),
('B368', 'VA', 'Cairate'),
('B369', 'SV', 'Cairo Montenotte'),
('B371', 'NA', 'Caivano'),
('B374', 'AV', 'Calabritto'),
('B375', 'BL', 'Calalzo di Cadore'),
('B376', 'AT', 'Calamandrana'),
('B377', 'AG', 'Calamonaci'),
('B378', 'SS', 'Calangianus'),
('B379', 'RC', 'Calanna'),
('B380', 'VB', 'Calasca-Castiglione'),
('B381', 'EN', 'Calascibetta'),
('B382', 'AQ', 'Calascio'),
('B383', 'SU', 'Calasetta'),
('B384', 'CT', 'Calatabiano'),
('B385', 'TP', 'Calatafimi-Segesta'),
('B387', 'PV', 'Lungavilla'),
('B388', 'VT', 'Calcata'),
('B389', 'TN', 'Calceranica al Lago'),
('B390', 'PI', 'Calci'),
('B391', 'MT', 'Calciano'),
('B392', 'PI', 'Calcinaia'),
('B393', 'BG', 'Calcinate'),
('B394', 'BS', 'Calcinato'),
('B395', 'BG', 'Calcio'),
('B396', 'LC', 'Calco'),
('B398', 'MC', 'Caldarola'),
('B399', 'BO', 'Calderara di Reno'),
('B400', 'TN', 'Caldes'),
('B402', 'VR', 'Caldiero'),
('B403', 'VI', 'Caldogno'),
('B404', 'TN', 'Caldonazzo'),
('B405', 'PC', 'Calendasco'),
('B406', 'FI', 'Calenzano'),
('B408', 'PR', 'Calestano'),
('B409', 'SV', 'Calice Ligure'),
('B410', 'SP', 'Calice al Cornoviglio'),
('B413', 'LE', 'Calimera'),
('B415', 'AV', 'Calitri'),
('B416', 'SV', 'Calizzano'),
('B417', 'BI', 'Callabiana'),
('B418', 'AT', 'Calliano Monferrato'),
('B419', 'TN', 'Calliano'),
('B423', 'LC', 'Calolziocorte'),
('B424', 'CS', 'Calopezzati'),
('B425', 'AT', 'Calosso'),
('B426', 'CS', 'Caloveto'),
('B427', 'AG', 'Caltabellotta'),
('B428', 'CT', 'Caltagirone'),
('B429', 'CL', 'Caltanissetta'),
('B430', 'PA', 'Caltavuturo'),
('B431', 'NO', 'Caltignaga'),
('B432', 'RO', 'Calto'),
('B433', 'VI', 'Caltrano'),
('B434', 'BG', 'Calusco d`Adda'),
('B435', 'TO', 'Caluso'),
('B436', 'BS', 'Calvagese della Riviera'),
('B437', 'SA', 'Calvanico'),
('B439', 'CR', 'Calvatone'),
('B440', 'PZ', 'Calvello'),
('B441', 'VI', 'Calvene'),
('B442', 'BG', 'Calvenzano'),
('B443', 'PZ', 'Calvera'),
('B444', 'BN', 'Calvi'),
('B445', 'CE', 'Calvi Risorta'),
('B446', 'TR', 'Calvi dell`Umbria'),
('B447', 'PV', 'Calvignano'),
('B448', 'MI', 'Calvignasco'),
('B450', 'BS', 'Calvisano'),
('B452', 'NA', 'Calvizzano'),
('B453', 'AL', 'Camagna Monferrato'),
('B455', 'LU', 'Camaiore'),
('B457', 'BI', 'Camandona'),
('B460', 'AG', 'Camastra'),
('B461', 'MI', 'Cambiago'),
('B462', 'TO', 'Cambiano'),
('B463', 'VB', 'Cambiasca'),
('B465', 'BI', 'Camburzano'),
('B466', 'IS', 'Sant`Elena Sannita'),
('B467', 'CN', 'Camerana'),
('B468', 'AN', 'Camerano'),
('B469', 'AT', 'Camerano Casasco'),
('B470', 'AN', 'Camerata Picena'),
('B471', 'BG', 'Camerata Cornello'),
('B472', 'RM', 'Camerata Nuova'),
('B473', 'NO', 'Cameri'),
('B474', 'MC', 'Camerino'),
('B476', 'SA', 'Camerota'),
('B477', 'CE', 'Camigliano'),
('B481', 'RC', 'Camini'),
('B482', 'AL', 'Camino'),
('B483', 'UD', 'Camino al Tagliamento'),
('B484', 'CR', 'Camisano'),
('B485', 'VI', 'Camisano Vicentino'),
('B486', 'AG', 'Cammarata'),
('B490', 'GE', 'Camogli'),
('B491', 'AO', 'Chamois'),
('B492', 'SA', 'Campagna'),
('B493', 'VE', 'Campagna Lupia'),
('B494', 'CE', 'Castel Campagnano'),
('B496', 'RM', 'Campagnano di Roma'),
('B497', 'GR', 'Campagnatico'),
('B498', 'CR', 'Campagnola Cremasca'),
('B499', 'RE', 'Campagnola Emilia'),
('B500', 'CS', 'Campana'),
('B501', 'MB', 'Camparada'),
('B502', 'RE', 'Campegine'),
('B504', 'PG', 'Campello sul Clitunno'),
('B505', 'VC', 'Campertogno'),
('B506', 'LE', 'Campi Salentina'),
('B507', 'FI', 'Campi Bisenzio'),
('B509', 'LI', 'Campiglia Marittima'),
('B510', 'TO', 'Valprato Soana'),
('B511', 'VI', 'Campiglia dei Berici'),
('B512', 'TO', 'Campiglione Fenile'),
('B513', 'CO', 'Campione d`Italia'),
('B514', 'TN', 'Campitello di Fassa'),
('B515', 'TE', 'Campli'),
('B516', 'RC', 'Campo Calabro'),
('B519', 'CB', 'Campobasso'),
('B520', 'AG', 'Campobello di Licata'),
('B521', 'TP', 'Campobello di Mazara'),
('B522', 'CB', 'Campochiaro'),
('B524', 'PD', 'Campodarsego'),
('B525', 'TN', 'Campodenno'),
('B526', 'AQ', 'Campo di Giove'),
('B527', 'LT', 'Campodimele'),
('B528', 'CB', 'Campodipietra'),
('B530', 'SO', 'Campodolcino'),
('B531', 'PD', 'Campodoro'),
('B532', 'PA', 'Campofelice di Roccella'),
('B533', 'PA', 'Campofelice di Fitalia'),
('B534', 'FM', 'Campofilone'),
('B535', 'PA', 'Campofiorito'),
('B536', 'UD', 'Campoformido'),
('B537', 'CL', 'Campofranco'),
('B538', 'GE', 'Campo Ligure'),
('B539', 'MO', 'Campogalliano'),
('B540', 'AO', 'Champorcher'),
('B541', 'BN', 'Campolattaro'),
('B542', 'BN', 'Campoli del Monte Taburno'),
('B543', 'FR', 'Campoli Appennino'),
('B544', 'CB', 'Campolieto'),
('B546', 'VE', 'Campolongo Maggiore'),
('B549', 'PZ', 'Campomaggiore'),
('B550', 'CB', 'Campomarino'),
('B551', 'GE', 'Campomorone'),
('B553', 'LI', 'Campo nell`Elba'),
('B554', 'VE', 'Camponogara'),
('B555', 'SA', 'Campora'),
('B556', 'PA', 'Camporeale'),
('B557', 'LU', 'Camporgiano'),
('B559', 'IM', 'Camporosso'),
('B561', 'CT', 'Camporotondo Etneo'),
('B562', 'MC', 'Camporotondo di Fiastrone'),
('B563', 'PD', 'Camposampiero'),
('B564', 'PD', 'Campo San Martino'),
('B565', 'NA', 'Camposano'),
('B566', 'MO', 'Camposanto'),
('B567', 'PV', 'Campospinoso Albaredo'),
('B569', 'AQ', 'Campotosto'),
('B572', 'BO', 'Camugnano'),
('B573', 'CN', 'Canale'),
('B574', 'BL', 'Canale d`Agordo'),
('B576', 'RM', 'Canale Monterano'),
('B577', 'TN', 'Canal San Bovo'),
('B578', 'RO', 'Canaro'),
('B579', 'TN', 'Canazei'),
('B580', 'PZ', 'Cancellara'),
('B581', 'CE', 'Cancello ed Arnone'),
('B582', 'RO', 'Canda'),
('B584', 'FG', 'Candela'),
('B586', 'BI', 'Candelo'),
('B587', 'PV', 'Candia Lomellina'),
('B588', 'TO', 'Candia Canavese'),
('B589', 'PD', 'Candiana'),
('B590', 'AV', 'Candida'),
('B591', 'RC', 'Candidoni'),
('B592', 'TO', 'Candiolo'),
('B593', 'MI', 'Canegrate'),
('B594', 'AT', 'Canelli'),
('B595', 'RI', 'Orvinio'),
('B597', 'VT', 'Canepina'),
('B598', 'PN', 'Caneva'),
('B602', 'AG', 'Canicattì'),
('B603', 'SR', 'Canicattini Bagni'),
('B604', 'VT', 'Canino'),
('B605', 'TO', 'Canischio'),
('B606', 'AQ', 'Canistro'),
('B607', 'CS', 'Canna'),
('B608', 'SA', 'Cannalonga'),
('B609', 'PG', 'Cannara'),
('B610', 'VB', 'Cannero Riviera'),
('B612', 'MN', 'Canneto sull`Oglio'),
('B613', 'PV', 'Canneto Pavese'),
('B615', 'VB', 'Cannobio'),
('B616', 'LE', 'Cannole'),
('B617', 'RC', 'Canolo'),
('B618', 'BG', 'Canonica d`Adda'),
('B619', 'BT', 'Canosa di Puglia'),
('B620', 'CH', 'Canosa Sannita'),
('B621', 'CN', 'Canosio'),
('B624', 'AQ', 'Cansano'),
('B626', 'PO', 'Cantagallo'),
('B627', 'RI', 'Cantalice'),
('B628', 'TO', 'Cantalupa'),
('B629', 'AL', 'Cantalupo Ligure'),
('B630', 'IS', 'Cantalupo nel Sannio'),
('B631', 'RI', 'Cantalupo in Sabina'),
('B632', 'RM', 'Mandela'),
('B633', 'AT', 'Cantarana'),
('B634', 'VA', 'Cantello'),
('B635', 'RM', 'Canterano'),
('B636', 'PU', 'Cantiano'),
('B637', 'TO', 'Cantoira'),
('B639', 'CO', 'Cantù'),
('B640', 'TE', 'Canzano'),
('B641', 'CO', 'Canzo'),
('B642', 'VE', 'Caorle'),
('B643', 'PC', 'Caorso'),
('B644', 'SA', 'Capaccio Paestum'),
('B645', 'PA', 'Capaci'),
('B646', 'GR', 'Capalbio'),
('B647', 'PI', 'Capannoli'),
('B648', 'LU', 'Capannori'),
('B649', 'RM', 'Capena'),
('B650', 'CR', 'Capergnanica'),
('B651', 'AQ', 'Capestrano'),
('B653', 'CO', 'Capiago Intimiano'),
('B655', 'VV', 'Capistrano'),
('B656', 'AQ', 'Capistrello'),
('B658', 'AQ', 'Capitignano'),
('B660', 'ME', 'Capizzi'),
('B661', 'BG', 'Capizzone'),
('B662', 'BL', 'Ponte nelle Alpi'),
('B663', 'VT', 'Capodimonte'),
('B664', 'BS', 'Capo di Ponte'),
('B666', 'ME', 'Capo d`Orlando'),
('B667', 'CE', 'Capodrise'),
('B669', 'LI', 'Capoliveri'),
('B670', 'AR', 'Capolona'),
('B671', 'MB', 'Caponago'),
('B672', 'AQ', 'Caporciano'),
('B674', 'AV', 'Caposele'),
('B675', 'CA', 'Capoterra'),
('B676', 'BS', 'Capovalle'),
('B677', 'AQ', 'Cappadocia'),
('B678', 'TV', 'Cappella Maggiore'),
('B679', 'CR', 'Cappella Cantone'),
('B680', 'CR', 'Cappella de` Picenardi'),
('B681', 'PE', 'Cappelle sul Tavo'),
('B682', 'IS', 'Capracotta'),
('B684', 'FI', 'Capraia e Limite'),
('B685', 'LI', 'Capraia Isola'),
('B686', 'CR', 'Capralba'),
('B687', 'RM', 'Capranica Prenestina'),
('B688', 'VT', 'Capranica'),
('B689', 'BO', 'Marzabotto'),
('B690', 'LE', 'Caprarica di Lecce'),
('B691', 'VT', 'Caprarola'),
('B692', 'CN', 'Caprauna'),
('B693', 'AR', 'Caprese Michelangelo'),
('B694', 'VB', 'Caprezzo'),
('B695', 'ME', 'Capri Leone'),
('B696', 'NA', 'Capri'),
('B697', 'TN', 'Capriana'),
('B698', 'BS', 'Capriano del Colle'),
('B701', 'AL', 'Capriata d`Orba'),
('B703', 'BG', 'Capriate San Gervasio'),
('B704', 'CE', 'Capriati a Volturno'),
('B705', 'TO', 'Caprie'),
('B706', 'AV', 'Capriglia Irpina'),
('B707', 'AT', 'Capriglio'),
('B708', 'BI', 'Caprile'),
('B709', 'VR', 'Caprino Veronese'),
('B710', 'BG', 'Caprino Bergamasco'),
('B711', 'BS', 'Capriolo'),
('B712', 'GO', 'Capriva del Friuli'),
('B715', 'CE', 'Capua'),
('B716', 'BA', 'Capurso'),
('B717', 'CZ', 'Caraffa di Catanzaro'),
('B718', 'RC', 'Caraffa del Bianco'),
('B719', 'CN', 'Caraglio'),
('B720', 'CN', 'Caramagna Piemonte'),
('B722', 'PE', 'Caramanico Terme'),
('B724', 'FG', 'Carapelle'),
('B725', 'AQ', 'Carapelle Calvisio'),
('B726', 'GE', 'Carasco'),
('B727', 'AP', 'Carassai'),
('B729', 'MB', 'Carate Brianza'),
('B730', 'CO', 'Carate Urio'),
('B731', 'BG', 'Caravaggio'),
('B732', 'VA', 'Caravate'),
('B733', 'TO', 'Caravino'),
('B734', 'IM', 'Caravonica'),
('B735', 'VT', 'Carbognano'),
('B736', 'AL', 'Carbonara Scrivia'),
('B738', 'SU', 'Villasimius'),
('B740', 'NA', 'Carbonara di Nola'),
('B741', 'PV', 'Carbonara al Ticino'),
('B742', 'CO', 'Carbonate'),
('B743', 'PZ', 'Carbone'),
('B744', 'TV', 'Carbonera'),
('B745', 'SU', 'Carbonia'),
('B748', 'SV', 'Carcare'),
('B752', 'VC', 'Carcoforo'),
('B754', 'VA', 'Cardano al Campo'),
('B755', 'CN', 'Cardè'),
('B756', 'RC', 'Cardeto'),
('B758', 'CZ', 'Cardinale'),
('B759', 'NA', 'Cardito'),
('B760', 'LU', 'Careggine'),
('B762', 'TO', 'Carema'),
('B763', 'LC', 'Carenno'),
('B765', 'AL', 'Carentino'),
('B766', 'RC', 'Careri'),
('B767', 'VC', 'Caresana'),
('B768', 'VC', 'Caresanablot'),
('B769', 'AL', 'Carezzano'),
('B771', 'KR', 'Carfizzi'),
('B772', 'SS', 'Cargeghe'),
('B774', 'CS', 'Cariati'),
('B776', 'AV', 'Carife'),
('B777', 'TO', 'Carignano'),
('B778', 'CO', 'Carimate'),
('B779', 'CE', 'Carinaro'),
('B780', 'PA', 'Carini'),
('B781', 'CE', 'Carinola'),
('B782', 'VC', 'Carisio'),
('B783', 'TN', 'Carisolo'),
('B784', 'FG', 'Carlantino'),
('B785', 'CO', 'Carlazzo'),
('B787', 'SR', 'Carlentini'),
('B788', 'UD', 'Carlino'),
('B789', 'SU', 'Carloforte'),
('B790', 'CZ', 'Carlopoli'),
('B791', 'TO', 'Carmagnola'),
('B792', 'LE', 'Carmiano'),
('B794', 'PO', 'Carmignano'),
('B795', 'PD', 'Carmignano di Brenta'),
('B796', 'VA', 'Carnago'),
('B798', 'MB', 'Carnate'),
('B801', 'BG', 'Carobbio degli Angeli'),
('B802', 'CS', 'Carolei'),
('B803', 'BG', 'Carona'),
('B804', 'ME', 'Caronia'),
('B805', 'VA', 'Caronno Pertusella'),
('B807', 'VA', 'Caronno Varesino'),
('B808', 'TA', 'Carosino'),
('B809', 'BR', 'Carovigno'),
('B810', 'IS', 'Carovilli'),
('B812', 'PC', 'Carpaneto Piacentino'),
('B813', 'CS', 'Carpanzano'),
('B816', 'PU', 'Carpegna'),
('B817', 'BS', 'Carpenedolo'),
('B818', 'AL', 'Carpeneto'),
('B819', 'MO', 'Carpi'),
('B820', 'MI', 'Carpiano'),
('B822', 'LE', 'Carpignano Salentino'),
('B823', 'NO', 'Carpignano Sesia'),
('B824', 'PV', 'Cura Carpignano'),
('B825', 'RE', 'Carpineti'),
('B826', 'CH', 'Carpineto Sinello'),
('B827', 'PE', 'Carpineto della Nora'),
('B828', 'RM', 'Carpineto Romano'),
('B829', 'FG', 'Carpino'),
('B830', 'IS', 'Carpinone'),
('B832', 'MS', 'Carrara'),
('B835', 'VI', 'Carrè'),
('B836', 'AL', 'Carrega Ligure'),
('B838', 'SP', 'Carro'),
('B839', 'SP', 'Carrodano'),
('B840', 'AL', 'Carrosio'),
('B841', 'CN', 'Carrù'),
('B842', 'AQ', 'Carsoli'),
('B844', 'VI', 'Cartigliano'),
('B845', 'CN', 'Cartignano'),
('B846', 'PU', 'Cartoceto'),
('B847', 'AL', 'Cartosio'),
('B848', 'PD', 'Cartura'),
('B850', 'MI', 'Carugate'),
('B851', 'CO', 'Carugo'),
('B853', 'CH', 'Carunchio'),
('B854', 'BG', 'Carvico'),
('B856', 'TN', 'Carzano'),
('B857', 'KR', 'Casabona'),
('B858', 'CB', 'Casacalenda'),
('B859', 'CH', 'Casacanditella'),
('B860', 'CE', 'Casagiove'),
('B861', 'CH', 'Casalanguida'),
('B862', 'FR', 'Casalattico'),
('B864', 'NO', 'Casalbeltrame'),
('B865', 'CH', 'Casalbordino'),
('B866', 'AV', 'Casalbore'),
('B867', 'TO', 'Casalborgone'),
('B868', 'SA', 'Casalbuono'),
('B869', 'CR', 'Casalbuttano ed Uniti'),
('B870', 'AL', 'Casal Cermelli'),
('B871', 'CB', 'Casalciprano'),
('B872', 'CE', 'Casal di Principe'),
('B873', 'BN', 'Casalduni'),
('B875', 'VA', 'Casale Litta'),
('B876', 'VB', 'Casale Corte Cerro'),
('B877', 'PD', 'Casale di Scodosia'),
('B878', 'PI', 'Casale Marittimo'),
('B879', 'TV', 'Casale sul Sile'),
('B880', 'BO', 'Casalecchio di Reno'),
('B881', 'CR', 'Casale Cremasco-Vidolasco'),
('B882', 'AL', 'Casaleggio Boiro'),
('B883', 'NO', 'Casaleggio Novara'),
('B885', 'AL', 'Casale Monferrato'),
('B886', 'VR', 'Casaleone'),
('B887', 'LO', 'Casaletto Lodigiano'),
('B888', 'SA', 'Casaletto Spartano'),
('B889', 'CR', 'Casaletto Ceredano'),
('B890', 'CR', 'Casaletto di Sopra'),
('B891', 'CR', 'Casaletto Vaprio'),
('B892', 'BO', 'Casalfiumanese'),
('B893', 'RE', 'Casalgrande'),
('B894', 'CN', 'Casalgrasso'),
('B895', 'SA', 'Casal Velino'),
('B896', 'CH', 'Casalincontrada'),
('B897', 'NO', 'Casalino'),
('B898', 'CR', 'Casalmaggiore'),
('B899', 'LO', 'Casalmaiocco'),
('B900', 'CR', 'Casalmorano'),
('B901', 'MN', 'Casalmoro'),
('B902', 'AL', 'Casalnoceto'),
('B903', 'CS', 'Villapiana'),
('B904', 'FG', 'Casalnuovo Monterotaro'),
('B905', 'NA', 'Casalnuovo di Napoli'),
('B906', 'PZ', 'San Paolo Albanese'),
('B907', 'MN', 'Casaloldo'),
('B910', 'LO', 'Casalpusterlengo'),
('B911', 'MN', 'Casalromano'),
('B912', 'PD', 'Casalserugo'),
('B914', 'CR', 'Pozzaglio ed Uniti'),
('B915', 'BT', 'Trinitapoli'),
('B916', 'CE', 'Casaluce'),
('B917', 'FG', 'Casalvecchio di Puglia'),
('B918', 'ME', 'Casalvecchio Siculo'),
('B919', 'FR', 'Casalvieri'),
('B920', 'NO', 'Casalvolone'),
('B921', 'VA', 'Casalzuigno'),
('B922', 'NA', 'Casamarciano'),
('B923', 'BA', 'Casamassima'),
('B924', 'NA', 'Casamicciola Terme'),
('B925', 'NA', 'Casandrino'),
('B927', 'SV', 'Casanova Lerrone'),
('B928', 'VC', 'Casanova Elvo'),
('B929', 'PV', 'Casanova Lonati'),
('B932', 'RM', 'Casape'),
('B933', 'BI', 'Casapinta'),
('B934', 'RI', 'Casaprota'),
('B935', 'CE', 'Casapulla'),
('B936', 'LE', 'Casarano'),
('B937', 'LC', 'Casargo'),
('B938', 'MI', 'Casarile'),
('B939', 'GE', 'Casarza Ligure'),
('B940', 'PN', 'Casarsa della Delizia'),
('B941', 'AL', 'Casasco'),
('B943', 'LC', 'Casatenovo'),
('B945', 'PV', 'Casatisma'),
('B946', 'NA', 'Casavatore'),
('B947', 'BG', 'Casazza'),
('B948', 'PG', 'Cascia'),
('B949', 'VA', 'Casciago'),
('B950', 'PI', 'Cascina'),
('B952', 'VC', 'San Giacomo Vercellese'),
('B953', 'TO', 'Cascinette d`Ivrea'),
('B954', 'PV', 'Casei Gerola'),
('B955', 'TO', 'Caselette'),
('B956', 'GE', 'Casella'),
('B958', 'LO', 'Caselle Lurani'),
('B959', 'SA', 'Caselle in Pittari'),
('B960', 'TO', 'Caselle Torinese'),
('B961', 'LO', 'Caselle Landi'),
('B962', 'FI', 'Scandicci'),
('B963', 'CE', 'Caserta'),
('B965', 'TV', 'Casier'),
('B966', 'RC', 'Casignana'),
('B967', 'RE', 'Casina'),
('B968', 'KR', 'Castelsilano'),
('B969', 'BO', 'Castel di Casio'),
('B971', 'BG', 'Casirate d`Adda'),
('B974', 'CO', 'Caslino d`Erba'),
('B977', 'CO', 'Casnate con Bernate'),
('B978', 'BG', 'Casnigo'),
('B979', 'MS', 'Casola in Lunigiana'),
('B980', 'NA', 'Casola di Napoli'),
('B982', 'RA', 'Casola Valsenio'),
('B984', 'SI', 'Casole d`Elsa'),
('B985', 'CH', 'Casoli'),
('B987', 'VA', 'Casorate Sempione'),
('B988', 'PV', 'Casorate Primo'),
('B989', 'MI', 'Casorezzo'),
('B990', 'NA', 'Casoria'),
('B991', 'AT', 'Casorzo Monferrato'),
('B993', 'SO', 'Caspoggio'),
('B994', 'UD', 'Cassacco'),
('B996', 'LC', 'Cassago Brianza'),
('B997', 'AV', 'Cassano Irpino'),
('B998', 'BA', 'Cassano delle Murge'),
('B999', 'VA', 'Cassano Valcuvia'),
('C002', 'CS', 'Cassano all`Ionio'),
('C003', 'MI', 'Cassano d`Adda'),
('C004', 'VA', 'Cassano Magnago'),
('C006', 'SR', 'Cassaro'),
('C007', 'BG', 'Cassiglio'),
('C013', 'MI', 'Pero'),
('C014', 'MI', 'Cassina de` Pecchi'),
('C020', 'CO', 'Cassina Rizzardi'),
('C022', 'AT', 'Cassinasco'),
('C024', 'LC', 'Cassina Valsassina'),
('C027', 'AL', 'Cassine'),
('C030', 'AL', 'Cassinelle'),
('C033', 'MI', 'Cassinetta di Lugagnano'),
('C034', 'FR', 'Cassino'),
('C037', 'VI', 'Cassola'),
('C038', 'PV', 'Cassolnovo'),
('C040', 'TE', 'Castel Castagna'),
('C041', 'VR', 'Castagnaro'),
('C044', 'LI', 'Castagneto Carducci'),
('C045', 'TO', 'Castagneto Po'),
('C046', 'CN', 'Castagnito'),
('C047', 'AT', 'Castagnole Monferrato'),
('C048', 'TO', 'Castagnole Piemonte'),
('C049', 'AT', 'Castagnole delle Lanze'),
('C050', 'PV', 'Castana'),
('C051', 'ME', 'Castell`Umberto'),
('C052', 'MI', 'Castano Primo'),
('C053', 'PV', 'Casteggio'),
('C055', 'BS', 'Castegnato'),
('C056', 'VI', 'Castegnero'),
('C057', 'PD', 'Castelbaldo'),
('C058', 'AV', 'Castel Baronia'),
('C059', 'MN', 'Castelbelforte'),
('C060', 'AN', 'Castelbellino'),
('C063', 'SV', 'Castelbianco'),
('C064', 'AT', 'Castel Boglione'),
('C065', 'RA', 'Castel Bolognese'),
('C066', 'CB', 'Castelbottaccio'),
('C067', 'PA', 'Castelbuono'),
('C069', 'SA', 'Castelcivita'),
('C070', 'FM', 'Servigliano'),
('C072', 'BS', 'Castelcovati'),
('C073', 'TV', 'Castelcucco'),
('C074', 'PA', 'Casteldaccia'),
('C075', 'BO', 'Castel d`Aiano'),
('C076', 'MN', 'Castel d`Ario'),
('C078', 'VR', 'Castel d`Azzano'),
('C079', 'BG', 'Castelli Calepio'),
('C080', 'RN', 'Casteldelci'),
('C081', 'CN', 'Casteldelfino'),
('C082', 'IS', 'Castel del Giudice'),
('C083', 'AQ', 'Castel del Monte'),
('C085', 'GR', 'Castel del Piano'),
('C086', 'BO', 'Castel del Rio'),
('C089', 'CR', 'Casteldidone'),
('C090', 'AQ', 'Castel di Ieri'),
('C091', 'CT', 'Castel di Iudica'),
('C093', 'AP', 'Castel di Lama'),
('C094', 'ME', 'Castel di Lucio'),
('C096', 'AQ', 'Castel di Sangro'),
('C097', 'CE', 'Castel di Sasso'),
('C098', 'RI', 'Castel di Tora'),
('C100', 'AN', 'Castelfidardo'),
('C101', 'FI', 'Castelfiorentino'),
('C102', 'AR', 'Castel Focognano'),
('C104', 'LT', 'Castelforte'),
('C105', 'AV', 'Castelfranci'),
('C106', 'BN', 'Castelfranco in Miscano'),
('C107', 'MO', 'Castelfranco Emilia'),
('C108', 'CS', 'Castrolibero'),
('C110', 'IM', 'Castel Vittorio'),
('C111', 'TV', 'Castelfranco Veneto'),
('C113', 'PI', 'Castelfranco di Sotto'),
('C114', 'CH', 'Castel Frentano'),
('C115', 'CR', 'Castel Gabbiano'),
('C116', 'RM', 'Castel Gandolfo'),
('C117', 'TR', 'Castel Giorgio'),
('C118', 'MN', 'Castel Goffredo'),
('C119', 'VI', 'Castelgomberto'),
('C120', 'PZ', 'Castelgrande'),
('C121', 'BO', 'Castel Guelfo di Bologna'),
('C122', 'RO', 'Castelguglielmo'),
('C123', 'CH', 'Castelguidone'),
('C125', 'SA', 'Castellabate'),
('C126', 'AQ', 'Castellafiume'),
('C127', 'AT', 'Castell`Alfero'),
('C128', 'TE', 'Castellalto'),
('C129', 'NA', 'Castellammare di Stabia'),
('C130', 'TP', 'Castellammare del Golfo'),
('C133', 'TO', 'Castellamonte'),
('C134', 'BA', 'Castellana Grotte'),
('C135', 'PA', 'Castellana Sicula'),
('C136', 'TA', 'Castellaneta'),
('C137', 'AL', 'Castellania Coppi'),
('C139', 'VA', 'Castellanza'),
('C141', 'RE', 'Castellarano'),
('C142', 'AL', 'Castellar Guidobono'),
('C143', 'IM', 'Castellaro'),
('C145', 'PC', 'Castell`Arquato'),
('C147', 'GR', 'Castell`Azzara'),
('C148', 'AL', 'Castellazzo Bormida'),
('C149', 'NO', 'Castellazzo Novarese'),
('C152', 'AN', 'Castelleone di Suasa'),
('C153', 'CR', 'Castelleone'),
('C154', 'AT', 'Castellero'),
('C155', 'BI', 'Castelletto Cervo'),
('C156', 'AL', 'Castelletto d`Erro'),
('C157', 'PV', 'Castelletto di Branduzzo'),
('C158', 'AL', 'Castelletto d`Orba'),
('C160', 'AL', 'Castelletto Merli'),
('C161', 'AT', 'Castelletto Molina'),
('C162', 'AL', 'Castelletto Monferrato'),
('C165', 'CN', 'Castelletto Stura'),
('C166', 'NO', 'Castelletto sopra Ticino'),
('C167', 'CN', 'Castelletto Uzzone'),
('C169', 'TE', 'Castelli'),
('C172', 'SI', 'Castellina in Chianti'),
('C173', 'CN', 'Castellinaldo d`Alba'),
('C174', 'PI', 'Castellina Marittima'),
('C175', 'CB', 'Castellino del Biferno'),
('C176', 'CN', 'Castellino Tanaro'),
('C177', 'FR', 'Castelliri'),
('C178', 'CE', 'Castello del Matese'),
('C181', 'VA', 'Castelveccana'),
('C183', 'TN', 'Castel Condino'),
('C184', 'PV', 'Castello d`Agogna'),
('C185', 'BO', 'Castello d`Argile'),
('C186', 'SO', 'Castello dell`Acqua'),
('C187', 'LC', 'Castello di Brianza'),
('C188', 'NA', 'Castello di Cisterna'),
('C189', 'TN', 'Castello-Molina di Fiemme'),
('C190', 'TV', 'Castello di Godego'),
('C194', 'TN', 'Castello Tesino'),
('C195', 'MN', 'Castellucchio'),
('C197', 'CB', 'Castelmauro'),
('C198', 'FG', 'Castelluccio dei Sauri'),
('C199', 'PZ', 'Castelluccio Inferiore'),
('C200', 'IS', 'Castelverrino'),
('C201', 'PZ', 'Castelluccio Superiore'),
('C202', 'FG', 'Castelluccio Valmaggiore'),
('C203', 'RM', 'Castel Madama'),
('C204', 'BO', 'Castel Maggiore'),
('C205', 'CN', 'Castelmagno'),
('C206', 'CO', 'Castelmarte'),
('C207', 'RO', 'Castelmassa'),
('C208', 'BS', 'Castel Mella'),
('C209', 'PZ', 'Castelmezzano'),
('C210', 'ME', 'Castelmola'),
('C211', 'CE', 'Castel Morrone'),
('C213', 'PV', 'Castelnovetto'),
('C214', 'CN', 'Castelnuovo di Ceva'),
('C215', 'RO', 'Castelnovo Bariano'),
('C216', 'TN', 'Castelnuovo'),
('C217', 'PN', 'Castelnovo del Friuli'),
('C218', 'RE', 'Castelnovo di Sotto'),
('C219', 'RE', 'Castelnovo ne` Monti'),
('C220', 'CO', 'Castelnuovo Bozzente'),
('C222', 'FG', 'Castelnuovo della Daunia'),
('C223', 'FR', 'Castelnuovo Parano'),
('C224', 'RI', 'Castelnuovo di Farfa'),
('C225', 'VR', 'Castelnuovo del Garda'),
('C226', 'AT', 'Castelnuovo Belbo'),
('C227', 'SI', 'Castelnuovo Berardenga'),
('C228', 'LO', 'Castelnuovo Bocca d`Adda'),
('C229', 'AL', 'Castelnuovo Bormida'),
('C230', 'AT', 'Castelnuovo Calcea'),
('C231', 'SA', 'Castelnuovo Cilento'),
('C232', 'AT', 'Castelnuovo Don Bosco'),
('C235', 'SA', 'Castelnuovo di Conza'),
('C236', 'LU', 'Castelnuovo di Garfagnana'),
('C237', 'RM', 'Castelnuovo di Porto'),
('C240', 'SP', 'Castelnuovo Magra'),
('C241', 'TO', 'Castelnuovo Nigra'),
('C242', 'MO', 'Castelnuovo Rangone'),
('C243', 'AL', 'Castelnuovo Scrivia'),
('C244', 'PI', 'Castelnuovo di Val di Cecina'),
('C245', 'BN', 'Castelpagano'),
('C246', 'IS', 'Castelpetroso'),
('C247', 'IS', 'Castelpizzuto'),
('C248', 'AN', 'Castelplanio'),
('C250', 'BN', 'Castelpoto'),
('C251', 'MC', 'Castelraimondo'),
('C252', 'PG', 'Castel Ritaldi'),
('C253', 'AT', 'Castel Rocchero'),
('C255', 'BG', 'Castel Rozzone'),
('C259', 'SA', 'Castel San Giorgio'),
('C261', 'PC', 'Castel San Giovanni'),
('C262', 'SA', 'Castel San Lorenzo'),
('C263', 'AR', 'Castel San Niccolò'),
('C265', 'BO', 'Castel San Pietro Terme'),
('C266', 'RM', 'Castel San Pietro Romano'),
('C267', 'MC', 'Castelsantangelo sul Nera'),
('C268', 'RI', 'Castel Sant`Angelo'),
('C269', 'VT', 'Castel Sant`Elia'),
('C270', 'IS', 'Castel San Vincenzo'),
('C271', 'PZ', 'Castelsaraceno'),
('C272', 'SS', 'Castelsardo'),
('C273', 'VA', 'Castelseprio'),
('C274', 'AL', 'Castelspina'),
('C275', 'AG', 'Casteltermini'),
('C276', 'SV', 'Castelvecchio di Rocca Barbena'),
('C278', 'AQ', 'Castelvecchio Calvisio'),
('C279', 'AQ', 'Castelvecchio Subequo'),
('C280', 'BN', 'Castelvenere'),
('C282', 'AO', 'Verrès'),
('C283', 'AV', 'Castelvetere sul Calore'),
('C284', 'BN', 'Castelvetere in Val Fortore'),
('C285', 'RC', 'Caulonia'),
('C286', 'TP', 'Castelvetrano'),
('C287', 'MO', 'Castelvetro di Modena'),
('C288', 'PC', 'Castelvetro Piacentino'),
('C289', 'TR', 'Castel Viscardo'),
('C290', 'CR', 'Castelvisconti'),
('C291', 'CE', 'Castel Volturno'),
('C292', 'BO', 'Castenaso'),
('C293', 'BS', 'Castenedolo');
-- SQLINES LICENSE FOR EVALUATION USE ONLY
INSERT INTO comune (codice, provincia, nome) VALUES
('C294', 'AO', 'Châtillon'),
('C296', 'BO', 'Castiglione dei Pepoli'),
('C297', 'CT', 'Castiglione di Sicilia'),
('C298', 'CH', 'Castiglione Messer Marino'),
('C300', 'VA', 'Castiglione Olona'),
('C301', 'CS', 'Castiglione Cosentino'),
('C302', 'GE', 'Castiglione Chiavarese'),
('C303', 'LU', 'Castiglione di Garfagnana'),
('C304', 'LO', 'Castiglione d`Adda'),
('C306', 'SA', 'Castiglione del Genovesi'),
('C307', 'TO', 'Castiglione Torinese'),
('C308', 'PE', 'Castiglione a Casauria'),
('C309', 'PG', 'Castiglione del Lago'),
('C310', 'GR', 'Castiglione della Pescaia'),
('C311', 'TE', 'Colledara'),
('C312', 'MN', 'Castiglione delle Stiviere'),
('C313', 'SI', 'Castiglione d`Orcia'),
('C314', 'CN', 'Castiglione Falletto'),
('C315', 'VT', 'Castiglione in Teverina'),
('C316', 'TE', 'Castiglione Messer Raimondo'),
('C317', 'CN', 'Castiglione Tinella'),
('C318', 'AR', 'Castiglion Fibocchi'),
('C319', 'AR', 'Castiglion Fiorentino'),
('C321', 'AP', 'Castignano'),
('C322', 'TE', 'Castilenti'),
('C323', 'CN', 'Castino'),
('C324', 'BG', 'Castione della Presolana'),
('C325', 'SO', 'Castione Andevenno'),
('C327', 'UD', 'Castions di Strada'),
('C329', 'LO', 'Castiraga Vidardo'),
('C330', 'BS', 'Casto'),
('C331', 'AP', 'Castorano'),
('C332', 'BS', 'Castrezzato'),
('C334', 'LE', 'Castri di Lecce'),
('C335', 'LE', 'Castrignano de` Greci'),
('C336', 'LE', 'Castrignano del Capo'),
('C337', 'BG', 'Castro'),
('C338', 'FR', 'Castro dei Volsci'),
('C339', 'FC', 'Castrocaro Terme e Terra del Sole'),
('C340', 'FR', 'Castrocielo'),
('C341', 'AG', 'Castrofilippo'),
('C342', 'EN', 'Enna'),
('C343', 'VA', 'Castronno'),
('C344', 'PA', 'Castronovo di Sicilia'),
('C345', 'PZ', 'Castronuovo di Sant`Andrea'),
('C346', 'CB', 'Castropignano'),
('C347', 'ME', 'Castroreale'),
('C348', 'CS', 'Castroregio'),
('C349', 'CS', 'Castrovillari'),
('C351', 'CT', 'Catania'),
('C352', 'CZ', 'Catanzaro'),
('C353', 'EN', 'Catenanuova'),
('C354', 'PE', 'Catignano'),
('C356', 'AG', 'Cattolica Eraclea'),
('C357', 'RN', 'Cattolica'),
('C359', 'BN', 'Cautano'),
('C360', 'PV', 'Cava Manara'),
('C361', 'SA', 'Cava de` Tirreni'),
('C363', 'BI', 'Cavaglià'),
('C364', 'NO', 'Cavaglietto'),
('C365', 'NO', 'Cavaglio d`Agogna'),
('C369', 'TO', 'Cavagnolo'),
('C370', 'VR', 'Cavaion Veronese'),
('C372', 'TN', 'Cavalese'),
('C375', 'CN', 'Cavallerleone'),
('C376', 'CN', 'Cavallermaggiore'),
('C377', 'LE', 'Cavallino'),
('C378', 'NO', 'Cavallirio'),
('C380', 'TN', 'Cavareno'),
('C381', 'CO', 'Cavargna'),
('C382', 'VA', 'Cavaria con Premezzo'),
('C383', 'VE', 'Cavarzere'),
('C384', 'TV', 'Cavaso del Tomba'),
('C385', 'PN', 'Cavasso Nuovo'),
('C387', 'AL', 'Cavatore'),
('C388', 'VE', 'Jesolo'),
('C389', 'UD', 'Cavazzo Carnico'),
('C390', 'RM', 'Cave'),
('C392', 'TN', 'Cavedago'),
('C393', 'TN', 'Cavedine'),
('C394', 'LO', 'Cavenago d`Adda'),
('C395', 'MB', 'Cavenago di Brianza'),
('C396', 'BG', 'Cavernago'),
('C398', 'MO', 'Cavezzo'),
('C400', 'TN', 'Cavizzana'),
('C404', 'TO', 'Cavour'),
('C405', 'RE', 'Cavriago'),
('C406', 'MN', 'Cavriana'),
('C407', 'AR', 'Cavriglia'),
('C408', 'BS', 'Cazzago San Martino'),
('C409', 'VA', 'Cazzago Brabbia'),
('C410', 'BG', 'Cazzano Sant`Andrea'),
('C412', 'VR', 'Cazzano di Tramigna'),
('C413', 'FR', 'Ceccano'),
('C414', 'PV', 'Cecima'),
('C415', 'LI', 'Cecina'),
('C417', 'BS', 'Cedegolo'),
('C418', 'SO', 'Cedrasco'),
('C420', 'PA', 'Cefalà Diana'),
('C421', 'PA', 'Cefalù'),
('C422', 'VE', 'Ceggia'),
('C424', 'BR', 'Ceglie Messapica'),
('C426', 'AQ', 'Celano'),
('C428', 'CH', 'Celenza sul Trigno'),
('C429', 'FG', 'Celenza Valfortore'),
('C430', 'CS', 'Celico'),
('C432', 'AL', 'Cella Monte'),
('C435', 'CR', 'Cella Dati'),
('C436', 'BA', 'Cellamare'),
('C437', 'CS', 'Cellara'),
('C438', 'AT', 'Cellarengo'),
('C439', 'BS', 'Cellatica'),
('C440', 'AT', 'Celle Enomondo'),
('C441', 'CN', 'Celle di Macra'),
('C442', 'FG', 'Celle di San Vito'),
('C443', 'SV', 'Celle Ligure'),
('C444', 'SA', 'Celle di Bulgheria'),
('C446', 'VT', 'Celleno'),
('C447', 'VT', 'Cellere'),
('C448', 'BR', 'Cellino San Marco'),
('C449', 'TE', 'Cellino Attanasio'),
('C453', 'CZ', 'Cenadi'),
('C456', 'BG', 'Cenate Sopra'),
('C457', 'BG', 'Cenate Sotto'),
('C458', 'BL', 'Cencenighe Agordino'),
('C459', 'BG', 'Cene'),
('C461', 'RO', 'Ceneselli'),
('C463', 'SV', 'Cengio'),
('C466', 'CN', 'Centallo'),
('C469', 'FE', 'Cento'),
('C470', 'SA', 'Centola'),
('C471', 'EN', 'Centuripe'),
('C472', 'CZ', 'Centrache'),
('C474', 'PE', 'Cepagatti'),
('C476', 'BN', 'Ceppaloni'),
('C478', 'VB', 'Ceppo Morelli'),
('C479', 'FR', 'Ceprano'),
('C480', 'EN', 'Cerami'),
('C481', 'GE', 'Ceranesi'),
('C482', 'CO', 'Cerano d`Intelvi'),
('C483', 'NO', 'Cerano'),
('C484', 'PV', 'Ceranova'),
('C485', 'SA', 'Ceraso'),
('C486', 'CB', 'Cercemaggiore'),
('C487', 'TO', 'Cercenasco'),
('C488', 'CB', 'Cercepiccola'),
('C489', 'CS', 'Cerchiara di Calabria'),
('C492', 'AQ', 'Cerchio'),
('C493', 'SO', 'Cercino'),
('C494', 'UD', 'Cercivento'),
('C495', 'NA', 'Cercola'),
('C496', 'PA', 'Cerda'),
('C497', 'TO', 'Ceres'),
('C498', 'VR', 'Cerea'),
('C500', 'RO', 'Ceregnano'),
('C501', 'KR', 'Cerenzia'),
('C502', 'MN', 'Ceresara'),
('C503', 'AL', 'Cereseto'),
('C504', 'CN', 'Ceresole Alba'),
('C505', 'TO', 'Ceresole Reale'),
('C506', 'BG', 'Cerete'),
('C507', 'AL', 'Cerreto Grue'),
('C508', 'PV', 'Ceretto Lomellina'),
('C509', 'PV', 'Cergnago'),
('C510', 'SV', 'Ceriale'),
('C511', 'IM', 'Ceriana'),
('C512', 'MB', 'Ceriano Laghetto'),
('C513', 'PC', 'Cerignale'),
('C514', 'FG', 'Cerignola'),
('C515', 'CS', 'Cerisano'),
('C516', 'CO', 'Cermenate'),
('C517', 'TE', 'Cermignano'),
('C518', 'RM', 'Cerreto Laziale'),
('C520', 'CO', 'Cernobbio'),
('C521', 'LC', 'Cernusco Lombardone'),
('C523', 'MI', 'Cernusco sul Naviglio'),
('C524', 'AN', 'Cerreto d`Esi'),
('C525', 'BN', 'Cerreto Sannita'),
('C527', 'PG', 'Cerreto di Spoleto'),
('C528', 'AT', 'Cerreto d`Asti'),
('C529', 'FI', 'Cerreto Guidi'),
('C530', 'CN', 'Cerretto Langhe'),
('C531', 'AL', 'Cerrina Monferrato'),
('C532', 'BI', 'Cerrione'),
('C533', 'AT', 'Cerro Tanaro'),
('C534', 'IS', 'Cerro al Volturno'),
('C536', 'MI', 'Cerro al Lambro'),
('C537', 'MI', 'Cerro Maggiore'),
('C538', 'VR', 'Cerro Veronese'),
('C539', 'PZ', 'Cersosimo'),
('C540', 'FI', 'Certaldo'),
('C541', 'PV', 'Certosa di Pavia'),
('C542', 'CZ', 'Cerva'),
('C543', 'RM', 'Cervara di Roma'),
('C544', 'PD', 'Cervarese Santa Croce'),
('C545', 'FR', 'Cervaro'),
('C547', 'CN', 'Cervasca'),
('C548', 'VC', 'Cervatto'),
('C549', 'BS', 'Cerveno'),
('C550', 'CN', 'Cervere'),
('C551', 'PV', 'Cervesina'),
('C552', 'RM', 'Cerveteri'),
('C553', 'RA', 'Cervia'),
('C554', 'CS', 'Cervicati'),
('C555', 'LO', 'Cervignano d`Adda'),
('C556', 'UD', 'Cervignano del Friuli'),
('C557', 'AV', 'Cervinara'),
('C558', 'CE', 'Cervino'),
('C559', 'IM', 'Cervo'),
('C560', 'CS', 'Cerzeto'),
('C561', 'CE', 'Cesa'),
('C563', 'LC', 'Cesana Brianza'),
('C564', 'TO', 'Cesana Torinese'),
('C565', 'MI', 'Cesano Boscone'),
('C566', 'MB', 'Cesano Maderno'),
('C567', 'VB', 'Cesara'),
('C568', 'ME', 'Cesarò'),
('C569', 'MI', 'Cesate'),
('C573', 'FC', 'Cesena'),
('C574', 'FC', 'Cesenatico'),
('C576', 'AV', 'Cesinali'),
('C577', 'BL', 'Cesiomaggiore'),
('C578', 'IM', 'Cesio'),
('C580', 'TV', 'Cessalto'),
('C581', 'VV', 'Cessaniti'),
('C582', 'MC', 'Cessapalombo'),
('C583', 'AT', 'Cessole'),
('C584', 'SA', 'Cetara'),
('C585', 'BS', 'Ceto'),
('C587', 'SI', 'Cetona'),
('C588', 'CS', 'Cetraro'),
('C589', 'CN', 'Ceva'),
('C591', 'BS', 'Cevo'),
('C593', 'AO', 'Challand-Saint-Anselme'),
('C594', 'AO', 'Challand-Saint-Victor'),
('C595', 'AO', 'Chambave'),
('C596', 'AO', 'Champdepraz'),
('C598', 'AO', 'Charvensod'),
('C599', 'CN', 'Cherasco'),
('C600', 'SS', 'Cheremule'),
('C604', 'TO', 'Chialamberto'),
('C605', 'VI', 'Chiampo'),
('C606', 'AV', 'Chianche'),
('C608', 'SI', 'Chianciano Terme'),
('C609', 'PI', 'Chianni'),
('C610', 'TO', 'Chianocco'),
('C612', 'RG', 'Chiaramonte Gulfi'),
('C613', 'SS', 'Chiaramonti'),
('C614', 'TV', 'Chiarano'),
('C615', 'AN', 'Chiaravalle'),
('C616', 'CZ', 'Chiaravalle Centrale'),
('C618', 'BS', 'Chiari'),
('C619', 'PZ', 'Chiaromonte'),
('C620', 'IS', 'Chiauci'),
('C621', 'GE', 'Chiavari'),
('C623', 'SO', 'Chiavenna'),
('C624', 'TO', 'Chiaverano'),
('C627', 'TO', 'Chieri'),
('C628', 'SO', 'Chiesa in Valmalenco'),
('C629', 'TO', 'Chiesanuova'),
('C630', 'BL', 'Chies d`Alpago'),
('C631', 'PT', 'Chiesina Uzzanese'),
('C632', 'CH', 'Chieti'),
('C633', 'FG', 'Chieuti'),
('C634', 'CR', 'Chieve'),
('C635', 'BG', 'Chignolo d`Isola'),
('C637', 'PV', 'Chignolo Po'),
('C638', 'VE', 'Chioggia'),
('C639', 'TO', 'Chiomonte'),
('C640', 'PN', 'Chions'),
('C641', 'UD', 'Chiopris-Viscone'),
('C648', 'AR', 'Chitignano'),
('C649', 'BG', 'Chiuduno'),
('C650', 'VI', 'Chiuppano'),
('C651', 'SO', 'Chiuro'),
('C653', 'CN', 'Chiusa di Pesio'),
('C654', 'PA', 'Chiusa Sclafani'),
('C655', 'TO', 'Chiusa di San Michele'),
('C656', 'UD', 'Chiusaforte'),
('C657', 'IM', 'Chiusanico'),
('C658', 'AT', 'Chiusano d`Asti'),
('C659', 'AV', 'Chiusano di San Domenico'),
('C660', 'IM', 'Chiusavecchia'),
('C661', 'SI', 'Chiusdino'),
('C662', 'SI', 'Chiusi'),
('C663', 'AR', 'Chiusi della Verna'),
('C665', 'TO', 'Chivasso'),
('C668', 'AG', 'Cianciana'),
('C669', 'RE', 'Canossa'),
('C670', 'TV', 'Crocetta del Montello'),
('C672', 'BL', 'Cibiana di Cadore'),
('C673', 'GE', 'Cicagna'),
('C674', 'CZ', 'Cicala'),
('C675', 'NA', 'Cicciano'),
('C676', 'SA', 'Cicerale'),
('C677', 'RM', 'Ciciliano'),
('C678', 'CR', 'Cicognolo'),
('C679', 'TO', 'Ciconio'),
('C680', 'VC', 'Cigliano'),
('C681', 'CN', 'Cigliè'),
('C684', 'PV', 'Cigognola'),
('C685', 'BS', 'Cigole'),
('C686', 'PV', 'Cilavegna'),
('C689', 'TV', 'Cimadolmo'),
('C691', 'BS', 'Cimbergo'),
('C695', 'RC', 'Ciminà'),
('C696', 'PA', 'Ciminna'),
('C697', 'NA', 'Cimitile'),
('C698', 'BS', 'Tavernole sul Mella'),
('C699', 'PN', 'Cimolais'),
('C700', 'TN', 'Cimone'),
('C701', 'AT', 'Cinaglio'),
('C702', 'RM', 'Cineto Romano'),
('C703', 'CR', 'Cingia de` Botti'),
('C704', 'MC', 'Cingoli'),
('C705', 'GR', 'Cinigiano'),
('C707', 'MI', 'Cinisello Balsamo'),
('C708', 'PA', 'Cinisi'),
('C709', 'SO', 'Cino'),
('C710', 'RC', 'Cinquefrondi'),
('C711', 'TO', 'Cintano'),
('C712', 'TN', 'Cinte Tesino'),
('C713', 'PD', 'Cinto Euganeo'),
('C714', 'VE', 'Cinto Caomaggiore'),
('C715', 'TO', 'Cinzano'),
('C716', 'CE', 'Ciorlano'),
('C717', 'CS', 'Santa Maria del Cedro'),
('C718', 'IM', 'Cipressa'),
('C719', 'BN', 'Circello'),
('C722', 'TO', 'Ciriè'),
('C723', 'MT', 'Cirigliano'),
('C724', 'CO', 'Cirimido'),
('C725', 'KR', 'Cirò'),
('C726', 'KR', 'Cirò Marina'),
('C727', 'TN', 'Cis'),
('C728', 'BG', 'Cisano Bergamasco'),
('C729', 'SV', 'Cisano sul Neva'),
('C730', 'BG', 'Ciserano'),
('C732', 'VA', 'Cislago'),
('C733', 'MI', 'Cisliano'),
('C735', 'TV', 'Cison di Valmarino'),
('C738', 'CN', 'Cissone'),
('C739', 'AT', 'Cisterna d`Asti'),
('C740', 'LT', 'Cisterna di Latina'),
('C741', 'BR', 'Cisternino'),
('C742', 'PG', 'Citerna'),
('C743', 'PD', 'Cittadella'),
('C744', 'PG', 'Città della Pieve'),
('C745', 'PG', 'Città di Castello'),
('C746', 'RI', 'Cittaducale'),
('C747', 'RC', 'Cittanova'),
('C749', 'RI', 'Cittareale'),
('C750', 'PE', 'Città Sant`Angelo'),
('C751', 'VA', 'Cittiglio'),
('C752', 'LC', 'Civate'),
('C755', 'IM', 'Civezza'),
('C756', 'TN', 'Civezzano'),
('C757', 'VC', 'Civiasco'),
('C758', 'UD', 'Cividale del Friuli'),
('C759', 'BG', 'Cividate al Piano'),
('C760', 'BS', 'Cividate Camuno'),
('C763', 'CS', 'Civita'),
('C764', 'CB', 'Civitacampomarano'),
('C765', 'VT', 'Civita Castellana'),
('C766', 'AQ', 'Civita d`Antino'),
('C767', 'RM', 'Lanuvio'),
('C768', 'CH', 'Civitaluparella'),
('C769', 'IS', 'Civitanova del Sannio'),
('C770', 'MC', 'Civitanova Marche'),
('C771', 'PE', 'Civitaquana'),
('C772', 'CB', 'Duronia'),
('C773', 'RM', 'Civitavecchia'),
('C774', 'AR', 'Civitella in Val di Chiana'),
('C776', 'CH', 'Civitella Messer Raimondo'),
('C777', 'FC', 'Civitella di Romagna'),
('C778', 'AQ', 'Civitella Alfedena'),
('C779', 'PE', 'Civitella Casanova'),
('C780', 'VT', 'Civitella d`Agliano'),
('C781', 'TE', 'Civitella del Tronto'),
('C782', 'GR', 'Civitella Paganico'),
('C783', 'AQ', 'Civitella Roveto'),
('C784', 'RM', 'Civitella San Paolo'),
('C785', 'SO', 'Civo'),
('C787', 'CO', 'Claino con Osteno'),
('C789', 'BG', 'Ubiale Clanezzo'),
('C790', 'PN', 'Claut'),
('C791', 'PN', 'Clauzetto'),
('C792', 'CN', 'Clavesana'),
('C793', 'TO', 'Claviere'),
('C794', 'TN', 'Cles'),
('C795', 'CS', 'Cleto'),
('C796', 'VA', 'Clivio'),
('C800', 'BG', 'Clusone'),
('C801', 'TO', 'Coassolo Torinese'),
('C803', 'TO', 'Coazze'),
('C804', 'AT', 'Coazzolo'),
('C806', 'BS', 'Coccaglio'),
('C807', 'AT', 'Cocconato'),
('C810', 'VA', 'Cocquio-Trevisago'),
('C811', 'AQ', 'Cocullo'),
('C812', 'PD', 'Codevigo'),
('C813', 'PV', 'Codevilla'),
('C814', 'FE', 'Codigoro'),
('C815', 'TV', 'Codognè'),
('C816', 'LO', 'Codogno'),
('C817', 'UD', 'Codroipo'),
('C818', 'SS', 'Codrongianos'),
('C819', 'BI', 'Coggiola'),
('C820', 'MB', 'Cogliate'),
('C821', 'AO', 'Cogne'),
('C823', 'GE', 'Cogoleto'),
('C824', 'VI', 'Cogollo del Cengio'),
('C826', 'GE', 'Cogorno'),
('C829', 'NO', 'Colazza'),
('C835', 'BG', 'Colere'),
('C836', 'FR', 'Colfelice'),
('C838', 'PC', 'Coli'),
('C839', 'LC', 'Colico'),
('C841', 'RI', 'Collalto Sabino'),
('C844', 'AQ', 'Collarmele'),
('C845', 'PG', 'Collazzone'),
('C846', 'BN', 'Colle Sannita'),
('C847', 'SI', 'Colle di Val d`Elsa'),
('C848', 'TV', 'Colle Umberto'),
('C850', 'BS', 'Collebeato'),
('C851', 'LC', 'Colle Brianza'),
('C852', 'PR', 'Collecchio'),
('C853', 'PE', 'Collecorvino'),
('C854', 'CB', 'Colle d`Anchise'),
('C855', 'CH', 'Colledimacine'),
('C856', 'CH', 'Colledimezzo'),
('C857', 'RI', 'Colle di Tora'),
('C858', 'RM', 'Colleferro'),
('C859', 'RI', 'Collegiove'),
('C860', 'TO', 'Collegno'),
('C862', 'AQ', 'Collelongo'),
('C864', 'FR', 'Collepardo'),
('C865', 'LE', 'Collepasso'),
('C866', 'AQ', 'Collepietro'),
('C867', 'TO', 'Colleretto Castelnuovo'),
('C868', 'TO', 'Colleretto Giacosa'),
('C869', 'LI', 'Collesalvetti'),
('C870', 'FR', 'Colle San Magno'),
('C871', 'PA', 'Collesano'),
('C872', 'BL', 'Colle Santa Lucia'),
('C875', 'CB', 'Colletorto'),
('C876', 'RI', 'Collevecchio'),
('C877', 'AP', 'Colli del Tronto'),
('C878', 'IS', 'Colli a Volturno'),
('C879', 'SA', 'Colliano'),
('C880', 'RI', 'Colli sul Velino'),
('C882', 'SU', 'Collinas'),
('C883', 'BS', 'Collio'),
('C884', 'VC', 'Collobiano'),
('C885', 'UD', 'Colloredo di Monte Albano'),
('C886', 'MC', 'Colmurano'),
('C888', 'MT', 'Colobraro'),
('C890', 'VR', 'Cologna Veneta'),
('C893', 'BS', 'Cologne'),
('C894', 'BG', 'Cologno al Serio'),
('C895', 'MI', 'Cologno Monzese'),
('C897', 'VR', 'Colognola ai Colli'),
('C900', 'RM', 'Colonna'),
('C901', 'TE', 'Colonnella'),
('C902', 'CO', 'Colonno'),
('C903', 'SO', 'Colorina'),
('C904', 'PR', 'Colorno'),
('C905', 'CS', 'Colosimi'),
('C908', 'MI', 'Colturano'),
('C910', 'BG', 'Colzate'),
('C911', 'VA', 'Comabbio'),
('C912', 'FE', 'Comacchio'),
('C914', 'MS', 'Comano'),
('C917', 'LO', 'Comazzo'),
('C918', 'UD', 'Comeglians'),
('C919', 'BL', 'Santo Stefano di Cadore'),
('C920', 'BL', 'Comelico Superiore'),
('C922', 'VA', 'Comerio'),
('C925', 'BS', 'Comezzano-Cizzago'),
('C926', 'NO', 'Comignago'),
('C927', 'RG', 'Comiso'),
('C928', 'AG', 'Comitini'),
('C929', 'NA', 'Comiziano'),
('C930', 'MN', 'Commessaggio'),
('C931', 'TN', 'Commezzadura'),
('C933', 'CO', 'Como'),
('C934', 'PR', 'Compiano'),
('C935', 'AP', 'Comunanza'),
('C936', 'CO', 'Valsolda'),
('C937', 'BG', 'Comun Nuovo'),
('C938', 'VE', 'Cona'),
('C939', 'CE', 'Conca della Campania'),
('C940', 'SA', 'Conca dei Marini'),
('C941', 'IS', 'Conca Casale'),
('C943', 'VR', 'Concamarise'),
('C946', 'RI', 'Concerviano'),
('C948', 'BS', 'Concesio'),
('C950', 'VE', 'Concordia Sagittaria'),
('C951', 'MO', 'Concordia sulla Secchia'),
('C952', 'MB', 'Concorezzo'),
('C954', 'RC', 'Condofuri'),
('C955', 'TO', 'Condove'),
('C956', 'ME', 'Condrò'),
('C957', 'TV', 'Conegliano'),
('C958', 'PV', 'Confienza'),
('C959', 'RI', 'Configni'),
('C960', 'CZ', 'Conflenti'),
('C962', 'AL', 'Coniolo'),
('C963', 'RA', 'Conselice'),
('C964', 'PD', 'Conselve'),
('C968', 'PA', 'Contessa Entellina'),
('C969', 'RI', 'Contigliano'),
('C971', 'AV', 'Contrada'),
('C972', 'TE', 'Controguerra'),
('C973', 'SA', 'Controne'),
('C974', 'SA', 'Contursi Terme'),
('C975', 'BA', 'Conversano'),
('C976', 'AV', 'Conza della Campania'),
('C977', 'AL', 'Conzano'),
('C978', 'LE', 'Copertino'),
('C979', 'PV', 'Copiano'),
('C980', 'FE', 'Copparo'),
('C982', 'PV', 'Corana'),
('C983', 'BA', 'Corato'),
('C984', 'SA', 'Corbara'),
('C986', 'MI', 'Corbetta'),
('C987', 'RO', 'Corbola'),
('C988', 'VT', 'Corchiano'),
('C990', 'PG', 'Corciano'),
('C991', 'PN', 'Cordenons'),
('C992', 'TV', 'Cordignano'),
('C993', 'PN', 'Cordovado'),
('C995', 'GE', 'Coreglia Ligure'),
('C996', 'LU', 'Coreglia Antelminelli'),
('C998', 'FR', 'Coreno Ausonio'),
('C999', 'AQ', 'Corfinio'),
('caca', 'AG', 'caca'),
('cacaa', 'AG', 'cacacaca'),
('D003', 'LT', 'Cori'),
('D004', 'RN', 'Coriano'),
('D006', 'LE', 'Corigliano d`Otranto'),
('D007', 'AN', 'Corinaldo'),
('D008', 'TO', 'Corio'),
('D009', 'PA', 'Corleone'),
('D010', 'PZ', 'Corleto Perticara'),
('D011', 'SA', 'Corleto Monforte'),
('D012', 'AO', 'Courmayeur'),
('D013', 'MI', 'Cormano'),
('D014', 'GO', 'Cormons'),
('D015', 'BG', 'Corna Imagna'),
('D016', 'BG', 'Cornalba'),
('D018', 'MI', 'Cornaredo'),
('D019', 'MB', 'Cornate d`Adda'),
('D020', 'VI', 'Cornedo Vicentino'),
('D021', 'LO', 'Cornegliano Laudense'),
('D022', 'CN', 'Corneliano d`Alba'),
('D024', 'VT', 'Tarquinia'),
('D026', 'PR', 'Corniglio'),
('D027', 'UD', 'Corno di Rosazzo'),
('D028', 'LO', 'Corno Giovine'),
('D029', 'LO', 'Cornovecchio'),
('D030', 'TV', 'Cornuda'),
('D033', 'MI', 'Morimondo'),
('D037', 'RE', 'Correggio'),
('D038', 'MB', 'Correzzana'),
('D040', 'PD', 'Correzzola'),
('D041', 'CO', 'Corrido'),
('D042', 'MC', 'Corridonia'),
('D043', 'TE', 'Corropoli'),
('D044', 'LE', 'Corsano'),
('D045', 'MI', 'Corsico'),
('D046', 'AT', 'Corsione'),
('D049', 'CZ', 'Cortale'),
('D050', 'AT', 'Cortandone'),
('D051', 'AT', 'Cortanze'),
('D052', 'AT', 'Cortazzone'),
('D054', 'PC', 'Corte Brugnatella'),
('D056', 'CR', 'Corte de` Cortesi con Cignone'),
('D057', 'CR', 'Corte de` Frati'),
('D058', 'BS', 'Corte Franca'),
('D061', 'PC', 'Cortemaggiore'),
('D062', 'CN', 'Cortemilia'),
('D064', 'BS', 'Corteno Golgi'),
('D065', 'LC', 'Cortenova'),
('D066', 'BG', 'Cortenuova'),
('D068', 'LO', 'Corte Palasio'),
('D072', 'AT', 'Cortiglione'),
('D076', 'TE', 'Cortino'),
('D077', 'AR', 'Cortona'),
('D078', 'PE', 'Corvara'),
('D081', 'PV', 'Corvino San Quirico'),
('D082', 'BS', 'Corzano'),
('D085', 'UD', 'Coseano'),
('D086', 'CS', 'Cosenza'),
('D087', 'IM', 'Cosio d`Arroscia'),
('D088', 'SO', 'Cosio Valtellino'),
('D089', 'RC', 'Cosoleto'),
('D092', 'TO', 'Cossano Canavese'),
('D093', 'CN', 'Cossano Belbo'),
('D094', 'BI', 'Cossato'),
('D095', 'SV', 'Cosseria'),
('D096', 'AP', 'Cossignano'),
('D099', 'VB', 'Cossogno'),
('D100', 'SS', 'Cossoine'),
('D101', 'AT', 'Cossombrato'),
('D102', 'AL', 'Costa Vescovato'),
('D103', 'BG', 'Costa Valle Imagna'),
('D105', 'RO', 'Costa di Rovigo'),
('D107', 'VI', 'Costabissara'),
('D108', 'PG', 'Costacciaro'),
('D109', 'PV', 'Costa de` Nobili'),
('D110', 'BG', 'Costa di Mezzate'),
('D111', 'BG', 'Costa Serina'),
('D112', 'LC', 'Costa Masnaga'),
('D113', 'VC', 'Costanzana'),
('D114', 'IM', 'Costarainera'),
('D117', 'BG', 'Costa Volpino'),
('D118', 'VR', 'Costermano sul Garda'),
('D119', 'AT', 'Costigliole d`Asti'),
('D120', 'CN', 'Costigliole Saluzzo'),
('D121', 'RA', 'Cotignola'),
('D122', 'KR', 'Crotone'),
('D123', 'KR', 'Cotronei'),
('D124', 'RI', 'Cottanello'),
('D126', 'BG', 'Covo'),
('D127', 'PV', 'Cozzo'),
('D128', 'MT', 'Craco'),
('D131', 'LC', 'Crandola Valsassina'),
('D132', 'VC', 'Cravagliana'),
('D133', 'CN', 'Cravanzana'),
('D134', 'VB', 'Craveggia'),
('D136', 'VI', 'Creazzo'),
('D137', 'CH', 'Crecchio'),
('D139', 'BG', 'Credaro'),
('D141', 'CR', 'Credera Rubbiano'),
('D142', 'CR', 'Crema'),
('D143', 'LC', 'Cremella'),
('D144', 'VA', 'Cremenaga'),
('D145', 'LC', 'Cremeno'),
('D147', 'CO', 'Cremia'),
('D149', 'AL', 'Cremolino'),
('D150', 'CR', 'Cremona'),
('D151', 'CR', 'Cremosano'),
('D154', 'VC', 'Crescentino'),
('D156', 'VI', 'Crespadoro'),
('D159', 'LO', 'Crespiatica'),
('D161', 'RO', 'Crespino'),
('D162', 'NO', 'Cressa'),
('D165', 'BI', 'Crevacuore'),
('D166', 'BO', 'Crevalcore'),
('D168', 'VB', 'Crevoladossola'),
('D170', 'NA', 'Crispano'),
('D171', 'TA', 'Crispiano'),
('D172', 'CN', 'Crissolo'),
('D175', 'GE', 'Crocefieschi'),
('D177', 'VB', 'Crodo'),
('D179', 'TE', 'Crognaleto'),
('D180', 'CS', 'Cropalati'),
('D181', 'CZ', 'Cropani'),
('D184', 'CS', 'Crosia'),
('D185', 'VA', 'Crosio della Valle'),
('D186', 'CR', 'Crotta d`Adda'),
('D187', 'VC', 'Crova'),
('D188', 'TN', 'Croviana'),
('D189', 'KR', 'Crucoli'),
('D192', 'VA', 'Cuasso al Monte'),
('D193', 'VR', 'Veronella'),
('D195', 'SA', 'Cuccaro Vetere'),
('D196', 'CO', 'Cucciago'),
('D197', 'TO', 'Cuceglio'),
('D198', 'MI', 'Cuggiono'),
('D199', 'VA', 'Cugliate-Fabiasco'),
('D200', 'OR', 'Cuglieri'),
('D201', 'PE', 'Cugnoli'),
('D202', 'TO', 'Cumiana'),
('D203', 'CR', 'Cumignano sul Naviglio'),
('D204', 'VA', 'Cunardo'),
('D205', 'CN', 'Cuneo'),
('D207', 'AT', 'Cunico'),
('D208', 'TO', 'Cuorgnè'),
('D209', 'CH', 'Cupello'),
('D210', 'AP', 'Cupra Marittima'),
('D211', 'AN', 'Cupramontana'),
('D214', 'OR', 'Curcuris'),
('D216', 'NO', 'Cureggio'),
('D217', 'VA', 'Curiglia con Monteviasco'),
('D218', 'CZ', 'Curinga'),
('D219', 'BI', 'Curino'),
('D221', 'BG', 'Curno'),
('D223', 'LE', 'Cursi'),
('D226', 'PD', 'Curtarolo'),
('D227', 'MN', 'Curtatone'),
('D228', 'CE', 'Curti'),
('D229', 'MI', 'Cusago'),
('D230', 'BN', 'Cusano Mutri'),
('D231', 'MI', 'Cusano Milanino'),
('D232', 'CO', 'Cusino'),
('D233', 'BG', 'Cusio'),
('D234', 'TP', 'Custonaci'),
('D236', 'KR', 'Cutro'),
('D237', 'LE', 'Cutrofiano'),
('D238', 'VA', 'Cuveglio'),
('D239', 'VA', 'Cuvio'),
('D244', 'MI', 'Dairago'),
('D245', 'BG', 'Dalmine'),
('D246', 'TN', 'Dambel'),
('D247', 'BL', 'Danta di Cadore'),
('D251', 'BS', 'Darfo Boario Terme'),
('D253', 'VV', 'Dasà'),
('D255', 'GE', 'Davagna'),
('D256', 'VA', 'Daverio'),
('D257', 'CZ', 'Davoli'),
('D258', 'SO', 'Dazio'),
('D259', 'CA', 'Decimomannu'),
('D260', 'SU', 'Decimoputzu'),
('D261', 'CZ', 'Decollatura'),
('D264', 'SV', 'Dego'),
('D265', 'SP', 'Deiva Marina'),
('D266', 'SO', 'Delebio'),
('D267', 'CL', 'Delia'),
('D268', 'RC', 'Delianuova'),
('D269', 'FG', 'Deliceto'),
('D270', 'BS', 'Dello'),
('D271', 'CN', 'Demonte'),
('D272', 'AL', 'Denice'),
('D273', 'TN', 'Denno'),
('D277', 'AL', 'Dernice'),
('D278', 'CR', 'Derovere'),
('D279', 'PG', 'Deruta'),
('D280', 'LC', 'Dervio'),
('D281', 'VC', 'Desana'),
('D284', 'BS', 'Desenzano del Garda'),
('D286', 'MB', 'Desio'),
('D287', 'NU', 'Desulo'),
('D289', 'CS', 'Diamante'),
('D290', 'CS', 'Scigliano'),
('D291', 'CN', 'Diano d`Alba'),
('D292', 'SA', 'Teggiano'),
('D293', 'IM', 'Diano Arentino'),
('D296', 'IM', 'Diano Castello'),
('D297', 'IM', 'Diano Marina'),
('D298', 'IM', 'Diano San Pietro'),
('D299', 'FI', 'Dicomano'),
('D300', 'UD', 'Dignano'),
('D303', 'VV', 'Dinami'),
('D304', 'CS', 'Dipignano'),
('D305', 'LE', 'Diso'),
('D309', 'NO', 'Divignano'),
('D310', 'CO', 'Dizzasco'),
('D312', 'GO', 'Doberdò del Lago-Doberdob'),
('D314', 'CN', 'Dogliani'),
('D315', 'CH', 'Dogliola'),
('D316', 'UD', 'Dogna'),
('D317', 'VR', 'Dolcè'),
('D318', 'IM', 'Dolceacqua'),
('D319', 'IM', 'Dolcedo'),
('D321', 'GO', 'Dolegna del Collio'),
('D323', 'SU', 'Dolianova'),
('D324', 'TS', 'San Dorligo della Valle-Dolina'),
('D325', 'VE', 'Dolo'),
('D327', 'LC', 'Dolzago'),
('D328', 'CS', 'Domanico'),
('D329', 'CO', 'Domaso'),
('D330', 'BL', 'Domegge di Cadore'),
('D331', 'AV', 'Domicella'),
('D332', 'VB', 'Domodossola'),
('D333', 'SU', 'Domus de Maria'),
('D334', 'SU', 'Domusnovas'),
('D338', 'AO', 'Donnas'),
('D339', 'BI', 'Donato'),
('D341', 'CO', 'Dongo'),
('D344', 'SU', 'Donori'),
('D345', 'NU', 'Dorgali'),
('D346', 'LC', 'Dorio'),
('D347', 'NO', 'Dormelletto'),
('D348', 'PV', 'Dorno'),
('D350', 'BI', 'Dorzano'),
('D351', 'MN', 'Dosolo'),
('D352', 'BG', 'Dossena'),
('D355', 'CO', 'Dosso del Liro'),
('D356', 'AO', 'Doues'),
('D357', 'FC', 'Dovadola'),
('D358', 'CR', 'Dovera'),
('D360', 'BO', 'Dozza'),
('D361', 'CE', 'Dragoni'),
('D364', 'VV', 'Drapia'),
('D365', 'TN', 'Drena'),
('D366', 'UD', 'Drenchia'),
('D367', 'MI', 'Dresano'),
('D371', 'TN', 'Dro'),
('D372', 'CN', 'Dronero'),
('D373', 'TO', 'Druento'),
('D374', 'VB', 'Druogno'),
('D376', 'NU', 'Dualchi'),
('D377', 'SO', 'Dubino'),
('D379', 'VI', 'Dueville'),
('D380', 'BN', 'Dugenta'),
('D383', 'TS', 'Duino Aurisina-Devin Nabrežina'),
('D384', 'VA', 'Dumenza'),
('D385', 'VA', 'Duno'),
('D386', 'BN', 'Durazzano'),
('D388', 'AT', 'Dusino San Michele'),
('D390', 'SA', 'Eboli'),
('D391', 'BS', 'Edolo'),
('D394', 'PE', 'Elice'),
('D395', 'NU', 'Elini'),
('D398', 'LC', 'Ello'),
('D399', 'CA', 'Elmas'),
('D401', 'CN', 'Elva'),
('D402', 'AO', 'Emarèse'),
('D403', 'FI', 'Empoli'),
('D406', 'BG', 'Endine Gaiano'),
('D407', 'VI', 'Enego'),
('D408', 'UD', 'Enemonzo'),
('D410', 'CN', 'Entracque'),
('D411', 'BG', 'Entratico'),
('D412', 'CN', 'Envie'),
('D414', 'PZ', 'Episcopia'),
('D415', 'VE', 'Eraclea'),
('D416', 'CO', 'Erba'),
('D419', 'VR', 'Erbè'),
('D420', 'VR', 'Erbezzo'),
('D421', 'BS', 'Erbusco'),
('D422', 'BR', 'Erchie'),
('D423', 'TP', 'Erice'),
('D424', 'SV', 'Erli'),
('D426', 'PN', 'Erto e Casso'),
('D428', 'LC', 'Erve'),
('D429', 'MC', 'Esanatoglia'),
('D430', 'SU', 'Escalaplano'),
('D431', 'SU', 'Escolca'),
('D433', 'TO', 'Exilles'),
('D434', 'BS', 'Esine'),
('D436', 'LC', 'Esino Lario'),
('D440', 'FR', 'Esperia'),
('D441', 'SS', 'Esporlatu'),
('D442', 'PD', 'Este'),
('D443', 'SU', 'Esterzili'),
('D444', 'AO', 'Etroubles'),
('D445', 'CO', 'Eupilio'),
('D447', 'AL', 'Fabbrica Curone'),
('D450', 'RE', 'Fabbrico'),
('D451', 'AN', 'Fabriano'),
('D452', 'VT', 'Fabrica di Roma'),
('D453', 'VV', 'Fabrizia'),
('D454', 'TR', 'Fabro'),
('D455', 'UD', 'Faedis'),
('D456', 'SO', 'Faedo Valtellino'),
('D458', 'RA', 'Faenza'),
('D459', 'FG', 'Faeto'),
('D461', 'UD', 'Fagagna'),
('D462', 'CO', 'Faggeto Lario'),
('D463', 'TA', 'Faggiano'),
('D464', 'CS', 'Fagnano Castello'),
('D465', 'AQ', 'Fagnano Alto'),
('D467', 'VA', 'Fagnano Olona'),
('D468', 'TN', 'Fai della Paganella'),
('D469', 'BN', 'Faicchio'),
('D470', 'BL', 'Falcade'),
('D471', 'CE', 'Falciano del Massico'),
('D472', 'AN', 'Falconara Marittima'),
('D473', 'CS', 'Falconara Albanese'),
('D474', 'ME', 'Falcone'),
('D475', 'VT', 'Faleria'),
('D476', 'CZ', 'Falerna'),
('D477', 'FM', 'Falerone'),
('D480', 'CH', 'Fallo'),
('D482', 'CO', 'Faloppio'),
('D483', 'FR', 'Falvaterra'),
('D486', 'MO', 'Fanano'),
('D487', 'PN', 'Fanna'),
('D488', 'PU', 'Fano'),
('D489', 'TE', 'Fano Adriano'),
('D490', 'BG', 'Fara Gera d`Adda'),
('D491', 'BG', 'Fara Olivana con Sola'),
('D492', 'NO', 'Fara Novarese'),
('D493', 'RI', 'Fara in Sabina'),
('D494', 'CH', 'Fara Filiorum Petri'),
('D495', 'CH', 'Fara San Martino'),
('D496', 'VI', 'Fara Vicentino'),
('D497', 'PZ', 'Fardella'),
('D499', 'CN', 'Farigliano'),
('D501', 'PE', 'Farindola'),
('D502', 'PC', 'Farini'),
('D503', 'VT', 'Farnese'),
('D504', 'GO', 'Farra d`Isonzo'),
('D505', 'TV', 'Farra di Soligo'),
('D508', 'BR', 'Fasano'),
('D509', 'GE', 'Fascia'),
('D510', 'PI', 'Fauglia'),
('D511', 'CN', 'Faule'),
('D512', 'GE', 'Favale di Malvaro'),
('D513', 'MT', 'Valsinni'),
('D514', 'AG', 'Favara'),
('D518', 'TP', 'Favignana'),
('D520', 'TO', 'Favria'),
('D522', 'SV', 'Orco Feglino'),
('D523', 'CN', 'Feisoglio'),
('D524', 'TO', 'Feletto'),
('D526', 'PR', 'Felino'),
('D527', 'SA', 'Felitto'),
('D528', 'AL', 'Felizzano'),
('D530', 'BL', 'Feltre'),
('D531', 'CO', 'Fenegrò'),
('D532', 'TO', 'Fenestrelle'),
('D537', 'AO', 'Fénis'),
('D538', 'TR', 'Ferentillo'),
('D539', 'FR', 'Ferentino'),
('D540', 'SR', 'Ferla'),
('D541', 'PU', 'Fermignano'),
('D542', 'FM', 'Fermo'),
('D543', 'VA', 'Ferno'),
('D544', 'CZ', 'Feroleto Antico'),
('D545', 'RC', 'Feroleto della Chiesa'),
('D546', 'CZ', 'Pianopoli'),
('D547', 'MT', 'Ferrandina'),
('D548', 'FE', 'Ferrara'),
('D549', 'VR', 'Ferrara di Monte Baldo'),
('D550', 'CB', 'Ferrazzano'),
('D551', 'VA', 'Ferrera di Varese'),
('D552', 'PV', 'Ferrera Erbognone'),
('D553', 'TO', 'Moncenisio'),
('D554', 'AT', 'Ferrere'),
('D555', 'PC', 'Ferriere'),
('D557', 'RC', 'Ferruzzano'),
('D559', 'AL', 'Fraconalto'),
('D560', 'RI', 'Fiamignano'),
('D561', 'RM', 'Fiano Romano'),
('D562', 'TO', 'Fiano'),
('D564', 'MC', 'Fiastra'),
('D565', 'TN', 'Fiavè'),
('D566', 'MC', 'Poggio San Vicino'),
('D567', 'PA', 'Ficarazzi'),
('D568', 'RO', 'Ficarolo'),
('D569', 'ME', 'Ficarra'),
('D570', 'TR', 'Ficulle'),
('D573', 'TN', 'Fierozzo'),
('D574', 'CR', 'Fiesco'),
('D575', 'FI', 'Fiesole'),
('D576', 'BS', 'Fiesse'),
('D577', 'RO', 'Fiesso Umbertiano'),
('D578', 'VE', 'Fiesso d`Artico'),
('D579', 'CO', 'Figino Serenza'),
('D582', 'CS', 'Figline Vegliaturo'),
('D585', 'OR', 'Gonnosnò'),
('D586', 'RM', 'Filacciano'),
('D587', 'VV', 'Filadelfia'),
('D588', 'BG', 'Filago'),
('D589', 'VV', 'Filandari'),
('D590', 'MS', 'Filattiera'),
('D591', 'FR', 'Filettino'),
('D592', 'CH', 'Filetto'),
('D593', 'PZ', 'Filiano'),
('D594', 'PV', 'Filighera'),
('D595', 'IS', 'Filignano'),
('D596', 'VV', 'Filogaso'),
('D597', 'AN', 'Filottrano'),
('D599', 'MO', 'Finale Emilia'),
('D600', 'SV', 'Finale Ligure'),
('D604', 'BG', 'Fino del Monte'),
('D605', 'CO', 'Fino Mornasco'),
('D606', 'BG', 'Fiorano al Serio'),
('D607', 'MO', 'Fiorano Modenese'),
('D608', 'TO', 'Fiorano Canavese'),
('D611', 'PC', 'Fiorenzuola d`Arda'),
('D612', 'FI', 'Firenze'),
('D613', 'FI', 'Firenzuola'),
('D614', 'CS', 'Firmo'),
('D615', 'SA', 'Fisciano'),
('D617', 'MO', 'Fiumalbo'),
('D619', 'RC', 'Fiumara'),
('D621', 'PN', 'Fiume Veneto'),
('D622', 'ME', 'Fiumedinisi'),
('D623', 'CT', 'Fiumefreddo di Sicilia'),
('D624', 'CS', 'Fiumefreddo Bruzio'),
('D628', 'MC', 'Fiuminata'),
('D629', 'MS', 'Fivizzano'),
('D630', 'UD', 'Flaibano'),
('D634', 'BS', 'Flero'),
('D635', 'ME', 'Floresta'),
('D636', 'SR', 'Floridia'),
('D637', 'SS', 'Florinas'),
('D638', 'AV', 'Flumeri'),
('D639', 'SU', 'Fluminimaggiore'),
('D640', 'OR', 'Flussio'),
('D641', 'VC', 'Fobello'),
('D643', 'FG', 'Foggia'),
('D644', 'BN', 'Foglianise'),
('D645', 'GO', 'Fogliano Redipuglia'),
('D646', 'TO', 'Foglizzo'),
('D649', 'AR', 'Foiano della Chiana'),
('D650', 'BN', 'Foiano di Val Fortore'),
('D651', 'TN', 'Folgaria'),
('D652', 'AP', 'Folignano'),
('D653', 'PG', 'Foligno'),
('D654', 'TV', 'Follina'),
('D655', 'SP', 'Follo'),
('D656', 'GR', 'Follonica'),
('D660', 'LO', 'Fombio'),
('D661', 'ME', 'Fondachelli-Fantina'),
('D662', 'LT', 'Fondi'),
('D665', 'NU', 'Fonni'),
('D666', 'AO', 'Fontainemore'),
('D667', 'FR', 'Fontana Liri'),
('D668', 'BO', 'Fontanelice'),
('D670', 'PN', 'Fontanafredda'),
('D671', 'AV', 'Fontanarosa'),
('D672', 'BG', 'Fontanella'),
('D673', 'PR', 'Fontanellato'),
('D674', 'TV', 'Fontanelle'),
('D675', 'NO', 'Fontaneto d`Agogna'),
('D676', 'VC', 'Fontanetto Po'),
('D677', 'GE', 'Fontanigorda'),
('D678', 'AT', 'Fontanile'),
('D679', 'PD', 'Fontaniva'),
('D680', 'TV', 'Fonte'),
('D681', 'AQ', 'Fontecchio'),
('D682', 'FR', 'Fontechiari'),
('D683', 'CE', 'Fontegreca'),
('D684', 'BG', 'Fonteno'),
('D685', 'PR', 'Fontevivo'),
('D686', 'BL', 'Fonzaso'),
('D688', 'BG', 'Foppolo'),
('D689', 'RI', 'Forano'),
('D690', 'CH', 'San Giovanni Teatino'),
('D691', 'AP', 'Force'),
('D693', 'BN', 'Forchia'),
('D694', 'SO', 'Forcola'),
('D695', 'OR', 'Fordongianus'),
('D696', 'PZ', 'Forenza'),
('D697', 'BG', 'Foresto Sparso'),
('D700', 'UD', 'Forgaria nel Friuli'),
('D701', 'AV', 'Forino'),
('D702', 'NA', 'Forio'),
('D703', 'IS', 'Forlì del Sannio'),
('D704', 'FC', 'Forlì'),
('D705', 'FC', 'Forlimpopoli'),
('D706', 'VB', 'Formazza'),
('D707', 'RM', 'Formello'),
('D708', 'LT', 'Formia'),
('D709', 'CE', 'Formicola'),
('D710', 'CR', 'Formigara'),
('D711', 'MO', 'Formigine'),
('D712', 'VC', 'Formigliana'),
('D714', 'TN', 'Fornace'),
('D715', 'IS', 'Fornelli'),
('D717', 'VI', 'Tonezza del Cimone'),
('D718', 'UD', 'Forni Avoltri'),
('D719', 'UD', 'Forni di Sopra'),
('D720', 'UD', 'Forni di Sotto'),
('D725', 'TO', 'Forno Canavese'),
('D727', 'BG', 'Fornovo San Giovanni'),
('D728', 'PR', 'Fornovo di Taro'),
('D730', 'LU', 'Forte dei Marmi'),
('D732', 'PV', 'Fortunago'),
('D733', 'ME', 'Forza d`Agrò'),
('D734', 'LU', 'Fosciandora'),
('D735', 'MS', 'Fosdinovo'),
('D736', 'AQ', 'Fossa'),
('D737', 'CB', 'Fossalto'),
('D738', 'CH', 'Fossacesia'),
('D740', 'VE', 'Fossalta di Piave'),
('D741', 'VE', 'Fossalta di Portogruaro'),
('D742', 'CN', 'Fossano'),
('D744', 'CZ', 'Fossato Serralta'),
('D745', 'PG', 'Fossato di Vico'),
('D746', 'RC', 'Montebello Jonico'),
('D748', 'VE', 'Fossò'),
('D749', 'PU', 'Fossombrone'),
('D750', 'VI', 'Foza'),
('D751', 'CN', 'Frabosa Soprana'),
('D752', 'CN', 'Frabosa Sottana'),
('D754', 'TA', 'Fragagnano'),
('D755', 'BN', 'Fragneto l`Abate'),
('D756', 'BN', 'Fragneto Monforte'),
('D757', 'CH', 'Fraine'),
('D758', 'SP', 'Framura'),
('D759', 'AL', 'Francavilla Bisio'),
('D760', 'FM', 'Francavilla d`Ete'),
('D761', 'BR', 'Francavilla Fontana'),
('D762', 'VV', 'Francavilla Angitola'),
('D763', 'CH', 'Francavilla al Mare'),
('D764', 'CS', 'Francavilla Marittima'),
('D765', 'ME', 'Francavilla di Sicilia'),
('D766', 'PZ', 'Francavilla in Sinni'),
('D767', 'VV', 'Francica'),
('D768', 'SR', 'Francofonte'),
('D769', 'CE', 'Francolise'),
('D770', 'AL', 'Frascaro'),
('D771', 'PV', 'Frascarolo'),
('D773', 'RM', 'Frascati'),
('D774', 'CS', 'Frascineto'),
('D775', 'TN', 'Frassilongo'),
('D776', 'RO', 'Frassinelle Polesine'),
('D777', 'AL', 'Frassinello Monferrato'),
('D780', 'AL', 'Frassineto Po'),
('D781', 'TO', 'Frassinetto'),
('D782', 'CN', 'Frassino'),
('D783', 'MO', 'Frassinoro'),
('D784', 'BN', 'Frasso Telesino'),
('D785', 'RI', 'Frasso Sabino'),
('D786', 'PG', 'Umbertide'),
('D787', 'PG', 'Fratta Todina'),
('D788', 'RO', 'Fratta Polesine'),
('D789', 'NA', 'Frattamaggiore'),
('D790', 'NA', 'Frattaminore'),
('D791', 'PU', 'Fratte Rosa'),
('D793', 'ME', 'Frazzanò'),
('D794', 'TV', 'Fregona'),
('D796', 'CH', 'Fresagrandinaria'),
('D797', 'AL', 'Fresonara'),
('D798', 'AV', 'Frigento'),
('D799', 'CE', 'Frignano'),
('D801', 'CE', 'Villa di Briano'),
('D802', 'AT', 'Frinco'),
('D803', 'CH', 'Frisa'),
('D804', 'PN', 'Frisanco'),
('D805', 'TO', 'Front'),
('D807', 'PU', 'Frontino'),
('D808', 'PU', 'Frontone'),
('D810', 'FR', 'Frosinone'),
('D811', 'IS', 'Frosolone'),
('D812', 'TO', 'Frossasco'),
('D813', 'AL', 'Frugarolo'),
('D814', 'AL', 'Fubine Monferrato'),
('D815', 'FI', 'Fucecchio'),
('D817', 'BG', 'Fuipiano Valle Imagna'),
('D818', 'VR', 'Fumane'),
('D819', 'FR', 'Fumone'),
('D823', 'CH', 'Furci'),
('D824', 'ME', 'Furci Siculo'),
('D825', 'ME', 'Furnari'),
('D826', 'SA', 'Furore'),
('D827', 'SU', 'Furtei'),
('D828', 'CS', 'Fuscaldo'),
('D829', 'RA', 'Fusignano'),
('D830', 'SO', 'Fusine'),
('D832', 'SA', 'Futani'),
('D834', 'CR', 'Gabbioneta-Binanuova'),
('D835', 'AL', 'Gabiano'),
('D836', 'PU', 'Gabicce Mare'),
('D839', 'AO', 'Gaby'),
('D841', 'CR', 'Gadesco-Pieve Delmona'),
('D842', 'NU', 'Gadoni'),
('D843', 'LT', 'Gaeta'),
('D844', 'ME', 'Gaggi'),
('D845', 'MI', 'Gaggiano'),
('D847', 'BO', 'Gaggio Montano'),
('D848', 'BI', 'Gaglianico'),
('D849', 'EN', 'Gagliano Castelferrato'),
('D850', 'AQ', 'Gagliano Aterno'),
('D851', 'LE', 'Gagliano del Capo'),
('D852', 'CZ', 'Gagliato'),
('D853', 'MC', 'Gagliole'),
('D854', 'TV', 'Gaiarine'),
('D855', 'RO', 'Gaiba'),
('D856', 'CN', 'Gaiola'),
('D858', 'SI', 'Gaiole in Chianti'),
('D859', 'NU', 'Gairo'),
('D861', 'ME', 'Galati Mamertino'),
('D862', 'LE', 'Galatina'),
('D863', 'LE', 'Galatone'),
('D864', 'RC', 'Galatro'),
('D865', 'LC', 'Galbiate'),
('D867', 'FC', 'Galeata'),
('D868', 'LO', 'Galgagnano'),
('D869', 'VA', 'Gallarate'),
('D870', 'VT', 'Gallese'),
('D871', 'VA', 'Galliate Lombardo'),
('D872', 'NO', 'Galliate'),
('D873', 'PV', 'Galliavola'),
('D874', 'LU', 'Gallicano'),
('D875', 'RM', 'Gallicano nel Lazio'),
('D876', 'PZ', 'Gallicchio'),
('D878', 'BO', 'Galliera'),
('D879', 'PD', 'Galliera Veneta'),
('D881', 'FR', 'Gallinaro'),
('D882', 'VI', 'Gallio'),
('D883', 'LE', 'Gallipoli'),
('D884', 'CE', 'Gallo Matese'),
('D885', 'ME', 'Gallodoro'),
('D886', 'CE', 'Galluccio'),
('D888', 'NU', 'Galtellì'),
('D889', 'PD', 'Galzignano Terme'),
('D890', 'AL', 'Gamalero'),
('D891', 'BS', 'Gambara'),
('D892', 'PV', 'Gambarana'),
('D894', 'CN', 'Gambasca'),
('D895', 'FI', 'Gambassi Terme'),
('D896', 'CB', 'Gambatesa'),
('D897', 'VI', 'Gambellara'),
('D898', 'CH', 'Gamberale'),
('D899', 'FC', 'Gambettola'),
('D901', 'PV', 'Gambolò'),
('D903', 'BG', 'Gandellino'),
('D905', 'BG', 'Gandino'),
('D906', 'BG', 'Gandosso'),
('D907', 'PA', 'Gangi'),
('D909', 'MT', 'Garaguso'),
('D910', 'AL', 'Garbagna'),
('D911', 'NO', 'Garbagna Novarese'),
('D912', 'MI', 'Garbagnate Milanese'),
('D913', 'LC', 'Garbagnate Monastero'),
('D915', 'VR', 'Garda'),
('D917', 'BS', 'Gardone Riviera'),
('D918', 'BS', 'Gardone Val Trompia'),
('D920', 'CN', 'Garessio'),
('D921', 'NO', 'Gargallo'),
('D924', 'BS', 'Gargnano'),
('D925', 'PV', 'Garlasco'),
('D926', 'LC', 'Garlate'),
('D927', 'SV', 'Garlenda'),
('D928', 'TN', 'Garniga Terme'),
('D930', 'CO', 'Garzeno'),
('D931', 'TO', 'Garzigliana'),
('D932', 'CZ', 'Gasperina'),
('D933', 'TO', 'Gassino Torinese'),
('D934', 'RE', 'Gattatico'),
('D935', 'FC', 'Gatteo'),
('D938', 'VC', 'Gattinara'),
('D940', 'BS', 'Gavardo'),
('D942', 'RO', 'Gavello'),
('D943', 'BG', 'Gaverina Terme'),
('D944', 'AL', 'Gavi'),
('D945', 'RM', 'Gavignano'),
('D946', 'VA', 'Gavirate'),
('D947', 'NU', 'Gavoi'),
('D948', 'GR', 'Gavorrano'),
('D949', 'MN', 'Gazoldo degli Ippoliti'),
('D951', 'VA', 'Gazzada Schianno'),
('D952', 'BG', 'Gazzaniga'),
('D956', 'PD', 'Gazzo'),
('D957', 'VR', 'Gazzo Veronese'),
('D958', 'PC', 'Gazzola'),
('D959', 'MN', 'Gazzuolo'),
('D960', 'CL', 'Gela'),
('D961', 'RN', 'Gemmano'),
('D962', 'UD', 'Gemona del Friuli'),
('D963', 'VA', 'Gemonio'),
('D964', 'RM', 'Genazzano'),
('D965', 'AN', 'Genga'),
('D966', 'CR', 'Genivolta'),
('D967', 'CN', 'Genola'),
('D968', 'SU', 'Genoni'),
('D969', 'GE', 'Genova'),
('D970', 'SU', 'Genuri'),
('D971', 'PZ', 'Genzano di Lucania'),
('D972', 'RM', 'Genzano di Roma'),
('D974', 'CO', 'Gera Lario'),
('D975', 'RC', 'Gerace'),
('D976', 'RC', 'Locri'),
('D977', 'PA', 'Geraci Siculo'),
('D978', 'RM', 'Gerano'),
('D980', 'PV', 'Gerenzago'),
('D981', 'VA', 'Gerenzano'),
('D982', 'SU', 'Gergei'),
('D983', 'TO', 'Germagnano'),
('D984', 'VB', 'Germagno'),
('D987', 'VA', 'Germignaga'),
('D988', 'VV', 'Gerocarne'),
('D990', 'SO', 'Gerola Alta'),
('D993', 'CR', 'Gerre de` Caprioli'),
('D994', 'SU', 'Gesico'),
('D995', 'MI', 'Gessate'),
('D996', 'CH', 'Gessopalena'),
('D997', 'SU', 'Gesturi'),
('D998', 'AV', 'Gesualdo'),
('D999', 'BS', 'Ghedi'),
('dssete', 'LO', 'ybaatbe'),
('E001', 'NO', 'Ghemme'),
('E003', 'VB', 'Ghiffa'),
('E004', 'OR', 'Ghilarza'),
('E006', 'BG', 'Ghisalba'),
('E007', 'VC', 'Ghislarengo'),
('E008', 'RO', 'Giacciano con Baruchella'),
('E009', 'TO', 'Giaglione'),
('E010', 'BS', 'Gianico'),
('E011', 'CE', 'Giano Vetusto'),
('E012', 'PG', 'Giano dell`Umbria'),
('E013', 'PA', 'Giardinello'),
('E014', 'ME', 'Giardini-Naxos'),
('E015', 'AL', 'Giarole'),
('E016', 'RG', 'Giarratana'),
('E017', 'CT', 'Giarre'),
('E019', 'SS', 'Giave'),
('E020', 'TO', 'Giaveno'),
('E021', 'TV', 'Giavera del Montello'),
('E022', 'SU', 'Giba'),
('E023', 'TP', 'Gibellina'),
('E024', 'BI', 'Gifflenga'),
('E025', 'RC', 'Giffone'),
('E026', 'SA', 'Giffoni Sei Casali'),
('E027', 'SA', 'Giffoni Valle Piana'),
('E028', 'VB', 'Gignese'),
('E029', 'AO', 'Gignod'),
('E030', 'CB', 'Gildone'),
('E031', 'CZ', 'Gimigliano'),
('E033', 'PZ', 'Ginestra'),
('E034', 'BN', 'Ginestra degli Schiavoni'),
('E036', 'TA', 'Ginosa'),
('E037', 'SA', 'Gioi'),
('E038', 'BA', 'Gioia del Colle'),
('E039', 'CE', 'Gioia Sannitica'),
('E040', 'AQ', 'Gioia dei Marsi'),
('E041', 'RC', 'Gioia Tauro'),
('E043', 'ME', 'Gioiosa Marea'),
('E044', 'RC', 'Gioiosa Ionica'),
('E045', 'TR', 'Giove'),
('E047', 'BA', 'Giovinazzo'),
('E048', 'TN', 'Giovo'),
('E049', 'NU', 'Girasole'),
('E050', 'CZ', 'Girifalco'),
('E052', 'CH', 'Gissi'),
('E053', 'LE', 'Giuggianello'),
('E054', 'NA', 'Giugliano in Campania'),
('E055', 'PA', 'Giuliana'),
('E056', 'CH', 'Giuliano Teatino'),
('E057', 'FR', 'Giuliano di Roma'),
('E058', 'TE', 'Giulianova'),
('E060', 'SA', 'Giungano'),
('E061', 'LE', 'Giurdignano'),
('E062', 'PV', 'Giussago'),
('E063', 'MB', 'Giussano'),
('E064', 'SV', 'Giustenice'),
('E065', 'TN', 'Giustino'),
('E066', 'SV', 'Giusvalla'),
('E067', 'TO', 'Givoletto'),
('E068', 'CZ', 'Gizzeria'),
('E070', 'SP', 'Sesta Godano'),
('E071', 'TV', 'Godega di Sant`Urbano'),
('E072', 'PV', 'Godiasco Salice Terme'),
('E074', 'PA', 'Godrano'),
('E078', 'MN', 'Goito'),
('E079', 'VA', 'Golasecca'),
('E081', 'PV', 'Golferenzo'),
('E082', 'CR', 'Gombito'),
('E083', 'UD', 'Gonars'),
('E084', 'SU', 'Goni'),
('E085', 'SU', 'Gonnosfanadiga'),
('E086', 'SU', 'Gonnesa'),
('E087', 'OR', 'Gonnoscodina'),
('E088', 'OR', 'Gonnostramatza'),
('E089', 'MN', 'Gonzaga'),
('E090', 'SO', 'Gordona'),
('E091', 'RM', 'Gorga'),
('E092', 'TV', 'Gorgo al Monticano'),
('E093', 'MT', 'Gorgoglione'),
('E094', 'MI', 'Gorgonzola'),
('E096', 'AQ', 'Goriano Sicoli'),
('E098', 'GO', 'Gorizia'),
('E100', 'BG', 'Gorlago'),
('E101', 'VA', 'Gorla Maggiore'),
('E102', 'VA', 'Gorla Minore'),
('E103', 'BG', 'Gorle'),
('E104', 'VA', 'Gornate Olona'),
('E106', 'BG', 'Gorno'),
('E107', 'FE', 'Goro'),
('E109', 'GE', 'Gorreto'),
('E111', 'CN', 'Gorzegno'),
('E113', 'BL', 'Gosaldo'),
('E114', 'PC', 'Gossolengo'),
('E115', 'CN', 'Gottasecca'),
('E116', 'BS', 'Gottolengo'),
('E118', 'CN', 'Govone'),
('E120', 'NO', 'Gozzano'),
('E122', 'PU', 'Gradara'),
('E124', 'GO', 'Gradisca d`Isonzo'),
('E125', 'GO', 'Grado'),
('E126', 'VT', 'Gradoli'),
('E127', 'LO', 'Graffignana'),
('E128', 'VT', 'Graffignano'),
('E130', 'BI', 'Graglia'),
('E131', 'NA', 'Gragnano'),
('E132', 'PC', 'Gragnano Trebbiense'),
('E133', 'CT', 'Grammichele'),
('E134', 'AT', 'Grana Monferrato'),
('E136', 'BO', 'Granarolo dell`Emilia'),
('E139', 'CO', 'Grandate'),
('E141', 'CO', 'Grandola ed Uniti'),
('E142', 'ME', 'Graniti'),
('E143', 'NO', 'Granozzo con Monticello'),
('E144', 'VA', 'Grantola'),
('E145', 'PD', 'Grantorto'),
('E146', 'PD', 'Granze'),
('E147', 'MT', 'Grassano'),
('E148', 'BG', 'Grassobbio'),
('E149', 'PA', 'Gratteri'),
('E152', 'PV', 'Gravellona Lomellina'),
('E153', 'VB', 'Gravellona Toce'),
('E154', 'TO', 'Gravere'),
('E155', 'BA', 'Gravina in Puglia'),
('E156', 'CT', 'Gravina di Catania'),
('E158', 'CE', 'Grazzanise'),
('E159', 'AT', 'Grazzano Badoglio'),
('E160', 'RI', 'Greccio'),
('E161', 'AV', 'Greci'),
('E163', 'VC', 'Greggio'),
('E164', 'AL', 'Gremiasco'),
('E165', 'AO', 'Gressan'),
('E167', 'AO', 'Gressoney-La-Trinité'),
('E168', 'AO', 'Gressoney-Saint-Jean'),
('E169', 'FI', 'Greve in Chianti'),
('E170', 'MI', 'Grezzago'),
('E171', 'VR', 'Grezzana'),
('E172', 'CO', 'Griante'),
('E173', 'CE', 'Gricignano di Aversa'),
('E177', 'NO', 'Grignasco'),
('E178', 'TN', 'Grigno'),
('E179', 'UD', 'Grimacco'),
('E180', 'CS', 'Grimaldi'),
('E182', 'CN', 'Grinzane Cavour'),
('E184', 'VI', 'Grisignano di Zocco'),
('E185', 'CS', 'Grisolia'),
('E187', 'BO', 'Grizzana Morandi'),
('E188', 'AL', 'Grognardo'),
('E189', 'BG', 'Gromo'),
('E191', 'AL', 'Grondona'),
('E192', 'BG', 'Grone'),
('E193', 'CR', 'Grontardo'),
('E195', 'PV', 'Gropello Cairoli'),
('E196', 'PC', 'Gropparello'),
('E199', 'TO', 'Groscavallo'),
('E200', 'SO', 'Grosio'),
('E201', 'SO', 'Grosotto'),
('E202', 'GR', 'Grosseto'),
('E203', 'TO', 'Grosso'),
('E204', 'RM', 'Grottaferrata'),
('E205', 'TA', 'Grottaglie'),
('E206', 'AV', 'Grottaminarda'),
('E207', 'AP', 'Grottammare'),
('E208', 'FM', 'Grottazzolina'),
('E209', 'AG', 'Grotte'),
('E210', 'VT', 'Grotte di Castro'),
('E212', 'RC', 'Grotteria'),
('E213', 'MT', 'Grottole'),
('E214', 'AV', 'Grottolella'),
('E215', 'VE', 'Gruaro'),
('E216', 'TO', 'Grugliasco'),
('E217', 'CR', 'Grumello Cremonese ed Uniti'),
('E219', 'BG', 'Grumello del Monte'),
('E221', 'PZ', 'Grumento Nova'),
('E223', 'BA', 'Grumo Appula'),
('E224', 'NA', 'Grumo Nevano'),
('E226', 'VI', 'Grumolo delle Abbadesse'),
('E227', 'LE', 'Guagnano'),
('E228', 'MC', 'Gualdo'),
('E229', 'PG', 'Gualdo Cattaneo'),
('E230', 'PG', 'Gualdo Tadino'),
('E232', 'RE', 'Gualtieri'),
('E233', 'ME', 'Gualtieri Sicaminò'),
('E234', 'SU', 'Guamaggiore'),
('E235', 'CO', 'Guanzate'),
('E236', 'FR', 'Guarcino'),
('E237', 'VC', 'Guardabosone'),
('E238', 'LO', 'Guardamiglio'),
('E239', 'CZ', 'Guardavalle'),
('E240', 'RO', 'Guarda Veneta'),
('E241', 'TR', 'Guardea'),
('E242', 'CS', 'Guardia Piemontese'),
('E243', 'CH', 'Guardiagrele'),
('E244', 'CB', 'Guardialfiera'),
('E245', 'AV', 'Guardia Lombardi'),
('E246', 'PZ', 'Guardia Perticara'),
('E248', 'CB', 'Guardiaregia'),
('E249', 'BN', 'Guardia Sanframondi'),
('E250', 'PI', 'Guardistallo'),
('E251', 'CN', 'Guarene'),
('E252', 'SU', 'Guasila'),
('E253', 'RE', 'Guastalla'),
('E255', 'AL', 'Guazzora'),
('E256', 'PG', 'Gubbio'),
('E258', 'MI', 'Gudo Visconti'),
('E259', 'CB', 'Guglionesi'),
('E261', 'MN', 'Guidizzolo'),
('E263', 'RM', 'Guidonia Montecelio'),
('E264', 'MO', 'Guiglia'),
('E265', 'PV', 'Siziano'),
('E266', 'CH', 'Guilmi'),
('E269', 'VB', 'Gurro'),
('E270', 'SU', 'Guspini'),
('E271', 'BS', 'Gussago'),
('E272', 'CR', 'Gussola'),
('E273', 'AO', 'Hône'),
('E274', 'CZ', 'Jacurso'),
('E280', 'BS', 'Idro'),
('E281', 'SU', 'Iglesias'),
('E282', 'CN', 'Igliano'),
('E283', 'NU', 'Ilbono'),
('E284', 'VR', 'Illasi'),
('E285', 'SS', 'Illorai'),
('E287', 'LC', 'Imbersago'),
('E288', 'TN', 'Imer'),
('E289', 'BO', 'Imola'),
('E290', 'IM', 'Imperia'),
('E291', 'FI', 'Impruneta'),
('E292', 'VA', 'Inarzo'),
('E295', 'AT', 'Incisa Scapaccino'),
('E297', 'BS', 'Incudine'),
('E299', 'VA', 'Induno Olona'),
('E301', 'TO', 'Ingria'),
('E304', 'VB', 'Intragna'),
('E305', 'LC', 'Introbio'),
('E306', 'AO', 'Introd'),
('E307', 'AQ', 'Introdacqua'),
('E309', 'CO', 'Inverigo'),
('E310', 'PV', 'Inverno e Monteleone'),
('E311', 'TO', 'Inverso Pinasca'),
('E313', 'MI', 'Inveruno'),
('E314', 'NO', 'Invorio'),
('E317', 'MI', 'Inzago'),
('E320', 'FE', 'Jolanda di Savoia'),
('E321', 'VV', 'Ionadi'),
('E323', 'NU', 'Irgoli'),
('E325', 'BS', 'Irma'),
('E326', 'MT', 'Irsina'),
('E327', 'CN', 'Isasca'),
('E328', 'CZ', 'Isca sullo Ionio'),
('E329', 'NA', 'Ischia'),
('E330', 'VT', 'Ischia di Castro'),
('E332', 'FG', 'Ischitella'),
('E333', 'BS', 'Iseo'),
('E334', 'TN', 'Isera'),
('E335', 'IS', 'Isernia'),
('E336', 'SU', 'Isili'),
('E337', 'PA', 'Isnello'),
('E338', 'AT', 'Isola d`Asti'),
('E339', 'KR', 'Isola di Capo Rizzuto'),
('E340', 'FR', 'Isola del Liri'),
('E341', 'GE', 'Isola del Cantone'),
('E342', 'SO', 'Madesimo'),
('E343', 'TE', 'Isola del Gran Sasso d`Italia'),
('E345', 'TO', 'Isolabella'),
('E346', 'IM', 'Isolabona'),
('E348', 'GR', 'Isola del Giglio'),
('E349', 'VR', 'Isola della Scala'),
('E350', 'PA', 'Isola delle Femmine'),
('E351', 'PU', 'Isola del Piano'),
('E353', 'BG', 'Isola di Fondra'),
('E354', 'VI', 'Isola Vicentina'),
('E356', 'CR', 'Isola Dovarese'),
('E358', 'VR', 'Isola Rizza'),
('E360', 'AL', 'Isola Sant`Antonio'),
('E363', 'FG', 'Isole Tremiti'),
('E364', 'BS', 'Isorella'),
('E365', 'SA', 'Ispani'),
('E366', 'RG', 'Ispica'),
('E367', 'VA', 'Ispra'),
('E368', 'TO', 'Issiglio'),
('E369', 'AO', 'Issime'),
('E370', 'BG', 'Isso'),
('E371', 'AO', 'Issogne'),
('E372', 'CH', 'Vasto'),
('E373', 'TV', 'Istrana'),
('E374', 'ME', 'Itala'),
('E375', 'LT', 'Itri'),
('E376', 'SS', 'Ittireddu'),
('E377', 'SS', 'Ittiri'),
('E379', 'TO', 'Ivrea'),
('E380', 'CR', 'Izano'),
('E381', 'CB', 'Jelsi'),
('E382', 'RM', 'Jenne'),
('E386', 'VA', 'Jerago con Orago'),
('E387', 'NU', 'Jerzu'),
('E388', 'AN', 'Jesi'),
('E389', 'VV', 'Joppolo'),
('E390', 'AG', 'Joppolo Giancaxio'),
('E391', 'AO', 'Jovençan'),
('E392', 'RM', 'Labico'),
('E393', 'RI', 'Labro'),
('E394', 'TO', 'La Cassa'),
('E395', 'MI', 'Lacchiarella'),
('E396', 'NA', 'Lacco Ameno'),
('E397', 'AV', 'Lacedonia'),
('E400', 'OR', 'Laconi'),
('E401', 'SS', 'Laerru'),
('E402', 'RC', 'Laganadi'),
('E403', 'VI', 'Laghi'),
('E405', 'CO', 'Laglio'),
('E406', 'CN', 'Lagnasco'),
('E407', 'CS', 'Lago'),
('E409', 'PZ', 'Lagonegro'),
('E410', 'FE', 'Lagosanto'),
('E413', 'PI', 'Lajatico'),
('E414', 'SV', 'Laigueglia'),
('E415', 'MI', 'Lainate'),
('E416', 'CO', 'Laino'),
('E417', 'CS', 'Laino Borgo'),
('E419', 'CS', 'Laino Castello'),
('E422', 'BG', 'Lallio'),
('E423', 'TO', 'La Loggia'),
('E424', 'CH', 'Lama dei Peligni'),
('E425', 'SS', 'La Maddalena'),
('E426', 'MO', 'Lama Mocogno'),
('E428', 'CO', 'Lambrugo'),
('E429', 'BL', 'Lamon'),
('E430', 'CN', 'La Morra'),
('E431', 'AG', 'Lampedusa e Linosa'),
('E432', 'PT', 'Lamporecchio'),
('E433', 'VC', 'Lamporo'),
('E435', 'CH', 'Lanciano'),
('E436', 'NO', 'Landiona'),
('E437', 'PV', 'Landriano'),
('E438', 'PR', 'Langhirano'),
('E439', 'PV', 'Langosco'),
('E441', 'NU', 'Lanusei'),
('E443', 'SO', 'Lanzada'),
('E445', 'TO', 'Lanzo Torinese'),
('E447', 'FM', 'Lapedona'),
('E448', 'AV', 'Lapio'),
('E450', 'CS', 'Lappano'),
('E451', 'PT', 'Larciano'),
('E454', 'PV', 'Lardirago'),
('E456', 'CB', 'Larino'),
('E458', 'AO', 'La Salle'),
('E459', 'PA', 'Lascari'),
('E462', 'CO', 'Lasnigo'),
('E463', 'SP', 'La Spezia'),
('E464', 'SU', 'Las Plassas'),
('E465', 'VI', 'Lastebasse'),
('E466', 'FI', 'Lastra a Signa'),
('E467', 'VT', 'Latera'),
('E469', 'TA', 'Laterza'),
('E470', 'AO', 'La Thuile'),
('E471', 'BR', 'Latiano'),
('E472', 'LT', 'Latina'),
('E473', 'UD', 'Latisana'),
('E474', 'PZ', 'Latronico'),
('E475', 'CS', 'Lattarico'),
('E476', 'UD', 'Lauco'),
('E479', 'RC', 'Laureana di Borrello'),
('E480', 'SA', 'Laureana Cilento'),
('E482', 'PZ', 'Laurenzana'),
('E483', 'PZ', 'Lauria'),
('E484', 'TO', 'Lauriano'),
('E485', 'SA', 'Laurino'),
('E486', 'SA', 'Laurito'),
('E487', 'AV', 'Lauro'),
('E488', 'GE', 'Lavagna'),
('E489', 'VR', 'Lavagno'),
('E490', 'BL', 'La Valle Agordina'),
('E492', 'TN', 'Lavarone'),
('E493', 'PZ', 'Lavello'),
('E494', 'VA', 'Lavena Ponte Tresa'),
('E496', 'VA', 'Laveno-Mombello'),
('E497', 'BS', 'Lavenone'),
('E498', 'SA', 'Laviano'),
('E500', 'TN', 'Lavis'),
('E502', 'VR', 'Lazise'),
('E504', 'MB', 'Lazzate'),
('E505', 'AQ', 'Lecce nei Marsi'),
('E506', 'LE', 'Lecce'),
('E507', 'LC', 'Lecco'),
('E509', 'BG', 'Leffe'),
('E510', 'VA', 'Leggiuno'),
('E512', 'VR', 'Legnago'),
('E514', 'MI', 'Legnano'),
('E515', 'PD', 'Legnaro'),
('E517', 'NU', 'Lei'),
('E518', 'TO', 'Leini'),
('E519', 'GE', 'Leivi'),
('E520', 'TO', 'Lemie'),
('E522', 'RO', 'Lendinara'),
('E523', 'ME', 'Leni'),
('E524', 'BG', 'Lenna'),
('E526', 'BS', 'Leno'),
('E527', 'LT', 'Lenola'),
('E528', 'VC', 'Lenta'),
('E530', 'MB', 'Lentate sul Seveso'),
('E531', 'CH', 'Lentella'),
('E532', 'SR', 'Lentini'),
('E535', 'RI', 'Leonessa'),
('E536', 'EN', 'Leonforte'),
('E537', 'TA', 'Leporano'),
('E538', 'LE', 'Lequile'),
('E539', 'CN', 'Lequio Tanaro'),
('E540', 'CN', 'Lequio Berria'),
('E541', 'PA', 'Lercara Friddi'),
('E542', 'SP', 'Lerici'),
('E543', 'AL', 'Lerma'),
('E544', 'NO', 'Lesa'),
('E546', 'CN', 'Lesegno'),
('E547', 'PR', 'Lesignano de` Bagni'),
('E548', 'PR', 'Terenzo'),
('E549', 'FG', 'Lesina'),
('E550', 'MB', 'Lesmo'),
('E551', 'TO', 'Lessolo'),
('E553', 'UD', 'Lestizza'),
('E554', 'CE', 'Letino'),
('E555', 'ME', 'Letojanni'),
('E557', 'NA', 'Lettere'),
('E558', 'PE', 'Lettomanoppello'),
('E559', 'CH', 'Lettopalena'),
('E560', 'SP', 'Levanto'),
('E562', 'BG', 'Levate'),
('E563', 'LE', 'Leverano'),
('E564', 'CN', 'Levice'),
('E565', 'TN', 'Levico Terme'),
('E566', 'TO', 'Levone'),
('E569', 'CO', 'Lezzeno'),
('E570', 'CE', 'Liberi'),
('E571', 'ME', 'Librizzi'),
('E573', 'AG', 'Licata'),
('E574', 'MS', 'Licciana Nardi'),
('E576', 'RM', 'Licenza'),
('E578', 'CT', 'Licodia Eubea'),
('E581', 'LC', 'Lierna'),
('E583', 'VC', 'Lignana'),
('E584', 'UD', 'Lignano Sabbiadoro'),
('E587', 'AO', 'Lillianes'),
('E588', 'BL', 'Limana'),
('E589', 'BN', 'Limatola'),
('E590', 'VV', 'Limbadi'),
('E591', 'MB', 'Limbiate'),
('E592', 'PD', 'Limena'),
('E593', 'CO', 'Limido Comasco'),
('E594', 'ME', 'Limina'),
('E596', 'BS', 'Limone sul Garda'),
('E597', 'CN', 'Limone Piemonte'),
('E599', 'CB', 'Limosano'),
('E600', 'PV', 'Linarolo'),
('E602', 'CT', 'Linguaglossa'),
('E605', 'AV', 'Lioni'),
('E606', 'ME', 'Lipari'),
('E607', 'CO', 'Lipomo'),
('E608', 'PV', 'Lirio'),
('E610', 'MI', 'Liscate'),
('E611', 'CH', 'Liscia'),
('E613', 'PG', 'Lisciano Niccone'),
('E615', 'CN', 'Lisio'),
('E617', 'MB', 'Lissone'),
('E618', 'CL', 'Milena'),
('E620', 'NA', 'Liveri'),
('E621', 'SO', 'Livigno'),
('E622', 'BL', 'Livinallongo del Col di Lana'),
('E623', 'CO', 'Livo'),
('E624', 'TN', 'Livo'),
('E625', 'LI', 'Livorno'),
('E626', 'VC', 'Livorno Ferraris'),
('E627', 'LO', 'Livraga'),
('E629', 'LE', 'Lizzanello'),
('E630', 'TA', 'Lizzano'),
('E632', 'SV', 'Loano'),
('E633', 'AT', 'Loazzolo'),
('E635', 'TO', 'Locana'),
('E638', 'CO', 'Locate Varesino'),
('E639', 'MI', 'Locate di Triulzi'),
('E640', 'BG', 'Locatello'),
('E644', 'NU', 'Loceri'),
('E645', 'BA', 'Locorotondo'),
('E646', 'NU', 'Loculi'),
('E647', 'NU', 'Lodè'),
('E648', 'LO', 'Lodi'),
('E649', 'NU', 'Lodine'),
('E651', 'LO', 'Lodi Vecchio'),
('E652', 'BS', 'Lodrino'),
('E654', 'BS', 'Lograto'),
('E655', 'BO', 'Loiano'),
('E656', 'LC', 'Lomagna'),
('E659', 'CO', 'Lomazzo'),
('E660', 'TO', 'Lombardore'),
('E661', 'TO', 'Lombriasco'),
('E662', 'PV', 'Lomello'),
('E664', 'TN', 'Lona-Lases'),
('E665', 'VA', 'Lonate Ceppino');
-- SQLINES LICENSE FOR EVALUATION USE ONLY
INSERT INTO comune (codice, provincia, nome) VALUES
('E666', 'VA', 'Lonate Pozzolo'),
('E668', 'FI', 'Londa'),
('E669', 'IS', 'Longano'),
('E671', 'VI', 'Longare'),
('E673', 'BS', 'Longhena'),
('E674', 'ME', 'Longi'),
('E675', 'FC', 'Longiano'),
('E677', 'CS', 'Longobardi'),
('E678', 'CS', 'Longobucco'),
('E679', 'CO', 'Longone al Segrino'),
('E680', 'LI', 'Porto Azzurro'),
('E681', 'RI', 'Longone Sabino'),
('E682', 'VI', 'Lonigo'),
('E683', 'TO', 'Loranzè'),
('E684', 'PD', 'Loreggia'),
('E685', 'VB', 'Loreglia'),
('E687', 'BL', 'Lorenzago di Cadore'),
('E689', 'RO', 'Loreo'),
('E690', 'AN', 'Loreto'),
('E691', 'PE', 'Loreto Aprutino'),
('E692', 'TV', 'Loria'),
('E693', 'AR', 'Loro Ciuffenna'),
('E694', 'MC', 'Loro Piceno'),
('E695', 'GE', 'Lorsica'),
('E698', 'BS', 'Losine'),
('E700', 'NU', 'Lotzorai'),
('E704', 'BG', 'Lovere'),
('E705', 'SO', 'Lovero'),
('E706', 'BS', 'Lozio'),
('E707', 'VA', 'Lozza'),
('E708', 'BL', 'Lozzo di Cadore'),
('E709', 'PD', 'Lozzo Atestino'),
('E711', 'VC', 'Lozzolo'),
('E713', 'VT', 'Lubriano'),
('E714', 'AG', 'Lucca Sicula'),
('E715', 'LU', 'Lucca'),
('E716', 'FG', 'Lucera'),
('E718', 'AR', 'Lucignano'),
('E719', 'IM', 'Lucinasco'),
('E722', 'CB', 'Lucito'),
('E723', 'AQ', 'Luco dei Marsi'),
('E724', 'AQ', 'Lucoli'),
('E726', 'PC', 'Lugagnano Val d`Arda'),
('E729', 'TR', 'Lugnano in Teverina'),
('E730', 'RA', 'Lugo'),
('E731', 'VI', 'Lugo di Vicenza'),
('E734', 'VA', 'Luino'),
('E735', 'CO', 'Luisago'),
('E736', 'NU', 'Lula'),
('E737', 'GE', 'Lumarzo'),
('E738', 'BS', 'Lumezzane'),
('E742', 'SU', 'Lunamatrona'),
('E743', 'PU', 'Lunano'),
('E745', 'CS', 'Lungro'),
('E746', 'AV', 'Luogosano'),
('E747', 'SS', 'Luogosanto'),
('E748', 'CB', 'Lupara'),
('E749', 'CO', 'Lurago d`Erba'),
('E750', 'CO', 'Lurago Marinone'),
('E751', 'BG', 'Lurano'),
('E752', 'SS', 'Luras'),
('E753', 'CO', 'Lurate Caccivio'),
('E754', 'CE', 'Lusciano'),
('E757', 'TN', 'Luserna'),
('E758', 'TO', 'Luserna San Giovanni'),
('E759', 'TO', 'Lusernetta'),
('E760', 'UD', 'Lusevera'),
('E761', 'RO', 'Lusia'),
('E763', 'TO', 'Lusigliè'),
('E767', 'SA', 'Lustra'),
('E769', 'VA', 'Luvinate'),
('E770', 'BG', 'Luzzana'),
('E772', 'RE', 'Luzzara'),
('E773', 'CS', 'Luzzi'),
('E777', 'LO', 'Maccastorna'),
('E778', 'IS', 'Macchia d`Isernia'),
('E779', 'IS', 'Macchiagodena'),
('E780', 'CB', 'Macchia Valfortore'),
('E782', 'TO', 'Macello'),
('E783', 'MC', 'Macerata'),
('E784', 'CE', 'Macerata Campania'),
('E785', 'PU', 'Macerata Feltria'),
('E786', 'MB', 'Macherio'),
('E787', 'BS', 'Maclodio'),
('E788', 'NU', 'Macomer'),
('E789', 'CN', 'Macra'),
('E790', 'VB', 'Macugnaga'),
('E791', 'CE', 'Maddaloni'),
('E793', 'CR', 'Madignano'),
('E794', 'BG', 'Madone'),
('E795', 'VB', 'Madonna del Sasso'),
('E798', 'LT', 'Maenza'),
('E799', 'CB', 'Mafalda'),
('E800', 'BS', 'Magasa'),
('E801', 'MI', 'Magenta'),
('E803', 'NO', 'Maggiora'),
('E804', 'PV', 'Magherno'),
('E805', 'PG', 'Magione'),
('E806', 'CZ', 'Magisano'),
('E807', 'FM', 'Magliano di Tenna'),
('E808', 'CN', 'Magliano Alpi'),
('E809', 'CN', 'Magliano Alfieri'),
('E810', 'GR', 'Magliano in Toscana'),
('E811', 'AQ', 'Magliano de` Marsi'),
('E812', 'RI', 'Magliano Sabina'),
('E813', 'RM', 'Magliano Romano'),
('E814', 'SA', 'Magliano Vetere'),
('E815', 'LE', 'Maglie'),
('E816', 'SV', 'Magliolo'),
('E817', 'TO', 'Maglione'),
('E818', 'MN', 'Magnacavallo'),
('E819', 'MI', 'Magnago'),
('E820', 'UD', 'Magnano in Riviera'),
('E821', 'BI', 'Magnano'),
('E825', 'OR', 'Magomadas'),
('E830', 'CO', 'Magreglio'),
('E833', 'UD', 'Majano'),
('E834', 'CZ', 'Maida'),
('E835', 'CS', 'Maierà'),
('E836', 'VV', 'Maierato'),
('E837', 'AN', 'Maiolati Spontini'),
('E838', 'RN', 'Maiolo'),
('E839', 'SA', 'Maiori'),
('E840', 'LO', 'Mairago'),
('E841', 'BS', 'Mairano'),
('E842', 'SP', 'Maissana'),
('E843', 'CR', 'Malagnino'),
('E844', 'BO', 'Malalbergo'),
('E847', 'UD', 'Malborghetto Valbruna'),
('E848', 'VR', 'Malcesine'),
('E850', 'TN', 'Malé'),
('E851', 'BS', 'Malegno'),
('E852', 'LO', 'Maleo'),
('E853', 'VB', 'Malesco'),
('E854', 'CT', 'Maletto'),
('E855', 'ME', 'Malfa'),
('E858', 'LC', 'Malgrate'),
('E859', 'CS', 'Malito'),
('E860', 'SV', 'Mallare'),
('E863', 'VA', 'Malnate'),
('E864', 'VI', 'Malo'),
('E865', 'BS', 'Malonno'),
('E868', 'AP', 'Maltignano'),
('E869', 'ME', 'Malvagna'),
('E870', 'AL', 'Malvicino'),
('E872', 'CS', 'Malvito'),
('E873', 'RC', 'Mammola'),
('E874', 'NU', 'Mamoiada'),
('E875', 'GR', 'Manciano'),
('E876', 'ME', 'Mandanici'),
('E877', 'SU', 'Mandas'),
('E878', 'CS', 'Mandatoriccio'),
('E879', 'LC', 'Mandello del Lario'),
('E880', 'NO', 'Mandello Vitta'),
('E882', 'TA', 'Manduria'),
('E883', 'BS', 'Manerba del Garda'),
('E884', 'BS', 'Manerbio'),
('E885', 'FG', 'Manfredonia'),
('E887', 'CN', 'Mango'),
('E888', 'CS', 'Mangone'),
('E889', 'PN', 'Maniago'),
('E891', 'AV', 'Manocalzati'),
('E892', 'PE', 'Manoppello'),
('E893', 'TV', 'Mansuè'),
('E894', 'CN', 'Manta'),
('E896', 'SO', 'Mantello'),
('E897', 'MN', 'Mantova'),
('E899', 'UD', 'Manzano'),
('E900', 'RM', 'Manziana'),
('E901', 'BG', 'Mapello'),
('E902', 'SS', 'Mara'),
('E903', 'CA', 'Maracalagonis'),
('E904', 'MO', 'Maranello'),
('E905', 'MO', 'Marano sul Panaro'),
('E906', 'NA', 'Marano di Napoli'),
('E907', 'NO', 'Marano Ticino'),
('E908', 'RM', 'Marano Equo'),
('E910', 'UD', 'Marano Lagunare'),
('E911', 'VR', 'Marano di Valpolicella'),
('E912', 'VI', 'Marano Vicentino'),
('E914', 'CS', 'Marano Marchesato'),
('E915', 'CS', 'Marano Principato'),
('E917', 'AT', 'Maranzana'),
('E919', 'PZ', 'Maratea'),
('E921', 'MI', 'Marcallo con Casone'),
('E922', 'MN', 'Marcaria'),
('E923', 'CZ', 'Marcedusa'),
('E924', 'RM', 'Marcellina'),
('E925', 'CZ', 'Marcellinara'),
('E927', 'RI', 'Marcetelli'),
('E928', 'BS', 'Marcheno'),
('E929', 'VA', 'Marchirolo'),
('E930', 'LI', 'Marciana'),
('E931', 'LI', 'Marciana Marina'),
('E932', 'CE', 'Marcianise'),
('E933', 'AR', 'Marciano della Chiana'),
('E934', 'PV', 'Marcignago'),
('E936', 'VE', 'Marcon'),
('E939', 'CN', 'Marene'),
('E940', 'TV', 'Mareno di Piave'),
('E941', 'TO', 'Marentino'),
('E944', 'AT', 'Maretto'),
('E945', 'CN', 'Margarita'),
('E946', 'BT', 'Margherita di Savoia'),
('E947', 'LC', 'Margno'),
('E949', 'MN', 'Mariana Mantovana'),
('E951', 'CO', 'Mariano Comense'),
('E952', 'GO', 'Mariano del Friuli'),
('E953', 'CL', 'Marianopoli'),
('E954', 'NA', 'Mariglianella'),
('E955', 'NA', 'Marigliano'),
('E956', 'RC', 'Marina di Gioiosa Ionica'),
('E957', 'PA', 'Marineo'),
('E958', 'RM', 'Marino'),
('E960', 'PT', 'Marliana'),
('E961', 'BS', 'Marmentino'),
('E962', 'MN', 'Marmirolo'),
('E963', 'CN', 'Marmora'),
('E965', 'VA', 'Marnate'),
('E967', 'BS', 'Marone'),
('E968', 'RC', 'Maropati'),
('E970', 'VI', 'Marostica'),
('E971', 'FI', 'Marradi'),
('E972', 'OR', 'Marrubiu'),
('E973', 'CN', 'Marsaglia'),
('E974', 'TP', 'Marsala'),
('E975', 'PG', 'Marsciano'),
('E976', 'PZ', 'Marsico Nuovo'),
('E977', 'PZ', 'Marsicovetere'),
('E978', 'VT', 'Marta'),
('E979', 'LE', 'Martano'),
('E980', 'VE', 'Martellago'),
('E982', 'UD', 'Martignacco'),
('E983', 'CR', 'Martignana di Po'),
('E984', 'LE', 'Martignano'),
('E986', 'TA', 'Martina Franca'),
('E987', 'BG', 'Martinengo'),
('E988', 'CN', 'Martiniana Po'),
('E989', 'TE', 'Martinsicuro'),
('E990', 'CZ', 'Martirano'),
('E991', 'CZ', 'Martirano Lombardo'),
('E992', 'SS', 'Martis'),
('E993', 'RC', 'Martone'),
('E994', 'LO', 'Marudo'),
('E995', 'TA', 'Maruggio'),
('E997', 'AV', 'Marzano di Nola'),
('E998', 'CE', 'Marzano Appio'),
('E999', 'PV', 'Marzano'),
('F001', 'CS', 'Marzi'),
('F002', 'VA', 'Marzio'),
('F003', 'MI', 'Masate'),
('F004', 'CT', 'Mascali'),
('F005', 'CT', 'Mascalucia'),
('F006', 'PZ', 'Maschito'),
('F007', 'VA', 'Masciago Primo'),
('F009', 'TV', 'Maser'),
('F010', 'VB', 'Masera'),
('F011', 'PD', 'Maserà di Padova'),
('F012', 'TV', 'Maserada sul Piave'),
('F013', 'PD', 'Masi'),
('F015', 'AL', 'Masio'),
('F016', 'FE', 'Masi Torello'),
('F017', 'CO', 'Maslianico'),
('F020', 'GE', 'Masone'),
('F021', 'FM', 'Massa Fermana'),
('F022', 'AQ', 'Massa d`Albe'),
('F023', 'MS', 'Massa'),
('F024', 'PG', 'Massa Martana'),
('F025', 'PT', 'Massa e Cozzile'),
('F027', 'TA', 'Massafra'),
('F028', 'LO', 'Massalengo'),
('F029', 'RA', 'Massa Lombarda'),
('F030', 'NA', 'Massa Lubrense'),
('F032', 'GR', 'Massa Marittima'),
('F033', 'PD', 'Massanzago'),
('F035', 'LU', 'Massarosa'),
('F037', 'BI', 'Massazza'),
('F041', 'TO', 'Massello'),
('F042', 'BI', 'Masserano'),
('F043', 'CE', 'San Marco Evangelista'),
('F044', 'AP', 'Massignano'),
('F045', 'TN', 'Massimeno'),
('F046', 'SV', 'Massimino'),
('F047', 'NO', 'Massino Visconti'),
('F048', 'VB', 'Massiola'),
('F050', 'OR', 'Masullas'),
('F051', 'MC', 'Matelica'),
('F052', 'MT', 'Matera'),
('F053', 'TO', 'Mathi'),
('F054', 'LE', 'Matino'),
('F055', 'CB', 'Matrice'),
('F058', 'TO', 'Mattie'),
('F059', 'FG', 'Mattinata'),
('F061', 'TP', 'Mazara del Vallo'),
('F063', 'BS', 'Mazzano'),
('F064', 'RM', 'Mazzano Romano'),
('F065', 'CL', 'Mazzarino'),
('F066', 'ME', 'Mazzarrà Sant`Andrea'),
('F067', 'TO', 'Mazzè'),
('F068', 'TN', 'Mazzin'),
('F070', 'SO', 'Mazzo di Valtellina'),
('F073', 'NU', 'Meana Sardo'),
('F074', 'TO', 'Meana di Susa'),
('F078', 'MB', 'Meda'),
('F080', 'PV', 'Mede'),
('F081', 'GO', 'Medea'),
('F082', 'PR', 'Medesano'),
('F083', 'BO', 'Medicina'),
('F084', 'MI', 'Mediglia'),
('F085', 'BG', 'Medolago'),
('F086', 'MN', 'Medole'),
('F087', 'MO', 'Medolla'),
('F088', 'TV', 'Meduna di Livenza'),
('F089', 'PN', 'Meduno'),
('F092', 'PD', 'Megliadino San Vitale'),
('F093', 'NO', 'Meina'),
('F095', 'RO', 'Melara'),
('F096', 'AL', 'Melazzo'),
('F097', 'FC', 'Meldola'),
('F098', 'GE', 'Mele'),
('F100', 'MI', 'Melegnano'),
('F101', 'LE', 'Melendugno'),
('F102', 'LO', 'Meleti'),
('F104', 'PZ', 'Melfi'),
('F105', 'RC', 'Melicuccà'),
('F106', 'RC', 'Melicucco'),
('F107', 'SR', 'Melilli'),
('F108', 'KR', 'Melissa'),
('F109', 'LE', 'Melissano'),
('F110', 'AV', 'Melito Irpino'),
('F111', 'NA', 'Melito di Napoli'),
('F112', 'RC', 'Melito di Porto Salvo'),
('F113', 'BN', 'Melizzano'),
('F114', 'CN', 'Melle'),
('F115', 'SO', 'Mello'),
('F116', 'TV', 'Silea'),
('F117', 'LE', 'Melpignano'),
('F119', 'MI', 'Melzo'),
('F120', 'CO', 'Menaggio'),
('F122', 'PV', 'Menconico'),
('F123', 'IM', 'Mendatica'),
('F125', 'CS', 'Mendicino'),
('F126', 'AG', 'Menfi'),
('F127', 'RM', 'Mentana'),
('F130', 'VE', 'Meolo'),
('F131', 'AL', 'Merana'),
('F133', 'LC', 'Merate'),
('F134', 'VA', 'Mercallo'),
('F135', 'PU', 'Mercatello sul Metauro'),
('F136', 'PU', 'Mercatino Conca'),
('F137', 'RN', 'Novafeltria'),
('F138', 'SA', 'Mercato San Severino'),
('F139', 'FC', 'Mercato Saraceno'),
('F140', 'TO', 'Mercenasco'),
('F141', 'AV', 'Mercogliano'),
('F144', 'UD', 'Mereto di Tomba'),
('F145', 'AN', 'Mergo'),
('F146', 'VB', 'Mergozzo'),
('F147', 'ME', 'Merì'),
('F148', 'PD', 'Merlara'),
('F149', 'LO', 'Merlino'),
('F151', 'CO', 'Merone'),
('F152', 'BR', 'Mesagne'),
('F153', 'SO', 'Mese'),
('F154', 'VA', 'Mesenzana'),
('F155', 'MI', 'Mesero'),
('F156', 'FE', 'Mesola'),
('F157', 'KR', 'Mesoraca'),
('F158', 'ME', 'Messina'),
('F161', 'PD', 'Mestrino'),
('F162', 'NA', 'Meta'),
('F165', 'MB', 'Mezzago'),
('F167', 'BI', 'Mezzana Mortigliengo'),
('F168', 'TN', 'Mezzana'),
('F170', 'PV', 'Mezzana Bigli'),
('F171', 'PV', 'Mezzana Rabattone'),
('F172', 'VR', 'Mezzane di Sotto'),
('F173', 'GE', 'Mezzanego'),
('F175', 'PV', 'Mezzanino'),
('F176', 'TN', 'Mezzano'),
('F182', 'TO', 'Mezzenile'),
('F183', 'TN', 'Mezzocorona'),
('F184', 'PA', 'Mezzojuso'),
('F186', 'BG', 'Mezzoldo'),
('F187', 'TN', 'Mezzolombardo'),
('F188', 'NO', 'Mezzomerico'),
('F189', 'BI', 'Miagliano'),
('F190', 'TV', 'Miane'),
('F191', 'NO', 'Miasino'),
('F192', 'VB', 'Miazzina'),
('F193', 'RI', 'Micigliano'),
('F194', 'LE', 'Miggiano'),
('F196', 'CH', 'Miglianico'),
('F200', 'CZ', 'Miglierina'),
('F201', 'MT', 'Miglionico'),
('F202', 'GE', 'Mignanego'),
('F203', 'CE', 'Mignano Monte Lungo'),
('F205', 'MI', 'Milano'),
('F206', 'ME', 'Milazzo'),
('F207', 'VV', 'Mileto'),
('F208', 'OR', 'Milis'),
('F209', 'CT', 'Militello in Val di Catania'),
('F210', 'ME', 'Militello Rosmarino'),
('F213', 'SV', 'Millesimo'),
('F214', 'CT', 'Milo'),
('F216', 'BS', 'Milzano'),
('F217', 'CT', 'Mineo'),
('F218', 'VR', 'Minerbe'),
('F219', 'BO', 'Minerbio'),
('F220', 'BT', 'Minervino Murge'),
('F221', 'LE', 'Minervino di Lecce'),
('F223', 'SA', 'Minori'),
('F224', 'LT', 'Minturno'),
('F225', 'LU', 'Minucciano'),
('F226', 'SV', 'Mioglia'),
('F229', 'VE', 'Mira'),
('F230', 'AV', 'Mirabella Eclano'),
('F231', 'CT', 'Mirabella Imbaccari'),
('F232', 'AL', 'Mirabello Monferrato'),
('F233', 'CB', 'Mirabello Sannitico'),
('F238', 'PV', 'Miradolo Terme'),
('F239', 'IS', 'Miranda'),
('F240', 'MO', 'Mirandola'),
('F241', 'VE', 'Mirano'),
('F242', 'ME', 'Mirto'),
('F243', 'BG', 'Misano di Gera d`Adda'),
('F244', 'RN', 'Misano Adriatico'),
('F246', 'PA', 'Misilmeri'),
('F247', 'MB', 'Misinto'),
('F248', 'LC', 'Missaglia'),
('F249', 'PZ', 'Missanello'),
('F250', 'CT', 'Misterbianco'),
('F251', 'ME', 'Mistretta'),
('F254', 'AT', 'Moasca'),
('F256', 'GE', 'Moconesi'),
('F257', 'MO', 'Modena'),
('F258', 'RG', 'Modica'),
('F259', 'FC', 'Modigliana'),
('F260', 'LO', 'Tavazzano con Villavesco'),
('F261', 'OR', 'Modolo'),
('F262', 'BA', 'Modugno'),
('F263', 'TN', 'Moena'),
('F265', 'LC', 'Moggio'),
('F266', 'UD', 'Moggio Udinese'),
('F267', 'MN', 'Moglia'),
('F268', 'MC', 'Mogliano'),
('F269', 'TV', 'Mogliano Veneto'),
('F270', 'OR', 'Mogorella'),
('F271', 'OR', 'Ruinas'),
('F272', 'OR', 'Mogoro'),
('F274', 'BN', 'Moiano'),
('F275', 'UD', 'Moimacco'),
('F276', 'BG', 'Moio de` Calvi'),
('F277', 'ME', 'Moio Alcantara'),
('F278', 'SA', 'Moio della Civitella'),
('F279', 'CN', 'Moiola'),
('F280', 'BA', 'Mola di Bari'),
('F281', 'AL', 'Molare'),
('F283', 'LU', 'Molazzana'),
('F284', 'BA', 'Molfetta'),
('F287', 'BN', 'Molinara'),
('F288', 'BO', 'Molinella'),
('F290', 'IM', 'Molini di Triora'),
('F293', 'AL', 'Molino dei Torti'),
('F294', 'CB', 'Molise'),
('F295', 'PZ', 'Moliterno'),
('F297', 'VC', 'Mollia'),
('F299', 'AG', 'Porto Empedocle'),
('F301', 'RC', 'Molochio'),
('F304', 'LC', 'Molteno'),
('F305', 'CO', 'Moltrasio'),
('F307', 'TN', 'Molveno'),
('F308', 'AT', 'Mombaldone'),
('F309', 'CN', 'Mombarcaro'),
('F310', 'PU', 'Mombaroccio'),
('F311', 'AT', 'Mombaruzzo'),
('F312', 'CN', 'Mombasiglio'),
('F313', 'AL', 'Mombello Monferrato'),
('F315', 'TO', 'Mombello di Torino'),
('F316', 'AT', 'Mombercelli'),
('F317', 'NO', 'Momo'),
('F318', 'TO', 'Mompantero'),
('F319', 'RI', 'Mompeo'),
('F320', 'AL', 'Momperone'),
('F322', 'CB', 'Monacilioni'),
('F323', 'AT', 'Monale'),
('F324', 'RC', 'Monasterace'),
('F325', 'AT', 'Monastero Bormida'),
('F326', 'CN', 'Monastero di Vasco'),
('F327', 'TO', 'Monastero di Lanzo'),
('F328', 'BG', 'Monasterolo del Castello'),
('F329', 'CN', 'Monasterolo Casotto'),
('F330', 'CN', 'Monasterolo di Savigliano'),
('F332', 'TV', 'Monastier di Treviso'),
('F333', 'SU', 'Monastir'),
('F335', 'TO', 'Moncalieri'),
('F336', 'AT', 'Moncalvo'),
('F337', 'AL', 'Moncestino'),
('F338', 'CN', 'Monchiero'),
('F340', 'PR', 'Monchio delle Corti'),
('F342', 'VC', 'Moncrivello'),
('F343', 'AT', 'Moncucco Torinese'),
('F346', 'RN', 'Mondaino'),
('F347', 'PU', 'Mondavio'),
('F348', 'PU', 'Mondolfo'),
('F351', 'CN', 'Mondovì'),
('F352', 'CE', 'Mondragone'),
('F354', 'GE', 'Moneglia'),
('F355', 'CN', 'Monesiglio'),
('F356', 'GO', 'Monfalcone'),
('F357', 'MO', 'Serramazzoni'),
('F358', 'CN', 'Monforte d`Alba'),
('F359', 'ME', 'Monforte San Giorgio'),
('F360', 'TV', 'Monfumo'),
('F361', 'AT', 'Mongardino'),
('F363', 'BO', 'Monghidoro'),
('F364', 'VV', 'Mongiana'),
('F365', 'AL', 'Mongiardino Ligure'),
('F367', 'AO', 'Montjovet'),
('F368', 'ME', 'Mongiuffi Melia'),
('F369', 'BI', 'Mongrando'),
('F370', 'CS', 'Mongrassano'),
('F372', 'CO', 'Monguzzo'),
('F373', 'BS', 'Moniga del Garda'),
('F374', 'AL', 'Monleale'),
('F375', 'BS', 'Monno'),
('F376', 'BA', 'Monopoli'),
('F377', 'PA', 'Monreale'),
('F378', 'TS', 'Monrupino-Repentabor'),
('F379', 'FM', 'Monsampietro Morico'),
('F380', 'AP', 'Monsampolo del Tronto'),
('F381', 'AN', 'Monsano'),
('F382', 'PD', 'Monselice'),
('F383', 'CA', 'Monserrato'),
('F384', 'PT', 'Monsummano Terme'),
('F385', 'CN', 'Montà'),
('F386', 'AT', 'Montabone'),
('F387', 'AL', 'Montacuto'),
('F390', 'AT', 'Montafia'),
('F391', 'CB', 'Montagano'),
('F393', 'SO', 'Montagna in Valtellina'),
('F394', 'PD', 'Montagnana'),
('F395', 'ME', 'Montagnareale'),
('F397', 'AV', 'Montaguto'),
('F398', 'FI', 'Montaione'),
('F399', 'MT', 'Montalbano Jonico'),
('F400', 'ME', 'Montalbano Elicona'),
('F401', 'AN', 'Ostra'),
('F403', 'AL', 'Montaldeo'),
('F404', 'AL', 'Montaldo Bormida'),
('F405', 'CN', 'Montaldo di Mondovì'),
('F407', 'TO', 'Montaldo Torinese'),
('F408', 'CN', 'Montaldo Roero'),
('F409', 'AT', 'Montaldo Scarampi'),
('F410', 'PT', 'Montale'),
('F411', 'TO', 'Montalenghe'),
('F414', 'AG', 'Montallegro'),
('F415', 'AP', 'Montalto delle Marche'),
('F416', 'CS', 'Montalto Uffugo'),
('F417', 'PV', 'Montalto Pavese'),
('F419', 'VT', 'Montalto di Castro'),
('F420', 'TO', 'Montalto Dora'),
('F422', 'TO', 'Montanaro'),
('F423', 'LO', 'Montanaso Lombardo'),
('F424', 'CN', 'Montanera'),
('F426', 'SA', 'Montano Antilia'),
('F427', 'CO', 'Montano Lucino'),
('F428', 'FM', 'Montappone'),
('F429', 'IS', 'Montaquila'),
('F430', 'RI', 'Montasola'),
('F432', 'CZ', 'Montauro'),
('F433', 'CH', 'Montazzoli'),
('F434', 'CR', 'Monte Cremasco'),
('F437', 'GR', 'Monte Argentario'),
('F440', 'PV', 'Montebello della Battaglia'),
('F441', 'PE', 'Montebello di Bertona'),
('F442', 'VI', 'Montebello Vicentino'),
('F443', 'TV', 'Montebelluna'),
('F445', 'GE', 'Montebruno'),
('F446', 'RI', 'Montebuono'),
('F448', 'AV', 'Montecalvo Irpino'),
('F449', 'PV', 'Montecalvo Versiggia'),
('F450', 'PU', 'Montecalvo in Foglia'),
('F452', 'LU', 'Montecarlo'),
('F453', 'AN', 'Montecarotto'),
('F454', 'MC', 'Montecassiano'),
('F455', 'AL', 'Montecastello'),
('F456', 'PG', 'Monte Castello di Vibio'),
('F457', 'TR', 'Montecastrilli'),
('F458', 'PI', 'Montecatini Val di Cecina'),
('F460', 'MC', 'Monte Cavallo'),
('F461', 'VR', 'Montecchia di Crosara'),
('F462', 'TR', 'Montecchio'),
('F463', 'RE', 'Montecchio Emilia'),
('F464', 'VI', 'Montecchio Maggiore'),
('F465', 'VI', 'Montecchio Precalcino'),
('F467', 'PU', 'Monte Cerignone'),
('F468', 'AT', 'Montechiaro d`Asti'),
('F469', 'AL', 'Montechiaro d`Acqui'),
('F471', 'BS', 'Montichiari'),
('F473', 'PR', 'Montechiarugolo'),
('F475', 'CB', 'Montecilfone'),
('F477', 'RM', 'Monte Compatri'),
('F478', 'RN', 'Montecopiolo'),
('F479', 'SA', 'Montecorice'),
('F480', 'SA', 'Montecorvino Pugliano'),
('F481', 'SA', 'Montecorvino Rovella'),
('F482', 'MC', 'Montecosaro'),
('F483', 'VB', 'Montecrestese'),
('F484', 'MO', 'Montecreto'),
('F486', 'VI', 'Monte di Malo'),
('F487', 'AP', 'Montedinove'),
('F488', 'NA', 'Monte di Procida'),
('F489', 'CL', 'Montedoro'),
('F491', 'AV', 'Montefalcione'),
('F492', 'PG', 'Montefalco'),
('F493', 'FM', 'Montefalcone Appennino'),
('F494', 'BN', 'Montefalcone di Val Fortore'),
('F495', 'CB', 'Montefalcone nel Sannio'),
('F496', 'MC', 'Montefano'),
('F497', 'PU', 'Montefelcino'),
('F498', 'CH', 'Monteferrante'),
('F499', 'VT', 'Montefiascone'),
('F500', 'TE', 'Montefino'),
('F501', 'AP', 'Montefiore dell`Aso'),
('F502', 'RN', 'Montefiore Conca'),
('F503', 'MO', 'Montefiorino'),
('F504', 'RM', 'Monteflavio'),
('F506', 'AV', 'Monteforte Irpino'),
('F507', 'SA', 'Monteforte Cilento'),
('F508', 'VR', 'Monteforte d`Alpone'),
('F509', 'FM', 'Montefortino'),
('F510', 'TR', 'Montefranco'),
('F511', 'AV', 'Montefredane'),
('F512', 'AV', 'Montefusco'),
('F513', 'TR', 'Montegabbione'),
('F514', 'VI', 'Montegalda'),
('F515', 'VI', 'Montegaldella'),
('F516', 'AP', 'Montegallo'),
('F517', 'FM', 'Monte Giberto'),
('F518', 'AL', 'Montegioco'),
('F519', 'CS', 'Montegiordano'),
('F520', 'FM', 'Montegiorgio'),
('F522', 'FM', 'Montegranaro'),
('F523', 'RN', 'Montegridolfo'),
('F524', 'PU', 'Monte Grimano Terme'),
('F526', 'VA', 'Montegrino Valtravaglia'),
('F527', 'AT', 'Montegrosso d`Asti'),
('F528', 'IM', 'Montegrosso Pian Latte'),
('F529', 'PD', 'Montegrotto Terme'),
('F531', 'TA', 'Monteiasi'),
('F532', 'BS', 'Monte Isola'),
('F533', 'PU', 'Montelabbate'),
('F534', 'RM', 'Montelanico'),
('F535', 'CH', 'Montelapiano'),
('F536', 'FM', 'Monteleone di Fermo'),
('F537', 'VV', 'Vibo Valentia'),
('F538', 'FG', 'Monteleone di Puglia'),
('F540', 'PG', 'Monteleone di Spoleto'),
('F541', 'RI', 'Monteleone Sabino'),
('F542', 'SS', 'Monteleone Rocca Doria'),
('F543', 'TR', 'Monteleone d`Orvieto'),
('F544', 'PA', 'Montelepre'),
('F545', 'RM', 'Montelibretti'),
('F546', 'AV', 'Montella'),
('F547', 'BG', 'Montello'),
('F548', 'CB', 'Montelongo'),
('F549', 'FM', 'Montelparo'),
('F550', 'CN', 'Montelupo Albese'),
('F551', 'FI', 'Montelupo Fiorentino'),
('F552', 'MC', 'Montelupone'),
('F553', 'PA', 'Montemaggiore Belsito'),
('F556', 'AT', 'Montemagno Monferrato'),
('F557', 'BN', 'Sant`Arcangelo Trimonte'),
('F558', 'CN', 'Montemale di Cuneo'),
('F559', 'AV', 'Montemarano'),
('F560', 'AN', 'Montemarciano'),
('F561', 'LC', 'Monte Marenzo'),
('F562', 'AL', 'Montemarzino'),
('F563', 'TA', 'Montemesola'),
('F564', 'CO', 'Montemezzo'),
('F565', 'AR', 'Montemignaio'),
('F566', 'AV', 'Montemiletto'),
('F567', 'MC', 'Pollenza'),
('F568', 'PZ', 'Montemilone'),
('F569', 'CB', 'Montemitro'),
('F570', 'AP', 'Montemonaco'),
('F572', 'PO', 'Montemurlo'),
('F573', 'PZ', 'Montemurro'),
('F574', 'UD', 'Montenars'),
('F576', 'CB', 'Montenero di Bisaccia'),
('F578', 'CH', 'Montenerodomo'),
('F579', 'RI', 'Montenero Sabino'),
('F580', 'IS', 'Montenero Val Cocchiara'),
('F581', 'AN', 'Ostra Vetere'),
('F582', 'CH', 'Monteodorisio'),
('F585', 'TE', 'Roseto degli Abruzzi'),
('F586', 'CZ', 'Montepaone'),
('F587', 'TA', 'Monteparano'),
('F589', 'PU', 'Monte Porzio'),
('F590', 'RM', 'Monte Porzio Catone'),
('F591', 'AP', 'Monteprandone'),
('F592', 'SI', 'Montepulciano'),
('F594', 'AR', 'Monterchi'),
('F595', 'AQ', 'Montereale'),
('F596', 'PN', 'Montereale Valcellina'),
('F597', 'BO', 'Monterenzio'),
('F598', 'SI', 'Monteriggioni'),
('F599', 'FM', 'Monte Rinaldo'),
('F600', 'AN', 'Monte Roberto'),
('F601', 'IS', 'Monteroduni'),
('F603', 'VT', 'Monte Romano'),
('F604', 'LE', 'Monteroni di Lecce'),
('F605', 'SI', 'Monteroni d`Arbia'),
('F606', 'VT', 'Monterosi'),
('F607', 'VV', 'Monterosso Calabro'),
('F608', 'CN', 'Monterosso Grana'),
('F609', 'SP', 'Monterosso al Mare'),
('F610', 'RG', 'Monterosso Almo'),
('F611', 'RM', 'Monterotondo'),
('F612', 'GR', 'Monterotondo Marittimo'),
('F614', 'FM', 'Monterubbiano'),
('F616', 'LT', 'Monte San Biagio'),
('F618', 'SA', 'Monte San Giacomo'),
('F619', 'RI', 'Monte San Giovanni in Sabina'),
('F620', 'FR', 'Monte San Giovanni Campano'),
('F621', 'MC', 'Monte San Giusto'),
('F622', 'MC', 'Monte San Martino'),
('F623', 'LE', 'Montesano Salentino'),
('F625', 'SA', 'Montesano sulla Marcellana'),
('F626', 'FM', 'Monte San Pietrangeli'),
('F627', 'BO', 'Monte San Pietro'),
('F628', 'AR', 'Monte San Savino'),
('F629', 'PG', 'Monte Santa Maria Tiberina'),
('F631', 'FG', 'Monte Sant`Angelo'),
('F632', 'MC', 'Potenza Picena'),
('F634', 'AN', 'Monte San Vito'),
('F636', 'BN', 'Montesarchio'),
('F637', 'MT', 'Montescaglioso'),
('F638', 'PV', 'Montescano'),
('F639', 'VB', 'Montescheno'),
('F640', 'PI', 'Montescudaio'),
('F642', 'MO', 'Montese'),
('F644', 'PV', 'Montesegale'),
('F646', 'PE', 'Montesilvano'),
('F648', 'FI', 'Montespertoli'),
('F651', 'TO', 'Monteu da Po'),
('F653', 'FM', 'Monte Urano'),
('F654', 'CN', 'Monteu Roero'),
('F655', 'AG', 'Montevago'),
('F656', 'AR', 'Montevarchi'),
('F657', 'LC', 'Montevecchia'),
('F660', 'AV', 'Monteverde'),
('F661', 'PI', 'Monteverdi Marittimo'),
('F662', 'VI', 'Monteviale'),
('F664', 'FM', 'Monte Vidon Combatte'),
('F665', 'FM', 'Monte Vidon Corrado'),
('F666', 'CN', 'Montezemolo'),
('F667', 'SS', 'Monti'),
('F668', 'FC', 'Montiano'),
('F669', 'CN', 'Monticello d`Alba'),
('F670', 'PV', 'Monticelli Pavese'),
('F671', 'PC', 'Monticelli d`Ongina'),
('F672', 'BS', 'Monticelli Brusati'),
('F674', 'LC', 'Monticello Brianza'),
('F675', 'VI', 'Monticello Conte Otto'),
('F676', 'SI', 'Monticiano'),
('F677', 'GR', 'Montieri'),
('F679', 'MS', 'Montignoso'),
('F680', 'BS', 'Montirone'),
('F681', 'CR', 'Montodine'),
('F682', 'GE', 'Montoggio'),
('F685', 'PG', 'Montone'),
('F686', 'PI', 'Montopoli in Val d`Arno'),
('F687', 'RI', 'Montopoli di Sabina'),
('F688', 'CO', 'Montorfano'),
('F689', 'CB', 'Montorio nei Frentani'),
('F690', 'TE', 'Montorio al Vomano'),
('F692', 'RM', 'Montorio Romano'),
('F696', 'VI', 'Montorso Vicentino'),
('F697', 'FM', 'Montottone'),
('F698', 'OR', 'Montresta'),
('F701', 'PV', 'Montù Beccaria'),
('F703', 'VA', 'Monvalle'),
('F704', 'MB', 'Monza'),
('F705', 'MN', 'Monzambano'),
('F706', 'BO', 'Monzuno'),
('F707', 'AL', 'Morano sul Po'),
('F708', 'CS', 'Morano Calabro'),
('F710', 'GO', 'Moraro'),
('F711', 'VA', 'Morazzone'),
('F712', 'SO', 'Morbegno'),
('F713', 'AL', 'Morbello'),
('F715', 'RN', 'Morciano di Romagna'),
('F716', 'LE', 'Morciano di Leuca'),
('F717', 'BN', 'Morcone'),
('F718', 'BO', 'Mordano'),
('F720', 'BG', 'Morengo'),
('F721', 'SS', 'Mores'),
('F722', 'FM', 'Moresco'),
('F723', 'CN', 'Moretta'),
('F724', 'PC', 'Morfasso'),
('F725', 'TV', 'Morgano'),
('F726', 'AO', 'Morgex'),
('F727', 'OR', 'Morgongiori'),
('F728', 'TN', 'Mori'),
('F729', 'TV', 'Moriago della Battaglia'),
('F730', 'RM', 'Moricone'),
('F731', 'SA', 'Morigerati'),
('F732', 'AQ', 'Morino'),
('F733', 'TO', 'Moriondo Torinese'),
('F734', 'RM', 'Morlupo'),
('F735', 'CS', 'Mormanno'),
('F736', 'VA', 'Mornago'),
('F737', 'AL', 'Mornese'),
('F738', 'BG', 'Mornico al Serio'),
('F739', 'PV', 'Mornico Losana'),
('F740', 'FR', 'Morolo'),
('F743', 'CN', 'Morozzo'),
('F744', 'AV', 'Morra De Sanctis'),
('F745', 'AN', 'Morro d`Alba'),
('F746', 'RI', 'Morro Reatino'),
('F747', 'TE', 'Morro d`Oro'),
('F748', 'CB', 'Morrone del Sannio'),
('F749', 'MC', 'Morrovalle'),
('F750', 'PN', 'Morsano al Tagliamento'),
('F751', 'AL', 'Morsasco'),
('F754', 'PV', 'Mortara'),
('F756', 'UD', 'Mortegliano'),
('F758', 'LC', 'Morterone'),
('F760', 'UD', 'Moruzzo'),
('F761', 'CR', 'Moscazzano'),
('F762', 'AV', 'Moschiano'),
('F764', 'TE', 'Mosciano Sant`Angelo'),
('F765', 'PE', 'Moscufo'),
('F767', 'GO', 'Mossa'),
('F770', 'TV', 'Motta di Livenza'),
('F771', 'CR', 'Motta Baluffi'),
('F772', 'ME', 'Motta Camastra'),
('F773', 'ME', 'Motta d`Affermo'),
('F774', 'VC', 'Motta de` Conti'),
('F775', 'CS', 'Mottafollone'),
('F776', 'BI', 'Mottalciata'),
('F777', 'FG', 'Motta Montecorvino'),
('F779', 'RC', 'Motta San Giovanni'),
('F780', 'CZ', 'Motta Santa Lucia'),
('F781', 'CT', 'Motta Sant`Anastasia'),
('F783', 'MI', 'Motta Visconti'),
('F784', 'TA', 'Mottola'),
('F785', 'CH', 'Mozzagrogna'),
('F786', 'BG', 'Mozzanica'),
('F788', 'CO', 'Mozzate'),
('F789', 'VR', 'Mozzecane'),
('F791', 'BG', 'Mozzo'),
('F793', 'MC', 'Muccia'),
('F795', 'TS', 'Muggia'),
('F797', 'MB', 'Muggiò'),
('F798', 'AV', 'Mugnano del Cardinale'),
('F799', 'NA', 'Mugnano di Napoli'),
('F801', 'LO', 'Mulazzano'),
('F802', 'MS', 'Mulazzo'),
('F806', 'BS', 'Mura'),
('F808', 'SU', 'Muravera'),
('F809', 'CN', 'Murazzano'),
('F810', 'VI', 'Salcedo'),
('F811', 'CN', 'Murello'),
('F813', 'SV', 'Murialdo'),
('F814', 'AL', 'Murisengo'),
('F815', 'SI', 'Murlo'),
('F816', 'LE', 'Muro Leccese'),
('F817', 'PZ', 'Muro Lucano'),
('F818', 'SS', 'Muros'),
('F820', 'BS', 'Muscoline'),
('F822', 'SU', 'Musei'),
('F826', 'VE', 'Musile di Piave'),
('F828', 'CO', 'Musso'),
('F829', 'VI', 'Mussolente'),
('F830', 'CL', 'Mussomeli'),
('F831', 'TE', 'Pineto'),
('F832', 'UD', 'Muzzana del Turgnano'),
('F833', 'BI', 'Muzzano'),
('F835', 'TN', 'Nago-Torbole'),
('F838', 'VI', 'Nanto'),
('F839', 'NA', 'Napoli'),
('F840', 'OR', 'Narbolia'),
('F841', 'SU', 'Narcao'),
('F842', 'LE', 'Nardò'),
('F843', 'VV', 'Nardodipace'),
('F844', 'TR', 'Narni'),
('F845', 'AG', 'Naro'),
('F846', 'CN', 'Narzole'),
('F847', 'SV', 'Nasino'),
('F848', 'ME', 'Naso'),
('F851', 'BS', 'Nave'),
('F852', 'AQ', 'Navelli'),
('F857', 'RM', 'Nazzano'),
('F858', 'GE', 'Ne'),
('F859', 'NO', 'Nebbiuno'),
('F861', 'VR', 'Negrar di Valpolicella'),
('F862', 'GE', 'Neirone'),
('F863', 'CN', 'Neive'),
('F864', 'BG', 'Nembro'),
('F865', 'RM', 'Nemi'),
('F866', 'PZ', 'Nemoli'),
('F867', 'OR', 'Neoneli'),
('F868', 'VT', 'Nepi'),
('F870', 'TE', 'Nereto'),
('F871', 'RM', 'Nerola'),
('F872', 'TV', 'Nervesa della Battaglia'),
('F874', 'MI', 'Nerviano'),
('F876', 'RI', 'Nespolo'),
('F877', 'CO', 'Nesso'),
('F878', 'BI', 'Netro'),
('F880', 'RM', 'Nettuno'),
('F881', 'LE', 'Neviano'),
('F882', 'PR', 'Neviano degli Arduini'),
('F883', 'CN', 'Neviglie'),
('F884', 'BS', 'Niardo'),
('F886', 'NO', 'Nibbiola'),
('F887', 'LC', 'Nibionno'),
('F889', 'TO', 'Nichelino'),
('F890', 'CT', 'Nicolosi'),
('F891', 'PV', 'Nicorvo'),
('F892', 'EN', 'Nicosia'),
('F893', 'VV', 'Nicotera'),
('F894', 'CN', 'Niella Belbo'),
('F895', 'CN', 'Niella Tanaro'),
('F898', 'UD', 'Nimis'),
('F899', 'CL', 'Niscemi'),
('F900', 'EN', 'Nissoria'),
('F901', 'ME', 'Nizza di Sicilia'),
('F902', 'AT', 'Nizza Monferrato'),
('F904', 'VE', 'Noale'),
('F906', 'TO', 'Noasca'),
('F907', 'CS', 'Nocara'),
('F908', 'PE', 'Nocciano'),
('F910', 'CZ', 'Nocera Terinese'),
('F911', 'PG', 'Nocera Umbra'),
('F912', 'SA', 'Nocera Inferiore'),
('F913', 'SA', 'Nocera Superiore'),
('F914', 'PR', 'Noceto'),
('F915', 'BA', 'Noci'),
('F916', 'LE', 'Nociglia'),
('F917', 'PZ', 'Noepoli'),
('F918', 'VR', 'Nogara'),
('F920', 'TN', 'Nogaredo'),
('F921', 'VR', 'Nogarole Rocca'),
('F922', 'VI', 'Nogarole Vicentino'),
('F923', 'BA', 'Noicattaro'),
('F924', 'NA', 'Nola'),
('F925', 'TO', 'Nole'),
('F926', 'SV', 'Noli'),
('F927', 'TO', 'Nomaglio'),
('F929', 'TN', 'Nomi'),
('F930', 'MO', 'Nonantola'),
('F931', 'TO', 'None'),
('F932', 'VB', 'Nonio'),
('F933', 'NU', 'Noragugume'),
('F934', 'OR', 'Norbello'),
('F935', 'PG', 'Norcia'),
('F937', 'LT', 'Norma'),
('F939', 'MI', 'Nosate'),
('F941', 'BG', 'Ponte Nossa'),
('F942', 'TE', 'Notaresco'),
('F943', 'SR', 'Noto'),
('F944', 'MB', 'Nova Milanese'),
('F947', 'TN', 'Novaledo'),
('F948', 'TO', 'Novalesa'),
('F951', 'ME', 'Novara di Sicilia'),
('F952', 'NO', 'Novara'),
('F955', 'MI', 'Novate Milanese'),
('F956', 'SO', 'Novate Mezzola'),
('F957', 'VI', 'Nove'),
('F958', 'CO', 'Novedrate'),
('F960', 'RE', 'Novellara'),
('F961', 'CN', 'Novello'),
('F962', 'PD', 'Noventa Padovana'),
('F963', 'VE', 'Noventa di Piave'),
('F964', 'VI', 'Noventa Vicentina'),
('F965', 'AL', 'Novi Ligure'),
('F966', 'MO', 'Novi di Modena'),
('F967', 'SA', 'Novi Velia'),
('F968', 'MI', 'Noviglio'),
('F970', 'LE', 'Novoli'),
('F972', 'CN', 'Nucetto'),
('F974', 'OR', 'Nughedu Santa Vittoria'),
('F975', 'SS', 'Nughedu San Nicolò'),
('F976', 'SS', 'Nule'),
('F977', 'SS', 'Nulvi'),
('F978', 'AN', 'Numana'),
('F979', 'NU', 'Nuoro'),
('F980', 'OR', 'Nurachi'),
('F981', 'SU', 'Nuragus'),
('F982', 'SU', 'Nurallao'),
('F983', 'SU', 'Nuraminis'),
('F985', 'OR', 'Nureci'),
('F986', 'SU', 'Nurri'),
('F987', 'AO', 'Nus'),
('F988', 'AV', 'Nusco'),
('F989', 'BS', 'Nuvolento'),
('F990', 'BS', 'Nuvolera'),
('F991', 'SU', 'Nuxis'),
('F992', 'BI', 'Occhieppo Inferiore'),
('F993', 'BI', 'Occhieppo Superiore'),
('F994', 'RO', 'Occhiobello'),
('F995', 'AL', 'Occimiano'),
('F996', 'AQ', 'Ocre'),
('F997', 'AL', 'Odalengo Grande'),
('F998', 'AL', 'Odalengo Piccolo'),
('F999', 'TV', 'Oderzo'),
('fe', 'AL', 'fe'),
('G001', 'BS', 'Odolo'),
('G002', 'AQ', 'Ofena'),
('G003', 'AN', 'Offagna'),
('G004', 'CR', 'Offanengo'),
('G005', 'AP', 'Offida'),
('G006', 'BS', 'Offlaga'),
('G007', 'VB', 'Oggebbio'),
('G008', 'VA', 'Oggiona con Santo Stefano'),
('G009', 'LC', 'Oggiono'),
('G010', 'TO', 'Oglianico'),
('G011', 'SA', 'Ogliastro Cilento'),
('G012', 'AO', 'Oyace'),
('G015', 'SS', 'Olbia'),
('G016', 'VC', 'Olcenengo'),
('G018', 'VC', 'Oldenico'),
('G019', 'NO', 'Oleggio'),
('G020', 'NO', 'Oleggio Castello'),
('G021', 'PV', 'Olevano di Lomellina'),
('G022', 'RM', 'Olevano Romano'),
('G023', 'SA', 'Olevano sul Tusciano'),
('G025', 'CO', 'Olgiate Comasco'),
('G026', 'LC', 'Olgiate Molgora'),
('G028', 'VA', 'Olgiate Olona'),
('G030', 'LC', 'Olginate'),
('G031', 'NU', 'Oliena'),
('G032', 'PV', 'Oliva Gessi'),
('G034', 'CZ', 'Olivadi'),
('G036', 'ME', 'Oliveri'),
('G037', 'MT', 'Oliveto Lucano'),
('G039', 'SA', 'Oliveto Citra'),
('G040', 'LC', 'Oliveto Lario'),
('G041', 'IM', 'Olivetta San Michele'),
('G042', 'AL', 'Olivola'),
('G043', 'OR', 'Ollastra'),
('G044', 'NU', 'Ollolai'),
('G045', 'AO', 'Ollomont'),
('G046', 'SS', 'Olmedo'),
('G047', 'CR', 'Olmeneta'),
('G048', 'AT', 'Olmo Gentile'),
('G049', 'BG', 'Olmo al Brembo'),
('G050', 'BG', 'Oltre il Colle'),
('G054', 'BG', 'Oltressenda Alta'),
('G056', 'CO', 'Oltrona di San Mamette'),
('G058', 'NU', 'Olzai'),
('G061', 'BS', 'Ome'),
('G062', 'VB', 'Omegna'),
('G063', 'SA', 'Omignano'),
('G064', 'NU', 'Onanì'),
('G065', 'VT', 'Onano'),
('G066', 'CN', 'Oncino'),
('G068', 'BG', 'Oneta'),
('G070', 'NU', 'Onifai'),
('G071', 'NU', 'Oniferi'),
('G074', 'BS', 'Ono San Pietro'),
('G075', 'BG', 'Onore'),
('G076', 'SV', 'Onzo'),
('G078', 'MI', 'Opera'),
('G079', 'AQ', 'Opi'),
('G080', 'VR', 'Oppeano'),
('G081', 'PZ', 'Oppido Lucano'),
('G082', 'RC', 'Oppido Mamertina'),
('G084', 'NU', 'Orani'),
('G086', 'CB', 'Oratino'),
('G087', 'TO', 'Orbassano'),
('G088', 'GR', 'Orbetello'),
('G090', 'PI', 'Orciano Pisano'),
('G093', 'GE', 'Orero'),
('G095', 'VI', 'Orgiano'),
('G096', 'LO', 'Pieve Fissiraga'),
('G097', 'NU', 'Orgosolo'),
('G098', 'BR', 'Oria'),
('G102', 'AQ', 'Oricola'),
('G103', 'VA', 'Origgio'),
('G105', 'VA', 'Orino'),
('G107', 'LO', 'Orio Litta'),
('G108', 'BG', 'Orio al Serio'),
('G109', 'TO', 'Orio Canavese'),
('G110', 'CS', 'Oriolo'),
('G111', 'VT', 'Oriolo Romano'),
('G113', 'OR', 'Oristano'),
('G114', 'CN', 'Ormea'),
('G115', 'TV', 'Ormelle'),
('G116', 'MB', 'Ornago'),
('G117', 'VB', 'Ornavasso'),
('G118', 'BG', 'Ornica'),
('G119', 'NU', 'Orosei'),
('G120', 'NU', 'Orotelli'),
('G121', 'SA', 'Orria'),
('G122', 'SU', 'Orroli'),
('G123', 'TV', 'Orsago'),
('G124', 'AL', 'Orsara Bormida'),
('G125', 'FG', 'Orsara di Puglia'),
('G126', 'CO', 'Orsenigo'),
('G128', 'CH', 'Orsogna'),
('G129', 'CS', 'Orsomarso'),
('G130', 'CE', 'Orta di Atella'),
('G131', 'FG', 'Orta Nova'),
('G133', 'SU', 'Ortacesus'),
('G134', 'NO', 'Orta San Giulio'),
('G135', 'VT', 'Orte'),
('G136', 'LE', 'Ortelle'),
('G137', 'FM', 'Ortezzano'),
('G139', 'AR', 'Ortignano Raggiolo'),
('G141', 'CH', 'Ortona'),
('G142', 'AQ', 'Ortona dei Marsi'),
('G143', 'SP', 'Luni'),
('G144', 'SV', 'Ortovero'),
('G145', 'AQ', 'Ortucchio'),
('G146', 'NU', 'Ortueri'),
('G147', 'NU', 'Orune'),
('G148', 'TR', 'Orvieto'),
('G149', 'BS', 'Orzinuovi'),
('G150', 'BS', 'Orzivecchi'),
('G151', 'TO', 'Osasco'),
('G152', 'TO', 'Osasio'),
('G153', 'SS', 'Oschiri'),
('G154', 'NU', 'Osidda'),
('G155', 'SV', 'Osiglia'),
('G156', 'SS', 'Osilo'),
('G157', 'AN', 'Osimo'),
('G158', 'NU', 'Osini'),
('G159', 'BG', 'Osio Sopra'),
('G160', 'BG', 'Osio Sotto'),
('G161', 'LC', 'Osnago'),
('G163', 'UD', 'Osoppo'),
('G164', 'IM', 'Ospedaletti'),
('G165', 'AV', 'Ospedaletto d`Alpinolo'),
('G166', 'LO', 'Ospedaletto Lodigiano'),
('G167', 'PD', 'Ospedaletto Euganeo'),
('G168', 'TN', 'Ospedaletto'),
('G169', 'BL', 'Ospitale di Cadore'),
('G170', 'BS', 'Ospitaletto'),
('G171', 'LO', 'Ossago Lodigiano'),
('G173', 'TN', 'Ossana'),
('G178', 'SS', 'Ossi'),
('G179', 'BS', 'Ossimo'),
('G181', 'MI', 'Ossona'),
('G183', 'CN', 'Ostana'),
('G184', 'FE', 'Ostellato'),
('G185', 'CR', 'Ostiano'),
('G186', 'MN', 'Ostiglia'),
('G187', 'BR', 'Ostuni'),
('G188', 'LE', 'Otranto'),
('G189', 'TR', 'Otricoli'),
('G190', 'NA', 'Ottaviano'),
('G191', 'NU', 'Ottana'),
('G192', 'SA', 'Ottati'),
('G193', 'AL', 'Ottiglio'),
('G194', 'PV', 'Ottobiano'),
('G195', 'PC', 'Ottone'),
('G196', 'TO', 'Oulx'),
('G197', 'AL', 'Ovada'),
('G198', 'UD', 'Ovaro'),
('G199', 'AL', 'Oviglio'),
('G200', 'AQ', 'Ovindoli'),
('G201', 'NU', 'Ovodda'),
('G202', 'TO', 'Ozegna'),
('G203', 'SS', 'Ozieri'),
('G204', 'AL', 'Ozzano Monferrato'),
('G205', 'BO', 'Ozzano dell`Emilia'),
('G206', 'MI', 'Ozzero'),
('G207', 'SU', 'Pabillonis'),
('G208', 'TP', 'Paceco'),
('G209', 'ME', 'Pace del Mela'),
('G210', 'AQ', 'Pacentro'),
('G211', 'SR', 'Pachino'),
('G212', 'PG', 'Paciano'),
('G213', 'BS', 'Padenghe sul Garda'),
('G215', 'AL', 'Paderna'),
('G217', 'BS', 'Paderno Franciacorta'),
('G218', 'LC', 'Paderno d`Adda'),
('G220', 'MI', 'Paderno Dugnano'),
('G222', 'CR', 'Paderno Ponchielli'),
('G223', 'LC', 'Robbiate'),
('G224', 'PD', 'Padova'),
('G225', 'SS', 'Padria'),
('G226', 'SA', 'Padula'),
('G227', 'BN', 'Paduli'),
('G228', 'CN', 'Paesana'),
('G229', 'TV', 'Paese'),
('G230', 'SA', 'Pagani'),
('G232', 'RI', 'Paganico Sabino'),
('G233', 'BG', 'Pagazzano'),
('G234', 'ME', 'Pagliara'),
('G237', 'CH', 'Paglieta'),
('G238', 'UD', 'Pagnacco'),
('G240', 'CN', 'Pagno'),
('G241', 'LC', 'Pagnona'),
('G242', 'AV', 'Pago del Vallo di Lauro'),
('G243', 'BN', 'Pago Veiano'),
('G247', 'BS', 'Paisco Loveno'),
('G248', 'BS', 'Paitone'),
('G249', 'BG', 'Paladina'),
('G250', 'MO', 'Palagano'),
('G251', 'TA', 'Palagianello'),
('G252', 'TA', 'Palagiano'),
('G253', 'CT', 'Palagonia'),
('G254', 'PI', 'Palaia'),
('G255', 'PR', 'Palanzano'),
('G257', 'CB', 'Palata'),
('G258', 'SS', 'Palau'),
('G259', 'BG', 'Palazzago'),
('G260', 'CR', 'Palazzo Pignano'),
('G261', 'PZ', 'Palazzo San Gervasio'),
('G262', 'TO', 'Palazzo Canavese'),
('G263', 'PA', 'Palazzo Adriano'),
('G264', 'BS', 'Palazzolo sull`Oglio'),
('G266', 'VC', 'Palazzolo Vercellese'),
('G267', 'SR', 'Palazzolo Acreide'),
('G268', 'UD', 'Palazzolo dello Stella'),
('G270', 'FI', 'Palazzuolo sul Senio'),
('G271', 'CH', 'Palena'),
('G272', 'CZ', 'Palermiti'),
('G273', 'PA', 'Palermo'),
('G274', 'RM', 'Palestrina'),
('G275', 'PV', 'Palestro'),
('G276', 'FR', 'Paliano'),
('G277', 'RC', 'Palizzi'),
('G278', 'KR', 'Pallagorio'),
('G280', 'VB', 'Pallanzeno'),
('G281', 'SV', 'Pallare'),
('G282', 'AG', 'Palma di Montechiaro'),
('G283', 'NA', 'Palma Campania'),
('G284', 'UD', 'Palmanova'),
('G285', 'LE', 'Palmariggi'),
('G286', 'OR', 'Palmas Arborea'),
('G287', 'SU', 'San Giovanni Suergiu'),
('G288', 'RC', 'Palmi'),
('G289', 'AP', 'Palmiano'),
('G290', 'CH', 'Palmoli'),
('G291', 'BA', 'Palo del Colle'),
('G292', 'SA', 'Palomonte'),
('G293', 'RM', 'Palombara Sabina'),
('G294', 'CH', 'Palombaro'),
('G295', 'BG', 'Palosco'),
('G296', 'TN', 'Palù del Fersina'),
('G297', 'VR', 'Palù'),
('G298', 'CS', 'Paludi'),
('G300', 'UD', 'Paluzza'),
('G302', 'CN', 'Pamparato'),
('G303', 'TO', 'Pancalieri'),
('G304', 'PV', 'Pancarana'),
('G305', 'TN', 'Panchià'),
('G306', 'CR', 'Pandino'),
('G307', 'CS', 'Panettieri'),
('G308', 'PG', 'Panicale'),
('G309', 'NA', 'Villaricca'),
('G311', 'BN', 'Pannarano'),
('G312', 'FG', 'Panni'),
('G315', 'TP', 'Pantelleria'),
('G316', 'MI', 'Pantigliate'),
('G317', 'CS', 'Paola'),
('G318', 'BN', 'Paolisi'),
('G319', 'TP', 'Valderice'),
('G320', 'CS', 'Papasidero'),
('G323', 'RO', 'Papozze'),
('G324', 'MI', 'Parabiago'),
('G325', 'LE', 'Parabita'),
('G327', 'BS', 'Paratico'),
('G330', 'TO', 'Parella'),
('G331', 'CS', 'Parenti'),
('G333', 'CE', 'Parete'),
('G334', 'AL', 'Pareto'),
('G335', 'VV', 'Parghelia'),
('G336', 'LC', 'Parlasco'),
('G337', 'PR', 'Parma'),
('G338', 'AL', 'Parodi Ligure'),
('G339', 'CN', 'Paroldo'),
('G340', 'AV', 'Parolise'),
('G342', 'PV', 'Parona'),
('G344', 'TR', 'Parrano'),
('G346', 'BG', 'Parre'),
('G347', 'TP', 'Partanna'),
('G348', 'PA', 'Partinico'),
('G349', 'NO', 'Paruzzaro'),
('G350', 'BG', 'Parzanica'),
('G352', 'UD', 'Pasian di Prato'),
('G353', 'PN', 'Pasiano di Pordenone'),
('G354', 'BS', 'Paspardo'),
('G358', 'AT', 'Passerano Marmorito'),
('G359', 'PG', 'Passignano sul Trasimeno'),
('G361', 'BS', 'Passirano'),
('G362', 'FR', 'Pastena'),
('G364', 'CE', 'Pastorano'),
('G365', 'VR', 'Pastrengo'),
('G367', 'AL', 'Pasturana'),
('G368', 'LC', 'Pasturo'),
('G370', 'AV', 'Paternopoli'),
('G371', 'CT', 'Paternò'),
('G372', 'CS', 'Paterno Calabro'),
('G374', 'FR', 'Patrica'),
('G376', 'SS', 'Pattada'),
('G377', 'ME', 'Patti'),
('G378', 'LE', 'Patù'),
('G379', 'OR', 'Pau'),
('G381', 'UD', 'Paularo'),
('G382', 'SU', 'Pauli Arbarei'),
('G383', 'SU', 'San Nicolò Gerrei'),
('G384', 'OR', 'Paulilatino'),
('G385', 'MI', 'Paullo'),
('G386', 'BN', 'Paupisi'),
('G387', 'TO', 'Pavarolo'),
('G388', 'PV', 'Pavia'),
('G389', 'UD', 'Pavia di Udine'),
('G391', 'BS', 'Pavone del Mella'),
('G392', 'TO', 'Pavone Canavese'),
('G393', 'MO', 'Pavullo nel Frignano'),
('G394', 'RC', 'Pazzano'),
('G395', 'PI', 'Peccioli'),
('G397', 'AL', 'Pecetto di Valenza'),
('G398', 'TO', 'Pecetto Torinese'),
('G402', 'CT', 'Pedara'),
('G403', 'FM', 'Pedaso'),
('G404', 'BL', 'Pedavena'),
('G406', 'VI', 'Pedemonte'),
('G407', 'BS', 'San Paolo'),
('G408', 'TV', 'Pederobba'),
('G410', 'SO', 'Pedesina'),
('G411', 'CS', 'Pedivigliano'),
('G412', 'BG', 'Pedrengo'),
('G415', 'CO', 'Peglio'),
('G416', 'PU', 'Peglio'),
('G417', 'MN', 'Pegognaga'),
('G418', 'BG', 'Peia'),
('G419', 'TN', 'Peio'),
('G420', 'FI', 'Pelago'),
('G421', 'NO', 'Pella'),
('G424', 'PR', 'Pellegrino Parmense'),
('G426', 'SA', 'Pellezzano'),
('G428', 'TN', 'Pellizzano'),
('G429', 'TN', 'Pelugo'),
('G430', 'AT', 'Penango'),
('G431', 'SO', 'Poggiridenti'),
('G432', 'TR', 'Penna in Teverina'),
('G433', 'RN', 'Pennabilli'),
('G434', 'CH', 'Pennadomo'),
('G435', 'CH', 'Pennapiedimonte'),
('G436', 'MC', 'Penna San Giovanni'),
('G437', 'TE', 'Penna Sant`Andrea'),
('G438', 'PE', 'Penne'),
('G439', 'CZ', 'Pentone'),
('G441', 'CH', 'Perano'),
('G442', 'BL', 'Perarolo di Cadore'),
('G444', 'RM', 'Percile'),
('G445', 'NU', 'Perdasdefogu'),
('G446', 'SU', 'Perdaxius'),
('G447', 'SA', 'Perdifumo'),
('G449', 'AQ', 'Pereto'),
('G450', 'SS', 'Perfugas'),
('G452', 'TN', 'Pergine Valsugana'),
('G453', 'PU', 'Pergola'),
('G454', 'IM', 'Perinaldo'),
('G455', 'SA', 'Perito'),
('G456', 'LC', 'Perledo'),
('G457', 'CN', 'Perletto'),
('G458', 'CN', 'Perlo'),
('G459', 'AO', 'Perloz'),
('G461', 'PD', 'Pernumia'),
('G462', 'TO', 'Perosa Canavese'),
('G463', 'TO', 'Perosa Argentina'),
('G465', 'TO', 'Perrero'),
('G467', 'BO', 'San Giovanni in Persiceto'),
('G469', 'CR', 'Persico Dosimo'),
('G471', 'VC', 'Pertengo'),
('G474', 'BS', 'Pertica Alta'),
('G475', 'BS', 'Pertica Bassa'),
('G476', 'SA', 'Pertosa'),
('G477', 'TO', 'Pertusio'),
('G478', 'PG', 'Perugia'),
('G479', 'PU', 'Pesaro'),
('G480', 'LU', 'Pescaglia'),
('G481', 'VR', 'Pescantina'),
('G482', 'PE', 'Pescara'),
('G483', 'CR', 'Pescarolo ed Uniti'),
('G484', 'AQ', 'Pescasseroli'),
('G485', 'LC', 'Pescate'),
('G486', 'IS', 'Pesche'),
('G487', 'FG', 'Peschici'),
('G488', 'MI', 'Peschiera Borromeo'),
('G489', 'VR', 'Peschiera del Garda'),
('G491', 'PT', 'Pescia'),
('G492', 'AQ', 'Pescina'),
('G493', 'AQ', 'Pescocostanzo'),
('G494', 'BN', 'Pesco Sannita'),
('G495', 'IS', 'Pescolanciano'),
('G496', 'PZ', 'Pescopagano'),
('G497', 'IS', 'Pescopennataro'),
('G498', 'RI', 'Pescorocchiano'),
('G499', 'PE', 'Pescosansonesco'),
('G500', 'FR', 'Pescosolido'),
('G502', 'MI', 'Pessano con Bornago'),
('G504', 'CR', 'Pessina Cremonese'),
('G505', 'TO', 'Pessinetto'),
('G506', 'CB', 'Petacciato'),
('G507', 'RI', 'Turania'),
('G508', 'KR', 'Petilia Policastro'),
('G509', 'SA', 'Petina'),
('G510', 'PA', 'Petralia Soprana'),
('G511', 'PA', 'Petralia Sottana'),
('G512', 'CB', 'Petrella Tifernina'),
('G513', 'RI', 'Petrella Salto'),
('G514', 'PU', 'Petriano'),
('G515', 'MC', 'Petriolo'),
('G516', 'FM', 'Petritoli'),
('G517', 'CZ', 'Petrizzi'),
('G518', 'CZ', 'Petronà'),
('G519', 'AV', 'Petruro Irpino'),
('G520', 'NO', 'Pettenasco'),
('G521', 'BI', 'Pettinengo'),
('G522', 'ME', 'Pettineo'),
('G523', 'IS', 'Pettoranello del Molise'),
('G524', 'AQ', 'Pettorano sul Gizio'),
('G525', 'RO', 'Pettorazza Grimani'),
('G526', 'CN', 'Peveragno'),
('G528', 'VC', 'Pezzana'),
('G529', 'BS', 'Pezzaze'),
('G532', 'CN', 'Pezzolo Valle Uzzone'),
('G534', 'PD', 'Piacenza d`Adige'),
('G535', 'PC', 'Piacenza'),
('G538', 'SA', 'Piaggine'),
('G540', 'SA', 'Valle dell`Angelo'),
('G541', 'CE', 'Piana di Monte Verna'),
('G542', 'SV', 'Piana Crixia'),
('G543', 'PA', 'Piana degli Albanesi'),
('G545', 'AO', 'Pontboset'),
('G546', 'BS', 'Pian Camuno'),
('G547', 'SI', 'Piancastagnaio'),
('G549', 'BS', 'Piancogno'),
('G551', 'PU', 'Piandimeleto'),
('G553', 'CS', 'Piane Crati'),
('G555', 'PE', 'Pianella'),
('G556', 'CO', 'Pianello del Lario'),
('G557', 'PC', 'Pianello Val Tidone'),
('G558', 'CR', 'Pianengo'),
('G559', 'TO', 'Pianezza'),
('G560', 'VI', 'Pianezze'),
('G561', 'CN', 'Pianfei'),
('G564', 'BG', 'Pianico'),
('G565', 'VE', 'Pianiga'),
('G566', 'BO', 'San Benedetto Val di Sambro'),
('G568', 'NA', 'Piano di Sorrento'),
('G570', 'BO', 'Pianoro'),
('G571', 'VT', 'Piansano'),
('G572', 'SO', 'Piantedo'),
('G574', 'BG', 'Piario'),
('G575', 'CN', 'Piasco'),
('G576', 'SO', 'Piateda'),
('G577', 'BI', 'Piatto'),
('G579', 'BG', 'Piazza Brembana'),
('G580', 'EN', 'Piazza Armerina'),
('G582', 'LU', 'Piazza al Serchio'),
('G583', 'BG', 'Piazzatorre'),
('G587', 'PD', 'Piazzola sul Brenta'),
('G588', 'BG', 'Piazzolo'),
('G589', 'PE', 'Picciano'),
('G590', 'PZ', 'Picerno'),
('G591', 'FR', 'Picinisco'),
('G592', 'FR', 'Pico'),
('G593', 'AT', 'Piea'),
('G594', 'BI', 'Piedicavallo'),
('G596', 'CE', 'Piedimonte Matese'),
('G597', 'CT', 'Piedimonte Etneo'),
('G598', 'FR', 'Piedimonte San Germano'),
('G600', 'VB', 'Piedimulera'),
('G601', 'PG', 'Piegaro'),
('G602', 'SI', 'Pienza'),
('G603', 'CR', 'Pieranica'),
('G604', 'FG', 'Pietramontecorvino'),
('G605', 'SV', 'Pietra Ligure'),
('G606', 'IS', 'Pietrabbondante'),
('G607', 'IM', 'Pietrabruna'),
('G608', 'TE', 'Pietracamela'),
('G609', 'CB', 'Pietracatella'),
('G610', 'CB', 'Pietracupa'),
('G611', 'AV', 'Pietradefusi'),
('G612', 'PV', 'Pietra de` Giorgi'),
('G613', 'CH', 'Pietraferrazzana'),
('G614', 'PZ', 'Satriano di Lucania'),
('G615', 'CS', 'Pietrafitta'),
('G616', 'PZ', 'Pietragalla'),
('G618', 'PG', 'Pietralunga'),
('G619', 'AL', 'Pietra Marazzi'),
('G620', 'CE', 'Pietramelara'),
('G621', 'PE', 'Pietranico'),
('G622', 'CS', 'Pietrapaola'),
('G623', 'PZ', 'Pietrapertosa'),
('G624', 'EN', 'Pietraperzia'),
('G625', 'CN', 'Pietraporzio'),
('G626', 'BN', 'Pietraroja'),
('G627', 'PU', 'Pietrarubbia'),
('G628', 'LU', 'Pietrasanta'),
('G629', 'AV', 'Pietrastornina'),
('G630', 'CE', 'Pietravairano'),
('G631', 'BN', 'Pietrelcina'),
('G632', 'IM', 'Pieve di Teco'),
('G634', 'MI', 'Pieve Emanuele'),
('G635', 'PV', 'Pieve Albignola'),
('G636', 'PT', 'Pieve a Nievole'),
('G639', 'PV', 'Pieve del Cairo'),
('G642', 'BL', 'Pieve di Cadore'),
('G643', 'BO', 'Pieve di Cento'),
('G645', 'TV', 'Pieve di Soligo'),
('G646', 'GE', 'Pieve Ligure'),
('G647', 'CR', 'Pieve d`Olmi'),
('G648', 'LU', 'Pieve Fosciana'),
('G649', 'MO', 'Pievepelago'),
('G650', 'PV', 'Pieve Porto Morone'),
('G651', 'CR', 'Pieve San Giacomo'),
('G653', 'AR', 'Pieve Santo Stefano'),
('G656', 'TN', 'Pieve Tesino'),
('G657', 'MC', 'Pieve Torina'),
('G658', 'VB', 'Pieve Vergonte'),
('G659', 'FR', 'Piglio'),
('G660', 'IM', 'Pigna'),
('G661', 'CE', 'Pignataro Maggiore'),
('G662', 'FR', 'Pignataro Interamna'),
('G663', 'PZ', 'Pignola'),
('G664', 'SP', 'Pignone'),
('G665', 'CO', 'Pigra'),
('G666', 'VC', 'Pila'),
('G669', 'SU', 'Pimentel'),
('G670', 'NA', 'Pimonte'),
('G671', 'PV', 'Pinarolo Po'),
('G672', 'TO', 'Pinasca'),
('G673', 'RO', 'Pincara'),
('G674', 'TO', 'Pinerolo'),
('G676', 'AT', 'Pino d`Asti'),
('G678', 'TO', 'Pino Torinese'),
('G680', 'PN', 'Pinzano al Tagliamento'),
('G681', 'TN', 'Pinzolo'),
('G682', 'PU', 'Piobbico'),
('G683', 'CN', 'Piobesi d`Alba'),
('G684', 'TO', 'Piobesi Torinese'),
('G685', 'VC', 'Piode'),
('G686', 'MI', 'Pioltello'),
('G687', 'LI', 'Piombino'),
('G688', 'PD', 'Piombino Dese'),
('G690', 'MC', 'Pioraco'),
('G691', 'TO', 'Piossasco'),
('G692', 'AT', 'Piovà Massaia'),
('G693', 'PD', 'Piove di Sacco'),
('G694', 'VI', 'Piovene Rocchette'),
('G696', 'PC', 'Piozzano'),
('G697', 'CN', 'Piozzo'),
('G698', 'LT', 'Priverno'),
('G699', 'ME', 'Piraino'),
('G702', 'PI', 'Pisa'),
('G703', 'NO', 'Pisano'),
('G704', 'RM', 'Pisoniano'),
('G705', 'TO', 'Piscina'),
('G707', 'SA', 'Pisciotta'),
('G710', 'BS', 'Pisogne'),
('G712', 'MT', 'Pisticci'),
('G713', 'PT', 'Pistoia'),
('G716', 'GR', 'Pitigliano'),
('G717', 'MN', 'Piubega'),
('G718', 'SO', 'Piuro'),
('G719', 'TO', 'Piverone'),
('G720', 'PV', 'Pizzale'),
('G721', 'CR', 'Pizzighettone'),
('G722', 'VV', 'Pizzo'),
('G724', 'CH', 'Pizzoferrato'),
('G726', 'AQ', 'Pizzoli'),
('G727', 'IS', 'Pizzone'),
('G728', 'VV', 'Pizzoni'),
('G729', 'RC', 'Placanica'),
('G733', 'CS', 'Plataci'),
('G734', 'CZ', 'Platania'),
('G735', 'RC', 'Platì'),
('G736', 'UD', 'Taipana'),
('G737', 'CO', 'Plesio'),
('G740', 'SS', 'Ploaghe'),
('G741', 'SV', 'Plodio'),
('G742', 'CN', 'Pocapaglia'),
('G743', 'UD', 'Pocenia'),
('G746', 'MS', 'Podenzana'),
('G747', 'PC', 'Podenzano'),
('G749', 'FR', 'Pofi'),
('G751', 'LE', 'Poggiardo'),
('G752', 'SI', 'Poggibonsi'),
('G753', 'MN', 'Poggio Rusco'),
('G754', 'PO', 'Poggio a Caiano'),
('G756', 'RI', 'Poggio Bustone'),
('G757', 'RI', 'Poggio Catino'),
('G758', 'PG', 'Poggiodomo'),
('G760', 'CH', 'Poggiofiorito'),
('G761', 'FG', 'Poggio Imperiale'),
('G762', 'NA', 'Poggiomarino'),
('G763', 'RI', 'Poggio Mirteto'),
('G764', 'RI', 'Poggio Moiano'),
('G765', 'RI', 'Poggio Nativo'),
('G766', 'AQ', 'Poggio Picenze'),
('G767', 'TP', 'Poggioreale'),
('G768', 'FE', 'Poggio Renatico'),
('G769', 'BA', 'Poggiorsini'),
('G770', 'RI', 'Poggio San Lorenzo'),
('G771', 'AN', 'Poggio San Marcello'),
('G772', 'MI', 'Pogliano Milanese'),
('G773', 'CO', 'Pognana Lario'),
('G774', 'BG', 'Pognano'),
('G775', 'NO', 'Pogno'),
('G776', 'VI', 'Pojana Maggiore'),
('G777', 'TO', 'Poirino'),
('G779', 'BS', 'Polaveno'),
('G780', 'PN', 'Polcenigo'),
('G782', 'RO', 'Polesella'),
('G784', 'RM', 'Poli'),
('G785', 'VV', 'Polia'),
('G786', 'MT', 'Policoro'),
('G787', 'BA', 'Polignano a Mare'),
('G788', 'PC', 'San Pietro in Cerro'),
('G789', 'MO', 'Polinago'),
('G790', 'TR', 'Polino'),
('G791', 'RC', 'Polistena'),
('G792', 'PA', 'Polizzi Generosa'),
('G793', 'SA', 'Polla'),
('G794', 'AO', 'Pollein'),
('G795', 'NA', 'Pollena Trocchia'),
('G796', 'SA', 'Pollica'),
('G797', 'PA', 'Pollina'),
('G798', 'BI', 'Pollone'),
('G799', 'CH', 'Pollutri'),
('G800', 'CN', 'Polonghera'),
('G801', 'BS', 'Polpenazze del Garda'),
('G802', 'PD', 'Polverara'),
('G803', 'AN', 'Polverigi'),
('G804', 'PI', 'Pomarance'),
('G805', 'TO', 'Pomaretto'),
('G806', 'MT', 'Pomarico'),
('G807', 'AL', 'Pomaro Monferrato'),
('G808', 'TN', 'Pomarolo'),
('G809', 'NO', 'Pombia'),
('G811', 'RM', 'Pomezia'),
('G812', 'NA', 'Pomigliano d`Arco'),
('G813', 'NA', 'Pompei'),
('G814', 'IM', 'Pompeiana'),
('G815', 'BS', 'Pompiano'),
('G816', 'MN', 'Pomponesco'),
('G817', 'OR', 'Pompu'),
('G818', 'BS', 'Poncarale'),
('G820', 'BI', 'Ponderano'),
('G821', 'CO', 'Ponna'),
('G822', 'PI', 'Ponsacco'),
('G823', 'PD', 'Ponso'),
('G825', 'FI', 'Pontassieve'),
('G826', 'TO', 'Pont Canavese'),
('G827', 'BN', 'Ponte'),
('G829', 'SO', 'Ponte in Valtellina'),
('G831', 'UD', 'Pontebba'),
('G833', 'PT', 'Ponte Buggianese'),
('G834', 'SA', 'Pontecagnano Faiano'),
('G836', 'RO', 'Pontecchio Polesine'),
('G837', 'CN', 'Pontechianale'),
('G838', 'FR', 'Pontecorvo'),
('G839', 'AL', 'Pontecurone'),
('G840', 'IM', 'Pontedassio'),
('G842', 'PC', 'Ponte dell`Olio'),
('G843', 'PI', 'Pontedera'),
('G844', 'BS', 'Ponte di Legno'),
('G846', 'TV', 'Ponte di Piave'),
('G847', 'CO', 'Ponte Lambro'),
('G848', 'BN', 'Pontelandolfo'),
('G849', 'CE', 'Pontelatone'),
('G850', 'PD', 'Pontelongo'),
('G851', 'PV', 'Ponte Nizza'),
('G852', 'PC', 'Pontenure'),
('G853', 'BG', 'Ponteranica'),
('G854', 'AO', 'Pont-Saint-Martin'),
('G855', 'PD', 'Ponte San Nicolò'),
('G856', 'BG', 'Ponte San Pietro'),
('G858', 'AL', 'Pontestura'),
('G859', 'BS', 'Pontevico'),
('G860', 'AO', 'Pontey'),
('G861', 'AL', 'Ponti'),
('G862', 'MN', 'Ponti sul Mincio'),
('G864', 'BG', 'Pontida'),
('G865', 'LT', 'Pontinia'),
('G866', 'SV', 'Pontinvrea'),
('G867', 'BG', 'Pontirolo Nuovo'),
('G869', 'BS', 'Pontoglio'),
('G870', 'MS', 'Pontremoli'),
('G871', 'LT', 'Ponza'),
('G872', 'AL', 'Ponzano Monferrato'),
('G873', 'FM', 'Ponzano di Fermo'),
('G874', 'RM', 'Ponzano Romano'),
('G875', 'TV', 'Ponzano Veneto'),
('G877', 'AL', 'Ponzone'),
('G878', 'PE', 'Popoli Terme'),
('G879', 'AR', 'Poppi'),
('G881', 'TR', 'Porano'),
('G882', 'LU', 'Porcari'),
('G886', 'PN', 'Porcia'),
('G887', 'SA', 'Stella Cilento'),
('G888', 'PN', 'Pordenone'),
('G889', 'CO', 'Porlezza'),
('G890', 'IM', 'Pornassio'),
('G891', 'UD', 'Porpetto'),
('G894', 'AT', 'Portacomaro'),
('G895', 'PV', 'Portalbera'),
('G900', 'TO', 'Porte'),
('G902', 'NA', 'Portici'),
('G903', 'CE', 'Portico di Caserta'),
('G904', 'FC', 'Portico e San Benedetto'),
('G905', 'RC', 'Portigliola'),
('G906', 'VA', 'Porto Ceresio'),
('G907', 'VA', 'Porto Valtravaglia'),
('G909', 'TV', 'Portobuffolè'),
('G910', 'CB', 'Portocannone'),
('G912', 'LI', 'Portoferraio'),
('G913', 'GE', 'Portofino'),
('G914', 'VE', 'Portogruaro'),
('G916', 'FE', 'Portomaggiore'),
('G917', 'MN', 'Porto Mantovano'),
('G919', 'MC', 'Porto Recanati'),
('G920', 'FM', 'Porto San Giorgio'),
('G921', 'FM', 'Porto Sant`Elpidio'),
('G922', 'SU', 'Portoscuso'),
('G923', 'RO', 'Porto Tolle'),
('G924', 'SS', 'Porto Torres'),
('G925', 'SP', 'Portovenere'),
('G926', 'RO', 'Porto Viro'),
('G927', 'BI', 'Portula'),
('G929', 'NU', 'Posada'),
('G931', 'VI', 'Posina'),
('G932', 'SA', 'Positano'),
('G933', 'TV', 'Possagno'),
('G934', 'RI', 'Posta'),
('G935', 'FR', 'Posta Fibreno'),
('G937', 'SO', 'Postalesio'),
('G939', 'SA', 'Postiglione'),
('G940', 'VC', 'Postua'),
('G942', 'PZ', 'Potenza');
INSERT INTO comune (codice, provincia, nome) VALUES
('G943', 'VI', 'Pove del Grappa'),
('G944', 'TV', 'Povegliano'),
('G945', 'VR', 'Povegliano Veronese'),
('G947', 'RE', 'Poviglio'),
('G949', 'UD', 'Povoletto'),
('G951', 'RI', 'Pozzaglia Sabina'),
('G953', 'RG', 'Pozzallo'),
('G954', 'IS', 'Pozzilli'),
('G955', 'MI', 'Pozzo d`Adda'),
('G957', 'VI', 'Pozzoleone'),
('G959', 'BS', 'Pozzolengo'),
('G960', 'AL', 'Pozzol Groppo'),
('G961', 'AL', 'Pozzolo Formigaro'),
('G962', 'SS', 'Pozzomaggiore'),
('G963', 'PD', 'Pozzonovo'),
('G964', 'NA', 'Pozzuoli'),
('G965', 'MI', 'Pozzuolo Martesana'),
('G966', 'UD', 'Pozzuolo del Friuli'),
('G968', 'BG', 'Pradalunga'),
('G969', 'UD', 'Pradamano'),
('G970', 'CN', 'Pradleves'),
('G972', 'BO', 'Sasso Marconi'),
('G973', 'TO', 'Pragelato'),
('G974', 'BI', 'Pray'),
('G975', 'CS', 'Praia a Mare'),
('G976', 'SA', 'Praiano'),
('G977', 'BS', 'Pralboino'),
('G978', 'TO', 'Prali'),
('G979', 'TO', 'Pralormo'),
('G980', 'BI', 'Pralungo'),
('G981', 'VE', 'Pramaggiore'),
('G982', 'TO', 'Pramollo'),
('G985', 'VC', 'Prarolo'),
('G986', 'TO', 'Prarostino'),
('G987', 'AL', 'Prasco'),
('G988', 'TO', 'Prascorsano'),
('G990', 'AV', 'Prata di Principato Ultra'),
('G991', 'CE', 'Prata Sannita'),
('G992', 'AQ', 'Prata d`Ansidonia'),
('G993', 'SO', 'Prata Camportaccio'),
('G994', 'PN', 'Prata di Pordenone'),
('G995', 'CE', 'Pratella'),
('G997', 'TO', 'Pratiglione'),
('G999', 'PO', 'Prato'),
('giovanni', 'AG', 'giovannoni'),
('H001', 'NO', 'Prato Sesia'),
('H002', 'UD', 'Prato Carnico'),
('H006', 'AV', 'Pratola Serra'),
('H007', 'AQ', 'Pratola Peligna'),
('H010', 'PN', 'Pravisdomini'),
('H011', 'CN', 'Prazzo'),
('H013', 'RC', 'Samo'),
('H014', 'UD', 'Precenicco'),
('H015', 'PG', 'Preci'),
('H017', 'FC', 'Predappio'),
('H018', 'TN', 'Predazzo'),
('H020', 'BG', 'Predore'),
('H021', 'AL', 'Predosa'),
('H022', 'TV', 'Preganziol'),
('H026', 'MI', 'Pregnana Milanese'),
('H027', 'IM', 'Prelà'),
('H028', 'LC', 'Premana'),
('H029', 'UD', 'Premariacco'),
('H030', 'VB', 'Premeno'),
('H033', 'VB', 'Premia'),
('H034', 'FC', 'Premilcuore'),
('H036', 'BG', 'Premolo'),
('H037', 'VB', 'Premosello-Chiovenda'),
('H038', 'UD', 'Preone'),
('H040', 'UD', 'Prepotto'),
('H042', 'AO', 'Pré-Saint-Didier'),
('H043', 'BS', 'Preseglie'),
('H045', 'CE', 'Presenzano'),
('H046', 'BG', 'Presezzo'),
('H048', 'VR', 'Pressana'),
('H052', 'CH', 'Pretoro'),
('H055', 'BS', 'Prevalle'),
('H056', 'AQ', 'Prezza'),
('H059', 'CN', 'Priero'),
('H061', 'MO', 'Prignano sulla Secchia'),
('H062', 'SA', 'Prignano Cilento'),
('H063', 'LC', 'Primaluna'),
('H068', 'CN', 'Priocca'),
('H069', 'CN', 'Priola'),
('H070', 'PA', 'Prizzi'),
('H071', 'VT', 'Proceno'),
('H072', 'NA', 'Procida'),
('H073', 'GE', 'Propata'),
('H074', 'CO', 'Proserpio'),
('H076', 'LT', 'Prossedi'),
('H077', 'BS', 'Provaglio Val Sabbia'),
('H078', 'BS', 'Provaglio d`Iseo'),
('H083', 'CB', 'Provvidenti'),
('H085', 'CN', 'Prunetto'),
('H086', 'BS', 'Puegnago del Garda'),
('H087', 'BN', 'Puglianello'),
('H088', 'CA', 'Pula'),
('H089', 'UD', 'Pulfero'),
('H090', 'TA', 'Pulsano'),
('H091', 'BG', 'Pumenengo'),
('H094', 'CO', 'Pusiano'),
('H095', 'SS', 'Putifigari'),
('H096', 'BA', 'Putignano'),
('H097', 'AV', 'Quadrelle'),
('H098', 'CH', 'Quadri'),
('H100', 'TO', 'Quagliuzzo'),
('H101', 'NA', 'Qualiano'),
('H102', 'AT', 'Quaranti'),
('H104', 'AL', 'Quargnento'),
('H106', 'VB', 'Quarna Sopra'),
('H107', 'VB', 'Quarna Sotto'),
('H108', 'VC', 'Quarona'),
('H109', 'PT', 'Quarrata'),
('H110', 'AO', 'Quart'),
('H114', 'NA', 'Quarto'),
('H117', 'VE', 'Quarto d`Altino'),
('H118', 'CA', 'Quartu Sant`Elena'),
('H119', 'CA', 'Quartucciu'),
('H120', 'TO', 'Quassolo'),
('H121', 'AL', 'Quattordio'),
('H122', 'RE', 'Quattro Castella'),
('H126', 'SV', 'Quiliano'),
('H127', 'TO', 'Quincinetto'),
('H128', 'AV', 'Quindici'),
('H129', 'MN', 'Quingentole'),
('H130', 'CR', 'Quintano'),
('H131', 'TV', 'Quinto di Treviso'),
('H132', 'VC', 'Quinto Vercellese'),
('H134', 'VI', 'Quinto Vicentino'),
('H140', 'BS', 'Quinzano d`Oglio'),
('H143', 'MN', 'Quistello'),
('H146', 'TN', 'Rabbi'),
('H147', 'LE', 'Racale'),
('H148', 'AG', 'Racalmuto'),
('H150', 'CN', 'Racconigi'),
('H151', 'ME', 'Raccuja'),
('H153', 'SI', 'Radda in Chianti'),
('H154', 'CT', 'Raddusa'),
('H156', 'SI', 'Radicofani'),
('H157', 'SI', 'Radicondoli'),
('H159', 'AG', 'Raffadali'),
('H161', 'UD', 'Ragogna'),
('H163', 'RG', 'Ragusa'),
('H165', 'CE', 'Ruviano'),
('H166', 'AQ', 'Raiano'),
('H168', 'CT', 'Ramacca'),
('H173', 'VA', 'Rancio Valcuvia'),
('H174', 'VA', 'Ranco'),
('H175', 'CT', 'Randazzo'),
('H176', 'BG', 'Ranica'),
('H177', 'BG', 'Ranzanico'),
('H180', 'IM', 'Ranzo'),
('H182', 'FM', 'Rapagnano'),
('H183', 'GE', 'Rapallo'),
('H184', 'CH', 'Rapino'),
('H185', 'SI', 'Rapolano Terme'),
('H186', 'PZ', 'Rapolla'),
('H187', 'PZ', 'Rapone'),
('H188', 'VC', 'Rassa'),
('H192', 'SO', 'Rasura'),
('H194', 'AG', 'Ravanusa'),
('H195', 'MO', 'Ravarino'),
('H196', 'UD', 'Ravascletto'),
('H198', 'SA', 'Ravello'),
('H199', 'RA', 'Ravenna'),
('H200', 'UD', 'Raveo'),
('H202', 'CE', 'Raviscanina'),
('H203', 'VB', 'Re'),
('H204', 'PV', 'Rea'),
('H205', 'AG', 'Realmonte'),
('H206', 'UD', 'Reana del Rojale'),
('H207', 'TO', 'Reano'),
('H210', 'CE', 'Recale'),
('H211', 'MC', 'Recanati'),
('H212', 'GE', 'Recco'),
('H213', 'NO', 'Recetto'),
('H214', 'VI', 'Recoaro Terme'),
('H216', 'PV', 'Redavalle'),
('H218', 'MN', 'Redondesco'),
('H219', 'AT', 'Refrancore'),
('H220', 'TV', 'Refrontolo'),
('H221', 'EN', 'Regalbuto'),
('H222', 'FI', 'Reggello'),
('H223', 'RE', 'Reggio nell`Emilia'),
('H224', 'RC', 'Reggio di Calabria'),
('H225', 'RE', 'Reggiolo'),
('H227', 'BN', 'Reino'),
('H228', 'ME', 'Reitano'),
('H229', 'UD', 'Remanzacco'),
('H230', 'BS', 'Remedello'),
('H233', 'MB', 'Renate'),
('H235', 'CS', 'Rende'),
('H238', 'TV', 'Resana'),
('H240', 'MI', 'Rescaldina'),
('H242', 'UD', 'Resia'),
('H243', 'NA', 'Ercolano'),
('H244', 'UD', 'Resiutta'),
('H245', 'CL', 'Resuttano'),
('H246', 'PV', 'Retorbido'),
('H247', 'CN', 'Revello'),
('H250', 'AT', 'Revigliasco d`Asti'),
('H253', 'TV', 'Revine Lago'),
('H255', 'CO', 'Rezzago'),
('H256', 'BS', 'Rezzato'),
('H257', 'IM', 'Rezzo'),
('H258', 'GE', 'Rezzoaglio'),
('H259', 'CO', 'Val Rezzo'),
('H262', 'AO', 'Rhêmes-Notre-Dame'),
('H263', 'AO', 'Rhêmes-Saint-Georges'),
('H264', 'MI', 'Rho'),
('H265', 'RC', 'Riace'),
('H266', 'SV', 'Rialto'),
('H267', 'RM', 'Riano'),
('H268', 'CE', 'Riardo'),
('H269', 'AG', 'Ribera'),
('H270', 'TO', 'Ribordone'),
('H271', 'VV', 'Ricadi'),
('H272', 'AL', 'Ricaldone'),
('H273', 'CB', 'Riccia'),
('H274', 'RN', 'Riccione'),
('H275', 'SP', 'Riccò del Golfo di Spezia'),
('H276', 'CR', 'Ricengo'),
('H277', 'SA', 'Ricigliano'),
('H280', 'TV', 'Riese Pio X'),
('H281', 'CL', 'Riesi'),
('H282', 'RI', 'Rieti'),
('H285', 'CN', 'Rifreddo'),
('H286', 'FI', 'Rignano sull`Arno'),
('H287', 'FG', 'Rignano Garganico'),
('H288', 'RM', 'Rignano Flaminio'),
('H289', 'UD', 'Rigolato'),
('H293', 'VC', 'Rimella'),
('H294', 'RN', 'Rimini'),
('H298', 'RE', 'Rio Saliceto'),
('H300', 'RM', 'Riofreddo'),
('H301', 'OR', 'Riola Sardo'),
('H302', 'RA', 'Riolo Terme'),
('H303', 'MO', 'Riolunato'),
('H304', 'SP', 'Riomaggiore'),
('H307', 'PZ', 'Rionero in Vulture'),
('H308', 'IS', 'Rionero Sannitico'),
('H311', 'CB', 'Ripabottoni'),
('H312', 'PZ', 'Ripacandida'),
('H313', 'CB', 'Ripalimosani'),
('H314', 'CR', 'Ripalta Arpina'),
('H315', 'CR', 'Ripalta Cremasca'),
('H316', 'CR', 'Ripalta Guerina'),
('H319', 'PI', 'Riparbella'),
('H320', 'CH', 'Ripa Teatina'),
('H321', 'AP', 'Ripatransone'),
('H323', 'MC', 'Ripe San Ginesio'),
('H324', 'FR', 'Ripi'),
('H325', 'CT', 'Riposto'),
('H326', 'CN', 'Rittana'),
('H327', 'BL', 'Rivamonte Agordino'),
('H328', 'IM', 'Riva Ligure'),
('H330', 'TN', 'Riva del Garda'),
('H331', 'BG', 'Riva di Solto'),
('H333', 'TO', 'Rivalba'),
('H334', 'AL', 'Rivalta Bormida'),
('H335', 'TO', 'Rivalta di Torino'),
('H336', 'PV', 'Rivanazzano Terme'),
('H337', 'TO', 'Riva presso Chieri'),
('H338', 'TO', 'Rivara'),
('H340', 'TO', 'Rivarolo Canavese'),
('H341', 'CR', 'Rivarolo del Re ed Uniti'),
('H342', 'MN', 'Rivarolo Mantovano'),
('H343', 'AL', 'Rivarone'),
('H344', 'TO', 'Rivarossa'),
('H346', 'VC', 'Rive'),
('H347', 'UD', 'Rive d`Arcano'),
('H348', 'PZ', 'Rivello'),
('H350', 'PC', 'Rivergaro'),
('H353', 'AQ', 'Rivisondoli'),
('H354', 'RI', 'Rivodutri'),
('H355', 'TO', 'Rivoli'),
('H356', 'VR', 'Rivoli Veronese'),
('H357', 'CR', 'Rivolta d`Adda'),
('H359', 'RC', 'Rizziconi'),
('H361', 'VI', 'Roana'),
('H362', 'CN', 'Roaschia'),
('H363', 'CN', 'Roascio'),
('H364', 'VC', 'Rovasenda'),
('H365', 'VC', 'Roasio'),
('H366', 'AT', 'Roatto'),
('H367', 'TO', 'Robassomero'),
('H369', 'PV', 'Robbio'),
('H371', 'MI', 'Robecchetto con Induno'),
('H372', 'CR', 'Robecco d`Oglio'),
('H373', 'MI', 'Robecco sul Naviglio'),
('H375', 'PV', 'Robecco Pavese'),
('H376', 'AT', 'Robella'),
('H377', 'CN', 'Robilante'),
('H378', 'CN', 'Roburent'),
('H379', 'BL', 'Rocca Pietore'),
('H380', 'ME', 'Roccavaldina'),
('H382', 'AV', 'Roccabascerana'),
('H383', 'KR', 'Roccabernarda'),
('H384', 'PR', 'Roccabianca'),
('H385', 'CN', 'Roccabruna'),
('H386', 'TO', 'Rocca Canavese'),
('H387', 'RM', 'Rocca Canterano'),
('H389', 'AQ', 'Roccacasale'),
('H390', 'AP', 'Roccafluvione'),
('H391', 'CN', 'Rocca Cigliè'),
('H392', 'AT', 'Rocca d`Arazzo'),
('H393', 'FR', 'Rocca d`Arce'),
('H394', 'SA', 'Roccadaspide'),
('H395', 'CN', 'Rocca de` Baldi'),
('H396', 'PV', 'Rocca de` Giorgi'),
('H398', 'CE', 'Rocca d`Evandro'),
('H399', 'AQ', 'Rocca di Botte'),
('H400', 'AQ', 'Rocca di Cambio'),
('H401', 'RM', 'Rocca di Cave'),
('H402', 'AQ', 'Rocca di Mezzo'),
('H403', 'KR', 'Rocca di Neto'),
('H404', 'RM', 'Rocca di Papa'),
('H405', 'ME', 'Roccafiorita'),
('H406', 'AL', 'Roccaforte Ligure'),
('H407', 'CN', 'Roccaforte Mondovì'),
('H408', 'RC', 'Roccaforte del Greco'),
('H409', 'TA', 'Roccaforzata'),
('H410', 'BS', 'Roccafranca'),
('H411', 'RM', 'Roccagiovine'),
('H412', 'SA', 'Roccagloriosa'),
('H413', 'LT', 'Roccagorga'),
('H414', 'AL', 'Rocca Grimalda'),
('H416', 'CS', 'Rocca Imperiale'),
('H417', 'GR', 'Roccalbegna'),
('H418', 'ME', 'Roccalumera'),
('H420', 'IS', 'Roccamandolfi'),
('H421', 'LT', 'Rocca Massima'),
('H422', 'PA', 'Roccamena'),
('H423', 'CE', 'Roccamonfina'),
('H424', 'CH', 'Roccamontepiano'),
('H425', 'PE', 'Roccamorice'),
('H426', 'PZ', 'Roccanova'),
('H427', 'RI', 'Roccantica'),
('H428', 'PA', 'Roccapalumba'),
('H429', 'AQ', 'Rocca Pia'),
('H431', 'SA', 'Roccapiemonte'),
('H432', 'RM', 'Rocca Priora'),
('H433', 'NA', 'Roccarainola'),
('H434', 'AQ', 'Roccaraso'),
('H436', 'CE', 'Roccaromana'),
('H437', 'FC', 'Rocca San Casciano'),
('H438', 'AV', 'Rocca San Felice'),
('H439', 'CH', 'Rocca San Giovanni'),
('H440', 'TE', 'Rocca Santa Maria'),
('H441', 'RM', 'Rocca Santo Stefano'),
('H442', 'CH', 'Roccascalegna'),
('H443', 'FR', 'Roccasecca'),
('H444', 'LT', 'Roccasecca dei Volsci'),
('H445', 'IS', 'Roccasicura'),
('H446', 'RI', 'Rocca Sinibalda'),
('H447', 'CN', 'Roccasparvera'),
('H448', 'CH', 'Roccaspinalveti'),
('H449', 'GR', 'Roccastrada'),
('H450', 'PV', 'Rocca Susella'),
('H451', 'AT', 'Roccaverano'),
('H452', 'SV', 'Roccavignale'),
('H453', 'CN', 'Roccavione'),
('H454', 'CB', 'Roccavivara'),
('H455', 'ME', 'Roccella Valdemone'),
('H456', 'RC', 'Roccella Ionica'),
('H458', 'IS', 'Rocchetta a Volturno'),
('H459', 'CE', 'Rocchetta e Croce'),
('H460', 'IM', 'Rocchetta Nervina'),
('H461', 'SP', 'Rocchetta di Vara'),
('H462', 'CN', 'Rocchetta Belbo'),
('H465', 'AL', 'Rocchetta Ligure'),
('H466', 'AT', 'Rocchetta Palafea'),
('H467', 'FG', 'Rocchetta Sant`Antonio'),
('H468', 'AT', 'Rocchetta Tanaro'),
('H470', 'MI', 'Rodano'),
('H472', 'CN', 'Roddi'),
('H473', 'CN', 'Roddino'),
('H474', 'CN', 'Rodello'),
('H477', 'BS', 'Rodengo Saiano'),
('H478', 'CO', 'Rodero'),
('H479', 'ME', 'Rodì Milici'),
('H480', 'FG', 'Rodi Garganico'),
('H481', 'MN', 'Rodigo'),
('H484', 'BS', 'Roè Volciano'),
('H485', 'SA', 'Rofrano'),
('H486', 'LC', 'Rogeno'),
('H488', 'CS', 'Roggiano Gravina'),
('H489', 'RC', 'Roghudi'),
('H490', 'CS', 'Rogliano'),
('H491', 'PV', 'Rognano'),
('H492', 'BG', 'Rogno'),
('H493', 'SO', 'Rogolo'),
('H494', 'RM', 'Roiate'),
('H495', 'CH', 'Roio del Sangro'),
('H497', 'AO', 'Roisan'),
('H498', 'TO', 'Roletto'),
('H500', 'RE', 'Rolo'),
('H501', 'RM', 'Roma'),
('H502', 'NO', 'Romagnano Sesia'),
('H503', 'SA', 'Romagnano al Monte'),
('H505', 'PV', 'Romagnese'),
('H507', 'SS', 'Romana'),
('H508', 'CR', 'Romanengo'),
('H509', 'BG', 'Romano di Lombardia'),
('H511', 'TO', 'Romano Canavese'),
('H512', 'VI', 'Romano d`Ezzelino'),
('H514', 'GO', 'Romans d`Isonzo'),
('H516', 'VV', 'Rombiolo'),
('H517', 'TN', 'Romeno'),
('H518', 'NO', 'Romentino'),
('H519', 'ME', 'Rometta'),
('H522', 'VR', 'Roncà'),
('H523', 'TV', 'Roncade'),
('H525', 'BS', 'Roncadelle'),
('H527', 'PV', 'Roncaro'),
('H528', 'TN', 'Roncegno Terme'),
('H529', 'MB', 'Roncello'),
('H531', 'GO', 'Ronchi dei Legionari'),
('H532', 'TN', 'Ronchi Valsugana'),
('H533', 'UD', 'Ronchis'),
('H534', 'VT', 'Ronciglione'),
('H535', 'BG', 'Roncobello'),
('H536', 'GE', 'Ronco Scrivia'),
('H537', 'MB', 'Ronco Briantino'),
('H538', 'BI', 'Ronco Biellese'),
('H539', 'TO', 'Ronco Canavese'),
('H540', 'VR', 'Ronco all`Adige'),
('H541', 'MN', 'Roncoferraro'),
('H542', 'FC', 'Roncofreddo'),
('H544', 'BG', 'Roncola'),
('H546', 'GE', 'Rondanina'),
('H547', 'TO', 'Rondissone'),
('H549', 'VC', 'Ronsecco'),
('H552', 'TN', 'Ronzone'),
('H553', 'BI', 'Roppolo'),
('H554', 'TO', 'Rorà'),
('H555', 'TO', 'Roure'),
('H556', 'VI', 'Rosà'),
('H558', 'RC', 'Rosarno'),
('H559', 'PV', 'Rosasco'),
('H560', 'MI', 'Rosate'),
('H561', 'BI', 'Rosazza'),
('H562', 'PE', 'Rosciano'),
('H564', 'SA', 'Roscigno'),
('H565', 'CS', 'Rose'),
('H566', 'CH', 'Rosello'),
('H568', 'FG', 'Roseto Valfortore'),
('H569', 'AL', 'Rosignano Monferrato'),
('H570', 'LI', 'Rosignano Marittimo'),
('H572', 'CS', 'Roseto Capo Spulico'),
('H573', 'RO', 'Rosolina'),
('H574', 'SR', 'Rosolini'),
('H575', 'AN', 'Rosora'),
('H577', 'VC', 'Rossa'),
('H578', 'CN', 'Rossana'),
('H580', 'VI', 'Rossano Veneto'),
('H581', 'GE', 'Rossiglione'),
('H583', 'TO', 'Rosta'),
('H584', 'BG', 'Rota d`Imagna'),
('H585', 'CS', 'Rota Greca'),
('H588', 'AP', 'Rotella'),
('H589', 'CB', 'Rotello'),
('H590', 'PZ', 'Rotonda'),
('H591', 'MT', 'Rotondella'),
('H592', 'AV', 'Rotondi'),
('H593', 'PC', 'Rottofreno'),
('H594', 'VI', 'Rotzo'),
('H598', 'BS', 'Rovato'),
('H599', 'GE', 'Rovegno'),
('H601', 'CO', 'Rovellasca'),
('H602', 'CO', 'Rovello Porro'),
('H604', 'MN', 'Roverbella'),
('H606', 'VR', 'Roverchiara'),
('H607', 'TN', 'Roverè della Luna'),
('H608', 'VR', 'Roverè Veronese'),
('H609', 'PN', 'Roveredo in Piano'),
('H610', 'VR', 'Roveredo di Guà'),
('H612', 'TN', 'Rovereto'),
('H614', 'PV', 'Rovescala'),
('H615', 'BG', 'Rovetta'),
('H618', 'RM', 'Roviano'),
('H620', 'RO', 'Rovigo'),
('H621', 'CS', 'Rovito'),
('H622', 'PD', 'Rovolon'),
('H623', 'MI', 'Rozzano'),
('H625', 'PD', 'Rubano'),
('H627', 'TO', 'Rubiana'),
('H628', 'RE', 'Rubiera'),
('H629', 'UD', 'Ruda'),
('H630', 'BS', 'Rudiano'),
('H631', 'TO', 'Rueglio'),
('H632', 'LE', 'Ruffano'),
('H633', 'CN', 'Ruffia'),
('H634', 'TN', 'Ruffrè-Mendola'),
('H635', 'FI', 'Rufina'),
('H639', 'TN', 'Rumo'),
('H641', 'PZ', 'Ruoti'),
('H642', 'RA', 'Russi'),
('H643', 'BA', 'Rutigliano'),
('H644', 'SA', 'Rutino'),
('H645', 'BA', 'Ruvo di Puglia'),
('H646', 'PZ', 'Ruvo del Monte'),
('H647', 'LT', 'Sabaudia'),
('H650', 'BS', 'Sabbio Chiese'),
('H652', 'MN', 'Sabbioneta'),
('H654', 'SA', 'Sacco'),
('H655', 'PD', 'Saccolongo'),
('H657', 'PN', 'Sacile'),
('H658', 'RM', 'Sacrofano'),
('H659', 'SU', 'Sadali'),
('H661', 'OR', 'Sagama'),
('H662', 'BI', 'Sagliano Micca'),
('H665', 'GO', 'Sagrado'),
('H666', 'TN', 'Sagron Mis'),
('H669', 'AO', 'Saint-Christophe'),
('H670', 'AO', 'Saint-Denis'),
('H671', 'AO', 'Saint-Marcel'),
('H672', 'AO', 'Saint-Nicolas'),
('H673', 'AO', 'Saint-Oyen'),
('H674', 'AO', 'Saint-Pierre'),
('H675', 'AO', 'Saint-Rhémy-en-Bosses'),
('H676', 'AO', 'Saint-Vincent'),
('H677', 'AL', 'Sala Monferrato'),
('H678', 'BO', 'Sala Bolognese'),
('H679', 'CO', 'Sala Comacina'),
('H681', 'BI', 'Sala Biellese'),
('H682', 'PR', 'Sala Baganza'),
('H683', 'SA', 'Sala Consilina'),
('H684', 'TO', 'Salbertrand'),
('H686', 'SA', 'Salento'),
('H687', 'MT', 'Salandra'),
('H688', 'TP', 'Salaparuta'),
('H689', 'RO', 'Salara'),
('H690', 'VC', 'Salasco'),
('H691', 'TO', 'Salassa'),
('H693', 'CB', 'Salcito'),
('H694', 'AL', 'Sale'),
('H695', 'CN', 'Sale delle Langhe'),
('H699', 'BS', 'Sale Marasino'),
('H700', 'TP', 'Salemi'),
('H701', 'LO', 'Salerano sul Lambro'),
('H702', 'TO', 'Salerano Canavese'),
('H703', 'SA', 'Salerno'),
('H704', 'CN', 'Sale San Giovanni'),
('H706', 'TV', 'Salgareda'),
('H707', 'VC', 'Sali Vercellese'),
('H708', 'LE', 'Salice Salentino'),
('H710', 'CN', 'Saliceto'),
('H712', 'VR', 'San Mauro di Saline'),
('H713', 'RI', 'Salisano'),
('H714', 'VR', 'Salizzole'),
('H715', 'PE', 'Salle'),
('H716', 'CN', 'Salmour'),
('H717', 'BS', 'Salò'),
('H720', 'PR', 'Salsomaggiore Terme'),
('H723', 'VA', 'Saltrio'),
('H724', 'RN', 'Saludecio'),
('H725', 'VC', 'Saluggia'),
('H726', 'BI', 'Salussola'),
('H727', 'CN', 'Saluzzo'),
('H729', 'LE', 'Salve'),
('H730', 'PZ', 'Savoia di Lucania'),
('H731', 'CR', 'Salvirola'),
('H732', 'SA', 'Salvitelle'),
('H733', 'AV', 'Salza Irpina'),
('H734', 'TO', 'Salza di Pinerolo'),
('H735', 'VE', 'Salzano'),
('H736', 'VA', 'Samarate'),
('H738', 'SU', 'Samassi'),
('H739', 'SU', 'Samatzai'),
('H743', 'AG', 'Sambuca di Sicilia'),
('H744', 'PT', 'Sambuca Pistoiese'),
('H745', 'RM', 'Sambuci'),
('H746', 'CN', 'Sambuco'),
('H749', 'BA', 'Sammichele di Bari'),
('H752', 'SO', 'Samolaco'),
('H753', 'TO', 'Samone'),
('H754', 'TN', 'Samone'),
('H755', 'CN', 'Sampeyre'),
('H756', 'OR', 'Samugheo'),
('H757', 'LE', 'Sanarica'),
('H760', 'CO', 'San Bartolomeo Val Cavargna'),
('H763', 'IM', 'San Bartolomeo al Mare'),
('H764', 'BN', 'San Bartolomeo in Galdo'),
('H765', 'CS', 'San Basile'),
('H766', 'SU', 'San Basilio'),
('H767', 'CR', 'San Bassano'),
('H768', 'RO', 'San Bellino'),
('H769', 'AP', 'San Benedetto del Tronto'),
('H770', 'CN', 'San Benedetto Belbo'),
('H771', 'MN', 'San Benedetto Po'),
('H772', 'AQ', 'San Benedetto dei Marsi'),
('H773', 'AQ', 'San Benedetto in Perillis'),
('H774', 'CS', 'San Benedetto Ullano'),
('H775', 'TO', 'San Benigno Canavese'),
('H777', 'VB', 'San Bernardino Verbano'),
('H778', 'AG', 'San Biagio Platani'),
('H779', 'FR', 'San Biagio Saracinisco'),
('H780', 'IM', 'San Biagio della Cima'),
('H781', 'TV', 'San Biagio di Callalta'),
('H782', 'CB', 'San Biase'),
('H783', 'VR', 'San Bonifacio'),
('H784', 'CH', 'San Buono'),
('H785', 'VV', 'San Calogero'),
('H787', 'GO', 'San Canzian d`Isonzo'),
('H789', 'TO', 'San Carlo Canavese'),
('H790', 'SI', 'San Casciano dei Bagni'),
('H791', 'FI', 'San Casciano in Val di Pesa'),
('H792', 'CL', 'San Cataldo'),
('H793', 'LE', 'San Cesario di Lecce'),
('H794', 'MO', 'San Cesario sul Panaro'),
('H795', 'PZ', 'San Chirico Nuovo'),
('H796', 'PZ', 'San Chirico Raparo'),
('H797', 'PA', 'San Cipirello'),
('H798', 'CE', 'San Cipriano d`Aversa'),
('H799', 'PV', 'San Cipriano Po'),
('H800', 'SA', 'San Cipriano Picentino'),
('H801', 'RN', 'San Clemente'),
('H802', 'GE', 'San Colombano Certenoli'),
('H803', 'MI', 'San Colombano al Lambro'),
('H804', 'TO', 'San Colombano Belmonte'),
('H805', 'CT', 'San Cono'),
('H806', 'CS', 'San Cosmo Albanese'),
('H807', 'VV', 'San Costantino Calabro'),
('H808', 'PZ', 'San Costantino Albanese'),
('H809', 'PU', 'San Costanzo'),
('H810', 'AL', 'San Cristoforo'),
('H811', 'AT', 'San Damiano d`Asti'),
('H812', 'CN', 'San Damiano Macra'),
('H814', 'PV', 'San Damiano al Colle'),
('H815', 'CR', 'San Daniele Po'),
('H816', 'UD', 'San Daniele del Friuli'),
('H818', 'CS', 'San Demetrio Corone'),
('H819', 'AQ', 'San Demetrio ne` Vestini'),
('H820', 'TO', 'San Didero'),
('H821', 'BI', 'Sandigliano'),
('H822', 'BR', 'San Donaci'),
('H823', 'VE', 'San Donà di Piave'),
('H824', 'FR', 'San Donato Val di Comino'),
('H825', 'CS', 'San Donato di Ninea'),
('H826', 'LE', 'San Donato di Lecce'),
('H827', 'MI', 'San Donato Milanese'),
('H829', 'VI', 'Sandrigo'),
('H831', 'PZ', 'San Fele'),
('H833', 'CB', 'San Felice del Molise'),
('H834', 'CE', 'San Felice a Cancello'),
('H835', 'MO', 'San Felice sul Panaro'),
('H836', 'LT', 'San Felice Circeo'),
('H838', 'BS', 'San Felice del Benaco'),
('H839', 'BT', 'San Ferdinando di Puglia'),
('H840', 'CO', 'San Fermo della Battaglia'),
('H841', 'CS', 'San Fili'),
('H842', 'ME', 'San Filippo del Mela'),
('H843', 'TV', 'San Fior'),
('H844', 'LO', 'San Fiorano'),
('H845', 'GO', 'San Floriano del Collio-Števerjan'),
('H846', 'CZ', 'San Floro'),
('H847', 'TO', 'San Francesco al Campo'),
('H848', 'SS', 'Aglientu'),
('H850', 'ME', 'San Fratello'),
('H851', 'CN', 'Sanfrè'),
('H852', 'CN', 'Sanfront'),
('H855', 'TO', 'Sangano'),
('H856', 'SU', 'San Gavino Monreale'),
('H857', 'TR', 'San Gemini'),
('H859', 'PV', 'San Genesio ed Uniti'),
('H860', 'NA', 'San Gennaro Vesuviano'),
('H861', 'VC', 'San Germano Vercellese'),
('H862', 'TO', 'San Germano Chisone'),
('H865', 'BS', 'San Gervasio Bresciano'),
('H867', 'CB', 'San Giacomo degli Schiavoni'),
('H868', 'SO', 'San Giacomo Filippo'),
('H870', 'MN', 'San Giacomo delle Segnate'),
('H872', 'VA', 'Sangiano'),
('H873', 'TO', 'San Gillio'),
('H875', 'SI', 'San Gimignano'),
('H876', 'MC', 'San Ginesio'),
('H877', 'CS', 'Sangineto'),
('H878', 'AL', 'San Giorgio Monferrato'),
('H880', 'FR', 'San Giorgio a Liri'),
('H881', 'CS', 'San Giorgio Albanese'),
('H882', 'TA', 'San Giorgio Ionico'),
('H883', 'MN', 'San Giorgio Bigarello'),
('H884', 'MI', 'San Giorgio su Legnano'),
('H885', 'PV', 'San Giorgio di Lomellina'),
('H887', 'PC', 'San Giorgio Piacentino'),
('H888', 'MT', 'San Giorgio Lucano'),
('H889', 'RC', 'San Giorgio Morgeto'),
('H890', 'TO', 'San Giorgio Canavese'),
('H891', 'PN', 'San Giorgio della Richinvelda'),
('H892', 'NA', 'San Giorgio a Cremano'),
('H893', 'PD', 'San Giorgio delle Pertiche'),
('H894', 'BN', 'San Giorgio del Sannio'),
('H895', 'UD', 'San Giorgio di Nogaro'),
('H896', 'BO', 'San Giorgio di Piano'),
('H897', 'PD', 'San Giorgio in Bosco'),
('H898', 'BN', 'San Giorgio La Molara'),
('H899', 'AT', 'San Giorgio Scarampi'),
('H900', 'TO', 'San Giorio di Susa'),
('H901', 'AR', 'San Giovanni Valdarno'),
('H903', 'RC', 'San Giovanni di Gerace'),
('H906', 'UD', 'San Giovanni al Natisone'),
('H907', 'SA', 'San Giovanni a Piro'),
('H910', 'BG', 'San Giovanni Bianco'),
('H912', 'MN', 'San Giovanni del Dosso'),
('H913', 'VT', 'Villa San Giovanni in Tuscia'),
('H914', 'AG', 'San Giovanni Gemini'),
('H916', 'VR', 'San Giovanni Ilarione'),
('H917', 'FR', 'San Giovanni Incarico'),
('H918', 'CR', 'San Giovanni in Croce'),
('H919', 'CS', 'San Giovanni in Fiore'),
('H920', 'CB', 'San Giovanni in Galdo'),
('H921', 'RN', 'San Giovanni in Marignano'),
('H922', 'CT', 'San Giovanni la Punta'),
('H923', 'CH', 'San Giovanni Lipioni'),
('H924', 'VR', 'San Giovanni Lupatoto'),
('H926', 'FG', 'San Giovanni Rotondo'),
('H928', 'CB', 'San Giuliano del Sannio'),
('H929', 'CB', 'San Giuliano di Puglia'),
('H930', 'MI', 'San Giuliano Milanese'),
('H931', 'NA', 'San Giuseppe Vesuviano'),
('H933', 'PA', 'San Giuseppe Jato'),
('H935', 'PG', 'San Giustino'),
('H936', 'TO', 'San Giusto Canavese'),
('H937', 'FI', 'San Godenzo'),
('H938', 'BL', 'San Gregorio nelle Alpi'),
('H939', 'CE', 'San Gregorio Matese'),
('H940', 'CT', 'San Gregorio di Catania'),
('H941', 'VV', 'San Gregorio d`Ippona'),
('H942', 'RM', 'San Gregorio da Sassola'),
('H943', 'SA', 'San Gregorio Magno'),
('H944', 'VR', 'Sanguinetto'),
('H945', 'BO', 'San Lazzaro di Savena'),
('H949', 'RN', 'San Leo'),
('H951', 'UD', 'San Leonardo'),
('H953', 'BN', 'San Leucio del Sannio'),
('H955', 'BN', 'San Lorenzello'),
('H957', 'IM', 'San Lorenzo al Mare'),
('H958', 'PU', 'San Lorenzo in Campo'),
('H959', 'RC', 'San Lorenzo'),
('H961', 'CS', 'San Lorenzo Bellizzi'),
('H962', 'CS', 'San Lorenzo del Vallo'),
('H964', 'GO', 'San Lorenzo Isontino'),
('H967', 'BN', 'San Lorenzo Maggiore'),
('H969', 'VT', 'San Lorenzo Nuovo'),
('H970', 'RC', 'San Luca'),
('H971', 'CS', 'San Lucido'),
('H973', 'BN', 'San Lupo'),
('H974', 'SU', 'Sanluri'),
('H975', 'AV', 'San Mango sul Calore'),
('H976', 'CZ', 'San Mango d`Aquino'),
('H977', 'SA', 'San Mango Piemonte'),
('H978', 'CE', 'San Marcellino'),
('H979', 'AN', 'San Marcello'),
('H981', 'CS', 'San Marco Argentano'),
('H982', 'ME', 'San Marco d`Alunzio'),
('H984', 'BN', 'San Marco dei Cavoti'),
('H985', 'FG', 'San Marco in Lamis'),
('H986', 'FG', 'San Marco la Catola'),
('H987', 'AT', 'San Martino Alfieri'),
('H990', 'CB', 'San Martino in Pensilis'),
('H991', 'CH', 'San Martino sulla Marrucina'),
('H992', 'CS', 'San Martino di Finita'),
('H994', 'PZ', 'San Martino d`Agri'),
('H996', 'RO', 'San Martino di Venezze'),
('H997', 'TO', 'San Martino Canavese'),
('H999', 'PN', 'San Martino al Tagliamento'),
('I002', 'BN', 'San Martino Sannita'),
('I003', 'VR', 'San Martino Buon Albergo'),
('I005', 'MN', 'San Martino dall`Argine'),
('I007', 'CR', 'San Martino del Lago'),
('I008', 'PD', 'San Martino di Lupari'),
('I011', 'RE', 'San Martino in Rio'),
('I012', 'LO', 'San Martino in Strada'),
('I014', 'PV', 'San Martino Siccomario'),
('I016', 'AV', 'San Martino Valle Caudina'),
('I017', 'AT', 'San Marzano Oliveto'),
('I018', 'TA', 'San Marzano di San Giuseppe'),
('I019', 'SA', 'San Marzano sul Sarno'),
('I023', 'CB', 'San Massimo'),
('I024', 'TO', 'San Maurizio Canavese'),
('I025', 'NO', 'San Maurizio d`Opaglio'),
('I026', 'KR', 'San Mauro Marchesato'),
('I027', 'FC', 'San Mauro Pascoli'),
('I028', 'PA', 'San Mauro Castelverde'),
('I029', 'MT', 'San Mauro Forte'),
('I030', 'TO', 'San Mauro Torinese'),
('I031', 'SA', 'San Mauro Cilento'),
('I032', 'SA', 'San Mauro la Bruca'),
('I034', 'AV', 'San Michele di Serino'),
('I035', 'CT', 'San Michele di Ganzaria'),
('I037', 'CN', 'San Michele Mondovì'),
('I040', 'VE', 'San Michele al Tagliamento'),
('I042', 'TN', 'San Michele all`Adige'),
('I045', 'BR', 'San Michele Salentino'),
('I046', 'PI', 'San Miniato'),
('I048', 'PV', 'Sannazzaro de` Burgondi'),
('I049', 'BN', 'San Nazzaro'),
('I051', 'CO', 'San Nazzaro Val Cavargna'),
('I052', 'NO', 'San Nazzaro Sesia'),
('I053', 'BA', 'Sannicandro di Bari'),
('I054', 'FG', 'San Nicandro Garganico'),
('I056', 'CE', 'San Nicola la Strada'),
('I057', 'KR', 'San Nicola dell`Alto'),
('I058', 'VV', 'San Nicola da Crissa'),
('I059', 'LE', 'Sannicola'),
('I060', 'CS', 'San Nicola Arcella'),
('I061', 'AV', 'San Nicola Baronia'),
('I062', 'BN', 'San Nicola Manfredi'),
('I063', 'BL', 'San Nicolò di Comelico'),
('I066', 'BR', 'San Pancrazio Salentino'),
('I071', 'AN', 'San Paolo di Jesi'),
('I072', 'FG', 'San Paolo di Civitate'),
('I073', 'NA', 'San Paolo Bel Sito'),
('I076', 'AT', 'San Paolo Solbrito'),
('I079', 'BG', 'San Pellegrino Terme'),
('I082', 'GO', 'San Pier d`Isonzo'),
('I084', 'ME', 'San Pier Niceto'),
('I086', 'ME', 'San Piero Patti'),
('I088', 'BL', 'San Pietro di Cadore'),
('I089', 'SA', 'San Pietro al Tanagro'),
('I090', 'TO', 'San Pietro Val Lemina'),
('I092', 'UD', 'San Pietro al Natisone'),
('I093', 'CZ', 'San Pietro a Maida'),
('I095', 'CZ', 'San Pietro Apostolo'),
('I096', 'IS', 'San Pietro Avellana'),
('I098', 'CT', 'San Pietro Clarenza'),
('I102', 'RC', 'San Pietro di Caridà'),
('I103', 'TV', 'San Pietro di Feletto'),
('I105', 'VR', 'San Pietro di Morubio'),
('I107', 'PD', 'San Pietro in Gu'),
('I108', 'CS', 'San Pietro in Amantea'),
('I109', 'VR', 'San Pietro in Cariano'),
('I110', 'BO', 'San Pietro in Casale'),
('I113', 'CE', 'San Pietro Infine'),
('I114', 'CS', 'San Pietro in Guarano'),
('I115', 'LE', 'San Pietro in Lama'),
('I116', 'NO', 'San Pietro Mosezzo'),
('I117', 'VI', 'San Pietro Mussolino'),
('I118', 'CA', 'Villa San Pietro'),
('I119', 'BR', 'San Pietro Vernotico'),
('I120', 'PD', 'San Pietro Viminario'),
('I121', 'AQ', 'San Pio delle Camere'),
('I122', 'CB', 'San Polo Matese'),
('I123', 'RE', 'San Polo d`Enza'),
('I124', 'TV', 'San Polo di Piave'),
('I125', 'RM', 'San Polo dei Cavalieri'),
('I126', 'TO', 'San Ponso'),
('I128', 'MO', 'San Possidonio'),
('I129', 'AV', 'San Potito Ultra'),
('I130', 'CE', 'San Potito Sannitico'),
('I131', 'CE', 'San Prisco'),
('I132', 'RC', 'San Procopio'),
('I133', 'MO', 'San Prospero'),
('I135', 'SI', 'San Quirico d`Orcia'),
('I136', 'PN', 'San Quirino'),
('I137', 'TO', 'San Raffaele Cimena'),
('I138', 'IM', 'Sanremo'),
('I139', 'RC', 'San Roberto'),
('I140', 'LO', 'San Rocco al Porto'),
('I142', 'LU', 'San Romano in Garfagnana'),
('I143', 'SA', 'San Rufo'),
('I144', 'AL', 'San Salvatore Monferrato'),
('I145', 'BN', 'San Salvatore Telesino'),
('I147', 'ME', 'San Salvatore di Fitalia'),
('I148', 'CH', 'San Salvo'),
('I150', 'AL', 'San Sebastiano Curone'),
('I151', 'NA', 'San Sebastiano al Vesuvio'),
('I152', 'TO', 'San Sebastiano da Po'),
('I153', 'PR', 'San Secondo Parmense'),
('I154', 'TO', 'San Secondo di Pinerolo'),
('I155', 'AR', 'Sansepolcro'),
('I156', 'MC', 'San Severino Marche'),
('I157', 'PZ', 'San Severino Lucano'),
('I158', 'FG', 'San Severo'),
('I162', 'CO', 'San Siro'),
('I163', 'AV', 'San Sossio Baronia'),
('I164', 'CZ', 'San Sostene'),
('I165', 'CS', 'San Sosti'),
('I166', 'SU', 'San Sperate'),
('I168', 'BG', 'Santa Brigida'),
('I169', 'CL', 'Santa Caterina Villarmosa'),
('I170', 'CZ', 'Santa Caterina dello Ionio'),
('I171', 'CS', 'Santa Caterina Albanese'),
('I172', 'LE', 'Santa Cesarea Terme'),
('I174', 'PA', 'Santa Cristina Gela'),
('I175', 'PV', 'Santa Cristina e Bissone'),
('I176', 'RC', 'Santa Cristina d`Aspromonte'),
('I177', 'PI', 'Santa Croce sull`Arno'),
('I178', 'RG', 'Santa Croce Camerina'),
('I179', 'BN', 'Santa Croce del Sannio'),
('I181', 'CB', 'Santa Croce di Magliano'),
('I182', 'SU', 'Santadi'),
('I183', 'CS', 'Santa Domenica Talao'),
('I184', 'ME', 'Santa Domenica Vittoria'),
('I185', 'AG', 'Santa Elisabetta'),
('I187', 'GR', 'Santa Fiora'),
('I188', 'PA', 'Santa Flavia'),
('I189', 'IS', 'Sant`Agapito'),
('I190', 'AL', 'Sant`Agata Fossili'),
('I191', 'BO', 'Sant`Agata Bolognese'),
('I192', 'CS', 'Sant`Agata di Esaro'),
('I193', 'FG', 'Sant`Agata di Puglia'),
('I196', 'RA', 'Sant`Agata sul Santerno'),
('I197', 'BN', 'Sant`Agata de` Goti'),
('I198', 'RC', 'Sant`Agata del Bianco'),
('I199', 'ME', 'Sant`Agata di Militello'),
('I201', 'RN', 'Sant`Agata Feltria'),
('I202', 'CT', 'Sant`Agata li Battiati'),
('I203', 'PV', 'Santa Giuletta'),
('I205', 'OR', 'Santa Giusta'),
('I206', 'BL', 'Santa Giustina'),
('I207', 'PD', 'Santa Giustina in Colle'),
('I208', 'NA', 'Sant`Agnello'),
('I210', 'CN', 'Sant`Albano Stura'),
('I213', 'PV', 'Sant`Alessio con Vialone'),
('I214', 'RC', 'Sant`Alessio in Aspromonte'),
('I215', 'ME', 'Sant`Alessio Siculo'),
('I216', 'CT', 'Sant`Alfio'),
('I217', 'PI', 'Santa Luce'),
('I219', 'AV', 'Santa Lucia di Serino'),
('I220', 'ME', 'Santa Lucia del Mela'),
('I221', 'TV', 'Santa Lucia di Piave'),
('I224', 'AG', 'Santa Margherita di Belice'),
('I225', 'GE', 'Santa Margherita Ligure'),
('I230', 'PV', 'Santa Margherita di Staffora'),
('I232', 'PI', 'Santa Maria a Monte'),
('I233', 'CE', 'Santa Maria a Vico'),
('I234', 'CE', 'Santa Maria Capua Vetere'),
('I236', 'PV', 'Travacò Siccomario'),
('I237', 'PV', 'Santa Maria della Versa'),
('I238', 'IS', 'Santa Maria del Molise'),
('I240', 'CT', 'Santa Maria di Licodia'),
('I242', 'VE', 'Santa Maria di Sala'),
('I243', 'LC', 'Santa Maria Hoè'),
('I244', 'CH', 'Santa Maria Imbaro'),
('I247', 'CE', 'Santa Maria la Fossa'),
('I248', 'UD', 'Santa Maria la Longa'),
('I249', 'VB', 'Santa Maria Maggiore'),
('I251', 'AN', 'Santa Maria Nuova'),
('I253', 'SA', 'Santa Marina'),
('I254', 'ME', 'Santa Marina Salina'),
('I255', 'RM', 'Santa Marinella'),
('I256', 'FR', 'Sant`Ambrogio sul Garigliano'),
('I258', 'TO', 'Sant`Ambrogio di Torino'),
('I259', 'VR', 'Sant`Ambrogio di Valpolicella'),
('I260', 'SA', 'Santomenna'),
('I261', 'CE', 'San Tammaro'),
('I262', 'NA', 'Sant`Anastasia'),
('I263', 'PG', 'Sant`Anatolia di Narco'),
('I264', 'AV', 'Sant`Andrea di Conza'),
('I265', 'FR', 'Sant`Andrea del Garigliano'),
('I266', 'CZ', 'Sant`Andrea Apostolo dello Ionio'),
('I271', 'SU', 'Sant`Andrea Frius'),
('I273', 'CE', 'Sant`Angelo d`Alife'),
('I274', 'LO', 'Sant`Angelo Lodigiano'),
('I275', 'PD', 'Sant`Angelo di Piove di Sacco'),
('I276', 'PV', 'Sant`Angelo Lomellina'),
('I277', 'BN', 'Sant`Angelo a Cupolo'),
('I278', 'SA', 'Sant`Angelo a Fasanella'),
('I279', 'AV', 'Sant`Angelo all`Esca'),
('I280', 'AV', 'Sant`Angelo a Scala'),
('I281', 'AV', 'Sant`Angelo dei Lombardi'),
('I282', 'IS', 'Sant`Angelo del Pesco'),
('I283', 'ME', 'Sant`Angelo di Brolo'),
('I284', 'RM', 'Sant`Angelo Romano'),
('I286', 'MC', 'Sant`Angelo in Pontano'),
('I287', 'PU', 'Sant`Angelo in Vado'),
('I288', 'PZ', 'Sant`Angelo Le Fratte'),
('I289', 'CB', 'Sant`Angelo Limosano'),
('I290', 'AG', 'Sant`Angelo Muxaro'),
('I291', 'TP', 'Santa Ninfa'),
('I292', 'VR', 'Sant`Anna d`Alfaedo'),
('I293', 'NA', 'Sant`Antimo'),
('I294', 'SU', 'Sant`Antioco'),
('I296', 'TO', 'Sant`Antonino di Susa'),
('I298', 'OR', 'Villa Sant`Antonio'),
('I300', 'NA', 'Sant`Antonio Abate'),
('I301', 'AV', 'Santa Paolina'),
('I302', 'FR', 'Sant`Apollinare'),
('I304', 'RN', 'Santarcangelo di Romagna'),
('I305', 'PZ', 'Sant`Arcangelo'),
('I306', 'CE', 'Sant`Arpino'),
('I307', 'SA', 'Sant`Arsenio'),
('I308', 'KR', 'Santa Severina'),
('I309', 'CS', 'Santa Sofia d`Epiro'),
('I310', 'FC', 'Santa Sofia'),
('I311', 'ME', 'Santa Teresa di Riva'),
('I312', 'SS', 'Santa Teresa Gallura'),
('I314', 'CT', 'Santa Venerina'),
('I315', 'FM', 'Santa Vittoria in Matenano'),
('I316', 'CN', 'Santa Vittoria d`Alba'),
('I317', 'SA', 'Sant`Egidio del Monte Albino'),
('I318', 'TE', 'Sant`Egidio alla Vibrata'),
('I319', 'PD', 'Sant`Elena'),
('I320', 'CB', 'Sant`Elia a Pianisi'),
('I321', 'FR', 'Sant`Elia Fiumerapido'),
('I322', 'CZ', 'Vallefiorita'),
('I324', 'FM', 'Sant`Elpidio a Mare'),
('I326', 'AQ', 'Sante Marie'),
('I327', 'TO', 'Santena'),
('I328', 'ME', 'San Teodoro'),
('I329', 'SS', 'San Teodoro'),
('I330', 'BA', 'Santeramo in Colle'),
('I332', 'PE', 'Sant`Eufemia a Maiella'),
('I333', 'RC', 'Sant`Eufemia d`Aspromonte'),
('I335', 'CH', 'Sant`Eusanio del Sangro'),
('I336', 'AQ', 'Sant`Eusanio Forconese'),
('I337', 'VC', 'Santhià'),
('I339', 'LT', 'Santi Cosma e Damiano'),
('I341', 'RC', 'Sant`Ilario dello Ionio'),
('I342', 'RE', 'Sant`Ilario d`Enza'),
('I344', 'PU', 'Sant`Ippolito'),
('I346', 'GE', 'Sant`Olcese'),
('I347', 'BL', 'San Tomaso Agordino'),
('I348', 'TE', 'Sant`Omero'),
('I350', 'VV', 'Sant`Onofrio'),
('I351', 'FR', 'Santopadre'),
('I352', 'RM', 'Sant`Oreste'),
('I353', 'VI', 'Santorso'),
('I354', 'TN', 'Sant`Orsola Terme'),
('I356', 'AG', 'Santo Stefano Quisquina'),
('I357', 'AV', 'Santo Stefano del Sole'),
('I359', 'CS', 'Santo Stefano di Rogliano'),
('I360', 'AQ', 'Santo Stefano di Sessanio'),
('I361', 'MI', 'Santo Stefano Ticino'),
('I362', 'LO', 'Santo Stefano Lodigiano'),
('I363', 'SP', 'Santo Stefano di Magra'),
('I364', 'FR', 'Villa Santo Stefano'),
('I365', 'IM', 'Santo Stefano al Mare'),
('I367', 'CN', 'Santo Stefano Belbo'),
('I368', 'GE', 'Santo Stefano d`Aveto'),
('I370', 'ME', 'Santo Stefano di Camastra'),
('I371', 'RC', 'Santo Stefano in Aspromonte'),
('I372', 'CN', 'Santo Stefano Roero'),
('I373', 'VE', 'San Stino di Livenza'),
('I374', 'OR', 'Santu Lussurgiu'),
('I375', 'PD', 'Sant`Urbano'),
('I376', 'PE', 'San Valentino in Abruzzo Citeriore'),
('I377', 'SA', 'San Valentino Torio'),
('I381', 'TR', 'San Venanzo'),
('I382', 'TV', 'San Vendemiano'),
('I384', 'OR', 'San Vero Milis'),
('I388', 'CS', 'San Vincenzo La Costa'),
('I389', 'AQ', 'San Vincenzo Valle Roveto'),
('I390', 'LI', 'San Vincenzo'),
('I391', 'NA', 'San Vitaliano'),
('I392', 'BL', 'San Vito di Cadore'),
('I393', 'CZ', 'San Vito sullo Ionio'),
('I394', 'CH', 'San Vito Chietino'),
('I396', 'BR', 'San Vito dei Normanni'),
('I400', 'RM', 'San Vito Romano'),
('I401', 'VI', 'San Vito di Leguzzano'),
('I402', 'SU', 'San Vito'),
('I403', 'PN', 'San Vito al Tagliamento'),
('I404', 'UD', 'San Vito al Torre'),
('I405', 'UD', 'San Vito di Fagagna'),
('I407', 'TP', 'San Vito Lo Capo'),
('I408', 'FR', 'San Vittore del Lazio'),
('I409', 'MI', 'San Vittore Olona'),
('I410', 'SA', 'Sanza'),
('I411', 'TN', 'Sanzeno'),
('I412', 'BS', 'San Zeno Naviglio'),
('I414', 'VR', 'San Zeno di Montagna'),
('I415', 'MI', 'San Zenone al Lambro'),
('I416', 'PV', 'San Zenone al Po'),
('I417', 'TV', 'San Zenone degli Ezzelini'),
('I418', 'PD', 'Saonara'),
('I420', 'ME', 'Saponara'),
('I421', 'UD', 'Sappada'),
('I422', 'SA', 'Sapri'),
('I423', 'CS', 'Saracena'),
('I424', 'RM', 'Saracinesco'),
('I425', 'VI', 'Sarcedo'),
('I426', 'PZ', 'Sarconi'),
('I428', 'SU', 'Sardara'),
('I429', 'AL', 'Sardigliano'),
('I430', 'VI', 'Sarego'),
('I432', 'AL', 'Sarezzano'),
('I433', 'BS', 'Sarezzo'),
('I434', 'PC', 'Sarmato'),
('I435', 'TV', 'Sarmede'),
('I436', 'MC', 'Sarnano'),
('I437', 'BG', 'Sarnico'),
('I438', 'SA', 'Sarno'),
('I439', 'TN', 'Sarnonico'),
('I441', 'VA', 'Saronno'),
('I442', 'AO', 'Sarre'),
('I443', 'CA', 'Sarroch'),
('I444', 'FC', 'Sarsina'),
('I445', 'SI', 'Sarteano'),
('I447', 'PV', 'Sartirana Lomellina'),
('I448', 'NU', 'Sarule'),
('I449', 'SP', 'Sarzana'),
('I451', 'SA', 'Sassano'),
('I452', 'SS', 'Sassari'),
('I453', 'SV', 'Sassello'),
('I454', 'LI', 'Sassetta'),
('I455', 'BN', 'Sassinoro'),
('I457', 'PZ', 'Sasso di Castalda'),
('I460', 'RN', 'Sassofeltrio'),
('I461', 'AN', 'Sassoferrato'),
('I462', 'MO', 'Sassuolo'),
('I463', 'CZ', 'Satriano'),
('I464', 'UD', 'Sauris'),
('I465', 'TO', 'Sauze di Cesana'),
('I466', 'TO', 'Sauze d`Oulx'),
('I467', 'TA', 'Sava'),
('I468', 'KR', 'Savelli'),
('I469', 'NA', 'Saviano'),
('I470', 'CN', 'Savigliano'),
('I471', 'AV', 'Savignano Irpino'),
('I472', 'FC', 'Savignano sul Rubicone'),
('I473', 'MO', 'Savignano sul Panaro'),
('I475', 'GE', 'Savignone'),
('I476', 'BS', 'Saviore dell`Adamello'),
('I477', 'ME', 'Savoca'),
('I478', 'UD', 'Savogna'),
('I479', 'GO', 'Savogna d`Isonzo-Sovodnje ob Soči'),
('I480', 'SV', 'Savona'),
('I482', 'PE', 'Scafa'),
('I483', 'SA', 'Scafati'),
('I484', 'CN', 'Scagnello'),
('I485', 'CS', 'Scala Coeli'),
('I486', 'SA', 'Scala'),
('I487', 'PV', 'Scaldasole'),
('I489', 'CS', 'Scalea'),
('I490', 'TO', 'Scalenghe'),
('I492', 'ME', 'Scaletta Zanclea'),
('I493', 'AV', 'Scampitella'),
('I494', 'KR', 'Scandale'),
('I496', 'RE', 'Scandiano'),
('I497', 'CR', 'Scandolara Ravara'),
('I498', 'CR', 'Scandolara Ripa d`Oglio'),
('I499', 'RI', 'Scandriglia'),
('I501', 'AQ', 'Scanno'),
('I503', 'OR', 'Scano di Montiferro'),
('I504', 'GR', 'Scansano'),
('I506', 'BG', 'Scanzorosciate'),
('I507', 'IS', 'Scapoli'),
('I510', 'GR', 'Scarlino'),
('I511', 'TO', 'Scarmagno'),
('I512', 'CN', 'Scarnafigi'),
('I520', 'CH', 'Scerni'),
('I522', 'PG', 'Scheggia e Pascelupo'),
('I523', 'PG', 'Scheggino'),
('I526', 'CH', 'Schiavi di Abruzzo'),
('I527', 'VI', 'Schiavon'),
('I529', 'CO', 'Schignano'),
('I530', 'BG', 'Schilpario'),
('I531', 'VI', 'Schio'),
('I532', 'MN', 'Schivenoglia'),
('I533', 'AG', 'Sciacca'),
('I534', 'PA', 'Sciara'),
('I535', 'RG', 'Scicli'),
('I536', 'RC', 'Scido'),
('I537', 'RC', 'Scilla'),
('I538', 'PA', 'Scillato'),
('I539', 'TO', 'Sciolze'),
('I540', 'NA', 'Scisciano'),
('I541', 'PA', 'Sclafani Bagni'),
('I543', 'AQ', 'Scontrone'),
('I544', 'VC', 'Scopa'),
('I545', 'VC', 'Scopello'),
('I546', 'AQ', 'Scoppito'),
('I548', 'CT', 'Scordia'),
('I549', 'LE', 'Scorrano'),
('I551', 'VE', 'Scorzè'),
('I553', 'AQ', 'Scurcola Marsicana'),
('I554', 'TN', 'Scurelle'),
('I555', 'AT', 'Scurzolengo'),
('I556', 'IM', 'Seborga'),
('I558', 'AQ', 'Secinaro'),
('I559', 'LE', 'Seclì'),
('I561', 'LO', 'Secugnago'),
('I562', 'UD', 'Sedegliano'),
('I563', 'BL', 'Sedico'),
('I564', 'OR', 'Sedilo'),
('I565', 'SS', 'Sedini'),
('I566', 'MI', 'Sedriano'),
('I567', 'BG', 'Sedrina'),
('I569', 'MC', 'Sefro'),
('I570', 'SU', 'Segariu'),
('I571', 'GR', 'Seggiano'),
('I573', 'RM', 'Segni'),
('I576', 'TN', 'Segonzano'),
('I577', 'MI', 'Segrate'),
('I578', 'TV', 'Segusino'),
('I580', 'CA', 'Selargius'),
('I581', 'RI', 'Selci'),
('I582', 'SU', 'Selegas'),
('I585', 'PG', 'Sellano'),
('I588', 'BS', 'Sellero'),
('I589', 'CZ', 'Sellia'),
('I590', 'CZ', 'Sellia Marina'),
('I592', 'BL', 'Selva di Cadore'),
('I594', 'VR', 'Selva di Progno'),
('I595', 'PD', 'Selvazzano Dentro'),
('I597', 'BG', 'Selvino'),
('I598', 'SS', 'Semestene'),
('I599', 'PV', 'Semiana'),
('I600', 'RC', 'Seminara'),
('I601', 'GR', 'Semproniano'),
('I602', 'MI', 'Senago'),
('I605', 'OR', 'Seneghe'),
('I606', 'AV', 'Senerchia'),
('I607', 'BS', 'Seniga'),
('I608', 'AN', 'Senigallia'),
('I609', 'OR', 'Senis'),
('I610', 'PZ', 'Senise'),
('I611', 'CO', 'Senna Comasco'),
('I612', 'LO', 'Senna Lodigiana'),
('I613', 'OR', 'Sennariolo'),
('I614', 'SS', 'Sennori'),
('I615', 'SU', 'Senorbì'),
('I618', 'CB', 'Sepino'),
('I621', 'PN', 'Sequals'),
('I622', 'LU', 'Seravezza'),
('I624', 'SU', 'Serdiana'),
('I625', 'MB', 'Seregno'),
('I626', 'BL', 'Seren del Grappa'),
('I627', 'CR', 'Sergnano'),
('I628', 'BG', 'Seriate'),
('I629', 'BG', 'Serina'),
('I630', 'AV', 'Serino'),
('I631', 'BS', 'Serle'),
('I632', 'MN', 'Sermide e Felonica'),
('I633', 'BS', 'Sirmione'),
('I634', 'LT', 'Sermoneta'),
('I635', 'TV', 'Sernaglia della Battaglia'),
('I636', 'SO', 'Sernio'),
('I637', 'AT', 'Serole'),
('I639', 'VV', 'Serra San Bruno'),
('I640', 'GE', 'Serra Riccò'),
('I641', 'FG', 'Serracapriola'),
('I642', 'CS', 'Serra d`Aiello'),
('I643', 'AN', 'Serra de` Conti'),
('I644', 'CL', 'Serradifalco'),
('I645', 'AL', 'Serralunga di Crea'),
('I646', 'CN', 'Serralunga d`Alba'),
('I647', 'SU', 'Serramanna'),
('I648', 'SA', 'Serramezzana'),
('I649', 'PE', 'Serramonacesca'),
('I651', 'MC', 'Serrapetrona'),
('I652', 'NA', 'Serrara Fontana'),
('I653', 'AN', 'Serra San Quirico'),
('I654', 'PU', 'Serra Sant`Abbondio'),
('I655', 'CZ', 'Serrastretta'),
('I656', 'RC', 'Serrata'),
('I657', 'AL', 'Serravalle Scrivia'),
('I659', 'CN', 'Serravalle Langhe'),
('I660', 'PT', 'Serravalle Pistoiese'),
('I661', 'MC', 'Serravalle di Chienti'),
('I662', 'MN', 'Serravalle a Po'),
('I663', 'VC', 'Serravalle Sesia'),
('I666', 'SA', 'Serre'),
('I667', 'SU', 'Serrenti'),
('I668', 'SU', 'Serri'),
('I669', 'FR', 'Serrone'),
('I671', 'CZ', 'Sersale'),
('I673', 'BL', 'Sovramonte'),
('I676', 'CE', 'Sessa Aurunca'),
('I677', 'SA', 'Sessa Cilento'),
('I678', 'AT', 'Sessame'),
('I679', 'IS', 'Sessano del Molise'),
('I681', 'AR', 'Sestino'),
('I682', 'IS', 'Sesto Campano'),
('I683', 'CR', 'Sesto ed Uniti'),
('I684', 'FI', 'Sesto Fiorentino'),
('I686', 'PN', 'Sesto al Reghena'),
('I688', 'VA', 'Sesto Calende'),
('I689', 'MO', 'Sestola'),
('I690', 'MI', 'Sesto San Giovanni'),
('I692', 'TO', 'Sestriere'),
('I693', 'GE', 'Sestri Levante'),
('I695', 'CA', 'Sestu'),
('I696', 'MI', 'Settala'),
('I697', 'FR', 'Settefrati'),
('I698', 'AT', 'Settime'),
('I699', 'CA', 'Settimo San Pietro'),
('I700', 'MI', 'Settimo Milanese'),
('I701', 'TO', 'Settimo Rottaro'),
('I702', 'TO', 'Settimo Vittone'),
('I703', 'TO', 'Settimo Torinese'),
('I704', 'CZ', 'Settingiano'),
('I705', 'SU', 'Setzu'),
('I706', 'SU', 'Seui'),
('I707', 'SU', 'Seulo'),
('I709', 'MB', 'Seveso'),
('I711', 'AL', 'Sezzadio'),
('I712', 'LT', 'Sezze'),
('I714', 'TN', 'Sfruz'),
('I715', 'TS', 'Sgonico-Zgonik'),
('I716', 'FR', 'Sgurgola'),
('I717', 'OR', 'Siamaggiore'),
('I718', 'OR', 'Siamanna'),
('I720', 'SA', 'Siano'),
('I721', 'OR', 'Siapiccia'),
('I723', 'AG', 'Siculiana'),
('I724', 'SU', 'Siddi'),
('I725', 'RC', 'Siderno'),
('I726', 'SI', 'Siena'),
('I727', 'PG', 'Sigillo'),
('I728', 'FI', 'Signa'),
('I730', 'NU', 'Silanus'),
('I732', 'SS', 'Siligo'),
('I734', 'SU', 'Siliqua'),
('I735', 'SU', 'Silius'),
('I736', 'NO', 'Sillavengo'),
('I738', 'AL', 'Silvano d`Orba'),
('I739', 'PV', 'Silvano Pietra'),
('I741', 'TE', 'Silvi'),
('I742', 'OR', 'Simala'),
('I743', 'OR', 'Simaxis'),
('I744', 'VV', 'Simbario'),
('I745', 'CZ', 'Simeri Crichi'),
('I747', 'ME', 'Sinagra'),
('I748', 'NU', 'Sindia'),
('I749', 'OR', 'Sini'),
('I750', 'CN', 'Sinio'),
('I751', 'NU', 'Siniscola'),
('I752', 'CA', 'Sinnai'),
('I753', 'RC', 'Sinopoli'),
('I754', 'SR', 'Siracusa'),
('I756', 'AV', 'Sirignano'),
('I757', 'OR', 'Siris'),
('I758', 'AN', 'Sirolo'),
('I759', 'LC', 'Sirone'),
('I761', 'LC', 'Sirtori'),
('I765', 'SU', 'Siurgus Donigala'),
('I767', 'NO', 'Sizzano'),
('I774', 'FM', 'Smerillo'),
('I775', 'VR', 'Soave'),
('I777', 'UD', 'Socchieve'),
('I778', 'OR', 'Soddì'),
('I779', 'FC', 'Sogliano al Rubicone'),
('I780', 'LE', 'Sogliano Cavour'),
('I781', 'AT', 'Soglio'),
('I782', 'BS', 'Soiano del Lago'),
('I783', 'VI', 'Solagna'),
('I785', 'SR', 'Solarino'),
('I786', 'MI', 'Solaro'),
('I787', 'RA', 'Solarolo'),
('I790', 'CR', 'Solarolo Rainerio'),
('I791', 'OR', 'Solarussa'),
('I793', 'VA', 'Solbiate Arno'),
('I794', 'VA', 'Solbiate Olona'),
('I796', 'IM', 'Soldano'),
('I797', 'SU', 'Soleminis'),
('I798', 'AL', 'Solero'),
('I799', 'PD', 'Solesino'),
('I800', 'LE', 'Soleto'),
('I801', 'MN', 'Solferino'),
('I802', 'MO', 'Soliera'),
('I803', 'PR', 'Solignano'),
('I804', 'AQ', 'Sulmona'),
('I805', 'AV', 'Solofra'),
('I808', 'AL', 'Solonghello'),
('I809', 'BN', 'Solopaca'),
('I812', 'BG', 'Solto Collina'),
('I813', 'BG', 'Solza'),
('I815', 'LO', 'Somaglia'),
('I817', 'CN', 'Somano'),
('I819', 'VA', 'Somma Lombardo'),
('I820', 'NA', 'Somma Vesuviana'),
('I821', 'VR', 'Sommacampagna'),
('I822', 'CN', 'Sommariva del Bosco'),
('I823', 'CN', 'Sommariva Perno'),
('I824', 'CL', 'Sommatino'),
('I825', 'PV', 'Sommo'),
('I826', 'VR', 'Sona'),
('I827', 'CR', 'Soncino'),
('I828', 'SO', 'Sondalo'),
('I829', 'SO', 'Sondrio'),
('I830', 'BG', 'Songavazzo'),
('I831', 'BS', 'Sonico'),
('I832', 'LT', 'Sonnino'),
('I838', 'FR', 'Sora'),
('I839', 'TN', 'Soraga di Fassa'),
('I840', 'PR', 'Soragna'),
('I841', 'GR', 'Sorano'),
('I843', 'AV', 'Sorbo Serpico'),
('I844', 'CZ', 'Sorbo San Basile'),
('I847', 'BI', 'Sordevolo'),
('I848', 'LO', 'Sordio'),
('I849', 'CR', 'Soresina'),
('I850', 'VR', 'Sorgà'),
('I851', 'NU', 'Sorgono'),
('I852', 'GE', 'Sori'),
('I853', 'VV', 'Sorianello'),
('I854', 'VV', 'Soriano Calabro'),
('I855', 'VT', 'Soriano nel Cimino'),
('I856', 'CO', 'Sorico'),
('I857', 'NO', 'Soriso'),
('I858', 'BG', 'Sorisole'),
('I860', 'CO', 'Sormano'),
('I861', 'OR', 'Sorradile'),
('I862', 'NA', 'Sorrento'),
('I863', 'SS', 'Sorso'),
('I864', 'SR', 'Sortino'),
('I865', 'CR', 'Sospiro'),
('I866', 'BL', 'Sospirolo'),
('I867', 'VI', 'Sossano'),
('I868', 'BI', 'Sostegno'),
('I869', 'BG', 'Sotto il Monte Giovanni XXIII'),
('I871', 'TN', 'Sover'),
('I872', 'CZ', 'Soverato'),
('I873', 'BG', 'Sovere'),
('I874', 'CZ', 'Soveria Mannelli'),
('I875', 'CZ', 'Soveria Simeri'),
('I876', 'BL', 'Soverzene'),
('I877', 'SI', 'Sovicille'),
('I878', 'MB', 'Sovico'),
('I880', 'NO', 'Sozzago'),
('I881', 'ME', 'Spadafora'),
('I884', 'VV', 'Spadola'),
('I885', 'CE', 'Sparanise'),
('I886', 'TO', 'Sparone'),
('I887', 'LE', 'Specchia'),
('I888', 'PG', 'Spello'),
('I891', 'EN', 'Sperlinga'),
('I892', 'LT', 'Sperlonga'),
('I893', 'AV', 'Sperone'),
('I894', 'PV', 'Spessa'),
('I895', 'CS', 'Spezzano Albanese'),
('I896', 'CS', 'Spezzano della Sila'),
('I899', 'TN', 'Spiazzo'),
('I901', 'AL', 'Spigno Monferrato'),
('I902', 'LT', 'Spigno Saturnia'),
('I903', 'MO', 'Spilamberto'),
('I904', 'PN', 'Spilimbergo'),
('I905', 'VV', 'Spilinga'),
('I906', 'CR', 'Spinadesco'),
('I907', 'BT', 'Spinazzola'),
('I908', 'VE', 'Spinea'),
('I909', 'CR', 'Spineda'),
('I910', 'CB', 'Spinete'),
('I911', 'AL', 'Spineto Scrivia'),
('I912', 'AP', 'Spinetoli'),
('I914', 'CR', 'Spino d`Adda'),
('I916', 'BG', 'Spinone al Lago'),
('I917', 'PZ', 'Spinoso'),
('I919', 'BG', 'Spirano'),
('I921', 'PG', 'Spoleto'),
('I922', 'PE', 'Spoltore'),
('I923', 'LE', 'Spongano'),
('I924', 'TN', 'Spormaggiore'),
('I925', 'TN', 'Sporminore'),
('I926', 'SV', 'Spotorno'),
('I927', 'TV', 'Spresiano'),
('I928', 'SO', 'Spriana'),
('I929', 'CZ', 'Squillace'),
('I930', 'LE', 'Squinzano'),
('I932', 'AN', 'Staffolo'),
('I935', 'CR', 'Stagno Lombardo'),
('I936', 'RC', 'Staiti'),
('I937', 'CZ', 'Stalettì'),
('I938', 'PD', 'Stanghella'),
('I939', 'GO', 'Staranzano'),
('I941', 'AL', 'Stazzano'),
('I942', 'LU', 'Stazzema'),
('I943', 'CO', 'Stazzona'),
('I945', 'VV', 'Stefanaconi'),
('I946', 'SV', 'Stella'),
('I947', 'SV', 'Stellanello'),
('I949', 'TN', 'Stenico'),
('I950', 'LE', 'Sternatia'),
('I951', 'BG', 'Stezzano'),
('I953', 'RO', 'Stienta'),
('I954', 'MT', 'Stigliano'),
('I955', 'RC', 'Stignano'),
('I956', 'RC', 'Stilo'),
('I959', 'RI', 'Stimigliano'),
('I960', 'SA', 'Stio'),
('I962', 'FG', 'Stornara'),
('I963', 'FG', 'Stornarella'),
('I964', 'TN', 'Storo'),
('I965', 'VE', 'Stra'),
('I968', 'PV', 'Stradella'),
('I969', 'TO', 'Strambinello'),
('I970', 'TO', 'Strambino'),
('I973', 'FR', 'Strangolagalli'),
('I974', 'UD', 'Stregna'),
('I975', 'TN', 'Strembo'),
('I976', 'VB', 'Stresa'),
('I977', 'AL', 'Strevi'),
('I978', 'NA', 'Striano'),
('I980', 'BI', 'Strona'),
('I981', 'TR', 'Stroncone'),
('I982', 'KR', 'Strongoli'),
('I984', 'VC', 'Stroppiana'),
('I985', 'CN', 'Stroppo'),
('I986', 'BG', 'Strozza'),
('I990', 'AV', 'Sturno'),
('I991', 'AR', 'Subbiano'),
('I992', 'RM', 'Subiaco'),
('I993', 'CE', 'Succivo'),
('I994', 'LC', 'Sueglio'),
('I995', 'SU', 'Suelli'),
('I996', 'LC', 'Suello'),
('I997', 'BG', 'Suisio'),
('I998', 'MB', 'Sulbiate'),
('L002', 'BS', 'Sulzano'),
('L003', 'VA', 'Sumirago'),
('L004', 'AV', 'Summonte'),
('L006', 'OR', 'Suni'),
('L007', 'NO', 'Suno'),
('L008', 'LE', 'Supersano'),
('L009', 'FR', 'Supino'),
('L010', 'LE', 'Surano'),
('L011', 'LE', 'Surbo'),
('L013', 'TO', 'Susa'),
('L014', 'TV', 'Susegana'),
('L015', 'MN', 'Sustinente'),
('L016', 'CL', 'Sutera'),
('L017', 'VT', 'Sutri'),
('L018', 'UD', 'Sutrio'),
('L019', 'LI', 'Suvereto'),
('L020', 'MN', 'Suzzara'),
('L022', 'LC', 'Taceno'),
('L023', 'OR', 'Tadasuni'),
('L024', 'IM', 'Taggia'),
('L025', 'AQ', 'Tagliacozzo'),
('L026', 'RO', 'Taglio di Po'),
('L027', 'AL', 'Tagliolo Monferrato'),
('L030', 'BL', 'Taibon Agordino'),
('L032', 'VA', 'Taino'),
('L034', 'RN', 'Talamello'),
('L035', 'SO', 'Talamona'),
('L036', 'NU', 'Talana'),
('L037', 'BG', 'Taleggio'),
('L038', 'AR', 'Talla'),
('L039', 'UD', 'Talmassons'),
('L040', 'BL', 'Tambre'),
('L042', 'ME', 'Taormina'),
('L046', 'RI', 'Tarano'),
('L047', 'CH', 'Taranta Peligna'),
('L048', 'CN', 'Tarantasca'),
('L049', 'TA', 'Taranto'),
('L050', 'UD', 'Tarcento'),
('L055', 'CS', 'Tarsia'),
('L056', 'SO', 'Tartano'),
('L057', 'UD', 'Tarvisio'),
('L058', 'TV', 'Tarzo'),
('L059', 'AL', 'Tassarolo'),
('L061', 'AV', 'Taurano'),
('L062', 'AV', 'Taurasi'),
('L063', 'RC', 'Taurianova'),
('L064', 'LE', 'Taurisano'),
('L065', 'UD', 'Tavagnacco'),
('L066', 'TO', 'Tavagnasco'),
('L069', 'CB', 'Tavenna'),
('L070', 'CZ', 'Taverna'),
('L071', 'CO', 'Tavernerio'),
('L073', 'BG', 'Tavernola Bergamasca'),
('L074', 'LE', 'Taviano'),
('L075', 'BI', 'Tavigliano'),
('L078', 'PU', 'Tavoleto'),
('L081', 'PU', 'Tavullia'),
('L082', 'PZ', 'Teana'),
('L083', 'CE', 'Teano'),
('L084', 'SO', 'Teglio'),
('L085', 'VE', 'Teglio Veneto'),
('L086', 'BN', 'Telese Terme'),
('L087', 'BG', 'Telgate'),
('L088', 'SS', 'Telti'),
('L089', 'TN', 'Telve'),
('L090', 'TN', 'Telve di Sopra'),
('L093', 'SS', 'Tempio Pausania'),
('L094', 'BS', 'Temù'),
('L096', 'TN', 'Tenna'),
('L097', 'TN', 'Tenno'),
('L100', 'PD', 'Teolo'),
('L102', 'AV', 'Teora'),
('L103', 'TE', 'Teramo'),
('L104', 'NO', 'Terdobbiate'),
('L105', 'FR', 'Terelle'),
('L109', 'BA', 'Terlizzi'),
('L112', 'PA', 'Termini Imerese'),
('L113', 'CB', 'Termoli'),
('L115', 'VA', 'Ternate'),
('L116', 'BI', 'Ternengo'),
('L117', 'TR', 'Terni'),
('L118', 'BG', 'Terno d`Isola'),
('L120', 'LT', 'Terracina'),
('L121', 'TN', 'Terragnolo'),
('L122', 'OR', 'Terralba'),
('L123', 'AR', 'Terranuova Bracciolini'),
('L124', 'CS', 'Terranova da Sibari'),
('L125', 'LO', 'Terranova dei Passerini'),
('L126', 'PZ', 'Terranova di Pollino'),
('L127', 'RC', 'Terranova Sappo Minulio'),
('L131', 'PA', 'Terrasini'),
('L132', 'PD', 'Terrassa Padovana'),
('L134', 'CS', 'Terravecchia'),
('L136', 'VR', 'Terrazzo'),
('L138', 'PI', 'Terricciola'),
('L139', 'AL', 'Terruggia'),
('L140', 'NU', 'Tertenia'),
('L142', 'NA', 'Terzigno'),
('L143', 'AL', 'Terzo'),
('L144', 'UD', 'Terzo d`Aquileia'),
('L145', 'TN', 'Terzolas'),
('L146', 'IM', 'Terzorio'),
('L147', 'TN', 'Tesero'),
('L150', 'VT', 'Tessennano'),
('L152', 'SV', 'Testico'),
('L153', 'NU', 'Teti'),
('L154', 'SU', 'Teulada'),
('L155', 'CE', 'Teverola'),
('L156', 'VI', 'Tezze sul Brenta'),
('L157', 'VI', 'Thiene'),
('L158', 'SS', 'Thiesi'),
('L160', 'NU', 'Tiana'),
('L164', 'CR', 'Ticengo'),
('L165', 'AL', 'Ticineto'),
('L166', 'LE', 'Tiggiano'),
('L167', 'GE', 'Tiglieto'),
('L168', 'AT', 'Tigliole'),
('L169', 'BS', 'Tignale'),
('L172', 'OR', 'Tinnura'),
('L173', 'AQ', 'Tione degli Abruzzi'),
('L174', 'TN', 'Tione di Trento'),
('L175', 'SO', 'Tirano'),
('L177', 'CZ', 'Tiriolo'),
('L180', 'SS', 'Tissi'),
('L181', 'PZ', 'Tito'),
('L182', 'RM', 'Tivoli'),
('L183', 'PR', 'Tizzano Val Parma'),
('L184', 'RE', 'Toano'),
('L185', 'BN', 'Tocco Caudio'),
('L186', 'PE', 'Tocco da Casauria'),
('L187', 'VB', 'Toceno'),
('L188', 'PG', 'Todi'),
('L189', 'RI', 'Toffia'),
('L190', 'SV', 'Toirano'),
('L191', 'MC', 'Tolentino'),
('L192', 'RM', 'Tolfa'),
('L193', 'BI', 'Tollegno'),
('L194', 'CH', 'Tollo'),
('L195', 'UD', 'Tolmezzo');
-- SQLINES LICENSE FOR EVALUATION USE ONLY
INSERT INTO comune (codice, provincia, nome) VALUES
('L197', 'PZ', 'Tolve'),
('L199', 'PD', 'Tombolo'),
('L200', 'TN', 'Ton'),
('L202', 'NU', 'Tonara'),
('L203', 'AT', 'Tonco'),
('L205', 'CE', 'Tora e Piccilli'),
('L206', 'CS', 'Torano Castello'),
('L207', 'TE', 'Torano Nuovo'),
('L210', 'BS', 'Torbole Casaglia'),
('L211', 'TN', 'Torcegno'),
('L212', 'SA', 'Torchiara'),
('L213', 'BR', 'Torchiarolo'),
('L214', 'AV', 'Torella dei Lombardi'),
('L215', 'CB', 'Torella del Sannio'),
('L216', 'PG', 'Torgiano'),
('L217', 'AO', 'Torgnon'),
('L218', 'CH', 'Torino di Sangro'),
('L219', 'TO', 'Torino'),
('L220', 'BA', 'Toritto'),
('L221', 'CR', 'Torlino Vimercati'),
('L223', 'NO', 'Tornaco'),
('L224', 'CH', 'Tornareccio'),
('L225', 'CR', 'Tornata'),
('L227', 'AQ', 'Tornimparte'),
('L228', 'CO', 'Torno'),
('L229', 'PR', 'Tornolo'),
('L230', 'CB', 'Toro'),
('L231', 'NU', 'Torpè'),
('L233', 'SA', 'Torraca'),
('L235', 'SS', 'Torralba'),
('L237', 'PV', 'Torrazza Coste'),
('L238', 'TO', 'Torrazza Piemonte'),
('L239', 'BI', 'Torrazzo'),
('L240', 'CZ', 'Torre di Ruggiero'),
('L241', 'CN', 'Torre Mondovì'),
('L243', 'FR', 'Torre Cajetani'),
('L244', 'SO', 'Torre di Santa Maria'),
('L245', 'NA', 'Torre Annunziata'),
('L246', 'UD', 'Torreano'),
('L247', 'TO', 'Torre Canavese'),
('L248', 'VI', 'Torrebelvicino'),
('L250', 'PV', 'Torre Beretti e Castellaro'),
('L251', 'BG', 'Torre Boldone'),
('L252', 'CN', 'Torre Bormida'),
('L253', 'CH', 'Torrebruna'),
('L254', 'BN', 'Torrecuso'),
('L256', 'PV', 'Torre d`Arese'),
('L257', 'BG', 'Torre de` Busi'),
('L258', 'CR', 'Torre de` Picenardi'),
('L259', 'NA', 'Torre del Greco'),
('L262', 'PV', 'Torre de` Negri'),
('L263', 'PE', 'Torre de` Passeri'),
('L265', 'BG', 'Torre de` Roveri'),
('L267', 'VE', 'Torre di Mosto'),
('L269', 'PV', 'Torre d`Isola'),
('L270', 'PD', 'Torreglia'),
('L271', 'ME', 'Torregrotta'),
('L272', 'AV', 'Torre Le Nocelle'),
('L273', 'FG', 'Torremaggiore'),
('L274', 'SA', 'Torre Orsaia'),
('L276', 'BG', 'Torre Pallavicina'),
('L277', 'TO', 'Torre Pellice'),
('L278', 'CN', 'Torre San Giorgio'),
('L279', 'FM', 'Torre San Patrizio'),
('L280', 'BR', 'Torre Santa Susanna'),
('L281', 'CN', 'Torresina'),
('L282', 'PA', 'Torretta'),
('L284', 'CH', 'Torrevecchia Teatina'),
('L285', 'PV', 'Torrevecchia Pia'),
('L286', 'RI', 'Torri in Sabina'),
('L287', 'VR', 'Torri del Benaco'),
('L290', 'FR', 'Torrice'),
('L291', 'CH', 'Torricella Peligna'),
('L292', 'PV', 'Torricella Verzate'),
('L293', 'RI', 'Torricella in Sabina'),
('L294', 'TA', 'Torricella'),
('L295', 'TE', 'Torricella Sicura'),
('L296', 'CR', 'Torricella del Pizzo'),
('L297', 'VI', 'Torri di Quartesolo'),
('L298', 'GE', 'Torriglia'),
('L299', 'PR', 'Torrile'),
('L301', 'AV', 'Torrioni'),
('L302', 'RM', 'Torrita Tiberina'),
('L303', 'SI', 'Torrita di Siena'),
('L304', 'AL', 'Tortona'),
('L305', 'CS', 'Tortora'),
('L306', 'SA', 'Tortorella'),
('L307', 'TE', 'Tortoreto'),
('L308', 'ME', 'Tortorici'),
('L309', 'UD', 'Torviscosa'),
('L310', 'VT', 'Tuscania'),
('L312', 'BS', 'Toscolano-Maderno'),
('L314', 'TE', 'Tossicia'),
('L315', 'SV', 'Tovo San Giacomo'),
('L316', 'SO', 'Tovo di Sant`Agata'),
('L317', 'PA', 'Trabia'),
('L319', 'VA', 'Tradate'),
('L321', 'OR', 'Tramatza'),
('L322', 'TN', 'Trambileno'),
('L323', 'SA', 'Tramonti'),
('L324', 'PN', 'Tramonti di Sopra'),
('L325', 'PN', 'Tramonti di Sotto'),
('L326', 'PZ', 'Tramutola'),
('L327', 'TO', 'Trana'),
('L328', 'BT', 'Trani'),
('L330', 'SO', 'Traona'),
('L331', 'TP', 'Trapani'),
('L332', 'PA', 'Trappeto'),
('L333', 'VB', 'Trarego Viggiona'),
('L334', 'AQ', 'Trasacco'),
('L335', 'UD', 'Trasaghis'),
('L336', 'VB', 'Trasquera'),
('L337', 'SU', 'Tratalias'),
('L339', 'BS', 'Travagliato'),
('L340', 'TO', 'Traves'),
('L342', 'VA', 'Travedona-Monate'),
('L345', 'TO', 'Traversella'),
('L346', 'PR', 'Traversetolo'),
('L347', 'PN', 'Travesio'),
('L348', 'PC', 'Travo'),
('L349', 'PD', 'Trebaseleghe'),
('L353', 'CS', 'Trebisacce'),
('L355', 'CT', 'Trecastagni'),
('L356', 'NO', 'Trecate'),
('L357', 'PZ', 'Trecchina'),
('L359', 'RO', 'Trecenta'),
('L361', 'FC', 'Tredozio'),
('L363', 'CH', 'Treglio'),
('L364', 'VR', 'Tregnago'),
('L366', 'MC', 'Treia'),
('L367', 'CN', 'Treiso'),
('L369', 'CT', 'Tremestieri Etneo'),
('L372', 'BS', 'Tremosine sul Garda'),
('L377', 'SA', 'Trentinara'),
('L378', 'TN', 'Trento'),
('L379', 'CE', 'Trentola Ducenta'),
('L380', 'BS', 'Trenzano'),
('L382', 'UD', 'Treppo Grande'),
('L383', 'LE', 'Trepuzzi'),
('L384', 'SI', 'Trequanda'),
('L386', 'MS', 'Tresana'),
('L388', 'BG', 'Trescore Balneario'),
('L389', 'CR', 'Trescore Cremasco'),
('L392', 'SO', 'Tresivio'),
('L393', 'OR', 'Tresnuraghes'),
('L396', 'VR', 'Trevenzuolo'),
('L397', 'PG', 'Trevi'),
('L398', 'FR', 'Trevi nel Lazio'),
('L399', 'AV', 'Trevico'),
('L400', 'BG', 'Treviglio'),
('L401', 'RM', 'Trevignano Romano'),
('L402', 'TV', 'Trevignano'),
('L403', 'AL', 'Treville'),
('L404', 'BG', 'Treviolo'),
('L406', 'BS', 'Treviso Bresciano'),
('L407', 'TV', 'Treviso'),
('L408', 'MI', 'Trezzano Rosa'),
('L409', 'MI', 'Trezzano sul Naviglio'),
('L410', 'CN', 'Trezzo Tinella'),
('L411', 'MI', 'Trezzo sull`Adda'),
('L413', 'CO', 'Trezzone'),
('L414', 'PD', 'Tribano'),
('L415', 'MI', 'Tribiano'),
('L416', 'GE', 'Tribogna'),
('L418', 'MT', 'Tricarico'),
('L419', 'LE', 'Tricase'),
('L420', 'VC', 'Tricerro'),
('L421', 'UD', 'Tricesimo'),
('L423', 'NU', 'Triei'),
('L424', 'TS', 'Trieste'),
('L425', 'BA', 'Triggiano'),
('L426', 'CR', 'Trigolo'),
('L427', 'CN', 'Trinità'),
('L428', 'SS', 'Trinità d`Agultu e Vignola'),
('L429', 'VC', 'Trino'),
('L430', 'IM', 'Triora'),
('L431', 'ME', 'Tripi'),
('L432', 'AL', 'Trisobbio'),
('L433', 'VI', 'Trissino'),
('L434', 'MB', 'Triuggio'),
('L435', 'CB', 'Trivento'),
('L437', 'FR', 'Trivigliano'),
('L438', 'UD', 'Trivignano Udinese'),
('L439', 'PZ', 'Trivigno'),
('L440', 'PV', 'Trivolzio'),
('L445', 'TO', 'Trofarello'),
('L447', 'FG', 'Troia'),
('L448', 'EN', 'Troina'),
('L449', 'PV', 'Tromello'),
('L450', 'VB', 'Trontano'),
('L451', 'VC', 'Tronzano Vercellese'),
('L452', 'VV', 'Tropea'),
('L453', 'PV', 'Trovo'),
('L454', 'MI', 'Truccazzano'),
('L458', 'CB', 'Tufara'),
('L459', 'CH', 'Tufillo'),
('L460', 'NA', 'Tufino'),
('L461', 'AV', 'Tufo'),
('L462', 'LE', 'Tuglie'),
('L463', 'SU', 'Tuili'),
('L464', 'SS', 'Tula'),
('L466', 'PG', 'Tuoro sul Trasimeno'),
('L468', 'BS', 'Valvestino'),
('L469', 'LO', 'Turano Lodigiano'),
('L470', 'CO', 'Turate'),
('L471', 'MI', 'Turbigo'),
('L472', 'BA', 'Turi'),
('L473', 'SU', 'Turri'),
('L474', 'GO', 'Turriaco'),
('L475', 'PE', 'Turrivalignani'),
('L477', 'MT', 'Tursi'),
('L478', 'ME', 'Tusa'),
('L480', 'VA', 'Uboldo'),
('L482', 'ME', 'Ucria'),
('L483', 'UD', 'Udine'),
('L484', 'LE', 'Ugento'),
('L485', 'LE', 'Uggiano la Chiesa'),
('L488', 'OR', 'Ulà Tirso'),
('L489', 'NU', 'Ulassai'),
('L492', 'KR', 'Umbriatico'),
('L494', 'BS', 'Urago d`Oglio'),
('L496', 'OR', 'Uras'),
('L497', 'PD', 'Urbana'),
('L498', 'PU', 'Urbania'),
('L499', 'SV', 'Urbe'),
('L500', 'PU', 'Urbino'),
('L501', 'MC', 'Urbisaglia'),
('L502', 'BG', 'Urgnano'),
('L503', 'SS', 'Uri'),
('L505', 'CB', 'Ururi'),
('L506', 'NU', 'Urzulei'),
('L507', 'GE', 'Uscio'),
('L508', 'OR', 'Usellus'),
('L509', 'SS', 'Usini'),
('L511', 'MB', 'Usmate Velate'),
('L512', 'SU', 'Ussana'),
('L513', 'SU', 'Ussaramanna'),
('L514', 'NU', 'Ussassai'),
('L515', 'TO', 'Usseaux'),
('L516', 'TO', 'Usseglio'),
('L517', 'MC', 'Ussita'),
('L519', 'PA', 'Ustica'),
('L521', 'CA', 'Uta'),
('L522', 'PT', 'Uzzano'),
('L524', 'CS', 'Vaccarizzo Albanese'),
('L525', 'RI', 'Vacone'),
('L526', 'CH', 'Vacri'),
('L528', 'SV', 'Vado Ligure'),
('L529', 'FI', 'Vaglia'),
('L531', 'AT', 'Vaglio Serra'),
('L532', 'PZ', 'Vaglio Basilicata'),
('L533', 'LU', 'Vagli Sotto'),
('L535', 'CR', 'Vaiano Cremasco'),
('L537', 'PO', 'Vaiano'),
('L538', 'TO', 'Vaie'),
('L539', 'CR', 'Vailate'),
('L540', 'CE', 'Vairano Patenora'),
('L544', 'BG', 'Valbondione'),
('L545', 'BG', 'Valbrembo'),
('L546', 'GE', 'Valbrevenna'),
('L547', 'CO', 'Valbrona'),
('L551', 'VI', 'Valdagno'),
('L554', 'VI', 'Valdastico'),
('L555', 'TO', 'Val della Torre'),
('L556', 'BI', 'Valdengo'),
('L557', 'SO', 'Valdidentro'),
('L558', 'CN', 'Valdieri'),
('L561', 'ME', 'Valdina'),
('L562', 'PV', 'Val di Nizza'),
('L563', 'SO', 'Valdisotto'),
('L565', 'TV', 'Valdobbiadene'),
('L566', 'VC', 'Valduggia'),
('L567', 'VR', 'Valeggio sul Mincio'),
('L568', 'PV', 'Valeggio'),
('L569', 'VT', 'Valentano'),
('L570', 'AL', 'Valenza'),
('L571', 'BA', 'Valenzano'),
('L572', 'LO', 'Valera Fratta'),
('L573', 'PG', 'Valfabbrica'),
('L574', 'AT', 'Valfenera'),
('L575', 'TN', 'Valfloriana'),
('L576', 'SO', 'Valfurva'),
('L577', 'VA', 'Valganna'),
('L578', 'TO', 'Valgioie'),
('L579', 'BG', 'Valgoglio'),
('L580', 'CN', 'Valgrana'),
('L581', 'LC', 'Valgreghentino'),
('L582', 'AO', 'Valgrisenche'),
('L583', 'EN', 'Valguarnera Caropepe'),
('L584', 'BL', 'Vallada Agordina'),
('L586', 'BI', 'Vallanzengo'),
('L588', 'TN', 'Vallarsa'),
('L589', 'AV', 'Vallata'),
('L590', 'BL', 'Valle di Cadore'),
('L591', 'CE', 'Valle di Maddaloni'),
('L593', 'PV', 'Valle Lomellina'),
('L594', 'CE', 'Valle Agricola'),
('L596', 'IM', 'Vallebona'),
('L597', 'TE', 'Valle Castellana'),
('L598', 'FR', 'Vallecorsa'),
('L599', 'IM', 'Vallecrosia'),
('L603', 'PA', 'Valledolmo'),
('L604', 'SS', 'Valledoria'),
('L605', 'FR', 'Vallemaio'),
('L607', 'VV', 'Vallelonga'),
('L609', 'CL', 'Vallelunga Pratameno'),
('L611', 'RM', 'Vallepietra'),
('L612', 'VT', 'Vallerano'),
('L613', 'SU', 'Vallermosa'),
('L614', 'FR', 'Vallerotonda'),
('L616', 'AV', 'Vallesaccarda'),
('L617', 'PV', 'Valle Salimbene'),
('L620', 'BI', 'Valle San Nicolao'),
('L623', 'BG', 'Valleve'),
('L624', 'VI', 'Valli del Pasubio'),
('L625', 'RM', 'Vallinfreda'),
('L626', 'BS', 'Vallio Terme'),
('L627', 'PG', 'Vallo di Nera'),
('L628', 'SA', 'Vallo della Lucania'),
('L629', 'TO', 'Vallo Torinese'),
('L631', 'CN', 'Valloriate'),
('L633', 'AL', 'Valmacca'),
('L634', 'LC', 'Valmadrera'),
('L638', 'SO', 'Val Masino'),
('L639', 'RM', 'Valmontone'),
('L640', 'CO', 'Valmorea'),
('L641', 'PR', 'Valmozzola'),
('L642', 'BG', 'Valnegra'),
('L643', 'AO', 'Valpelline'),
('L644', 'TO', 'Valperga'),
('L647', 'AO', 'Valsavarenche'),
('L651', 'VB', 'Valstrona'),
('L653', 'PG', 'Valtopina'),
('L654', 'AO', 'Valtournenche'),
('L655', 'BG', 'Valtorta'),
('L656', 'SA', 'Valva'),
('L658', 'CT', 'Valverde'),
('L664', 'MI', 'Vanzaghello'),
('L665', 'MI', 'Vanzago'),
('L666', 'VB', 'Vanzone con San Carlo'),
('L667', 'MI', 'Vaprio d`Adda'),
('L668', 'NO', 'Vaprio d`Agogna'),
('L669', 'VC', 'Varallo'),
('L670', 'NO', 'Varallo Pombia'),
('L671', 'VA', 'Varano Borghi'),
('L672', 'PR', 'Varano de` Melegari'),
('L673', 'RC', 'Varapodio'),
('L675', 'SV', 'Varazze'),
('L676', 'RI', 'Varco Sabino'),
('L677', 'MB', 'Varedo'),
('L680', 'LC', 'Varenna'),
('L681', 'SP', 'Varese Ligure'),
('L682', 'VA', 'Varese'),
('L685', 'TO', 'Varisella'),
('L686', 'UD', 'Varmo'),
('L689', 'PR', 'Varsi'),
('L690', 'PV', 'Varzi'),
('L691', 'VB', 'Varzo'),
('L693', 'IM', 'Vasia'),
('L696', 'IS', 'Vastogirardi'),
('L698', 'TO', 'Vauda Canavese'),
('L699', 'VV', 'Vazzano'),
('L700', 'TV', 'Vazzola'),
('L702', 'PI', 'Vecchiano'),
('L703', 'VA', 'Vedano Olona'),
('L704', 'MB', 'Vedano al Lambro'),
('L706', 'TV', 'Vedelago'),
('L707', 'BG', 'Vedeseta'),
('L709', 'MB', 'Veduggio con Colzano'),
('L710', 'PD', 'Veggiano'),
('L711', 'LE', 'Veglie'),
('L712', 'BI', 'Veglio'),
('L713', 'VT', 'Vejano'),
('L715', 'CO', 'Veleso'),
('L716', 'PV', 'Velezzo Lomellina'),
('L719', 'RM', 'Velletri'),
('L720', 'PV', 'Vellezzo Bellini'),
('L722', 'VR', 'Velo Veronese'),
('L723', 'VI', 'Velo d`Astico'),
('L725', 'IS', 'Venafro'),
('L726', 'TO', 'Venaus'),
('L727', 'TO', 'Venaria Reale'),
('L728', 'AP', 'Venarotta'),
('L729', 'CN', 'Venasca'),
('L730', 'SV', 'Vendone'),
('L733', 'VA', 'Venegono Inferiore'),
('L734', 'VA', 'Venegono Superiore'),
('L735', 'ME', 'Venetico'),
('L736', 'VE', 'Venezia'),
('L737', 'CO', 'Veniano'),
('L738', 'PZ', 'Venosa'),
('L739', 'AV', 'Venticano'),
('L740', 'PA', 'Ventimiglia di Sicilia'),
('L741', 'IM', 'Ventimiglia'),
('L742', 'LT', 'Ventotene'),
('L743', 'UD', 'Venzone'),
('L744', 'MB', 'Verano Brianza'),
('L746', 'VB', 'Verbania'),
('L747', 'CS', 'Verbicaro'),
('L748', 'CO', 'Vercana'),
('L749', 'SO', 'Verceia'),
('L750', 'VC', 'Vercelli'),
('L751', 'LC', 'Vercurago'),
('L752', 'BG', 'Verdellino'),
('L753', 'BG', 'Verdello'),
('L758', 'CN', 'Verduno'),
('L762', 'BO', 'Vergato'),
('L764', 'FC', 'Verghereto'),
('L765', 'VA', 'Vergiate'),
('L769', 'TN', 'Vermiglio'),
('L771', 'CN', 'Vernante'),
('L772', 'PC', 'Vernasca'),
('L773', 'MI', 'Vernate'),
('L774', 'SP', 'Vernazza'),
('L775', 'PO', 'Vernio'),
('L776', 'LE', 'Vernole'),
('L777', 'BS', 'Verolanuova'),
('L778', 'BS', 'Verolavecchia'),
('L779', 'TO', 'Verolengo'),
('L780', 'FR', 'Veroli'),
('L781', 'VR', 'Verona'),
('L783', 'AO', 'Verrayes'),
('L784', 'PV', 'Verretto'),
('L785', 'BI', 'Verrone'),
('L787', 'TO', 'Verrua Savoia'),
('L788', 'PV', 'Verrua Po'),
('L792', 'CO', 'Vertemate con Minoprio'),
('L795', 'BG', 'Vertova'),
('L797', 'RN', 'Verucchio'),
('L799', 'SO', 'Vervio'),
('L801', 'UD', 'Verzegnis'),
('L802', 'KR', 'Verzino'),
('L804', 'CN', 'Verzuolo'),
('L805', 'PD', 'Vescovana'),
('L806', 'CR', 'Vescovato'),
('L807', 'AT', 'Vesime'),
('L808', 'NO', 'Vespolate'),
('L809', 'IM', 'Vessalico'),
('L810', 'VR', 'Vestenanova'),
('L811', 'TO', 'Vestignè'),
('L812', 'BS', 'Vestone'),
('L814', 'VT', 'Vetralla'),
('L815', 'RE', 'Vetto'),
('L816', 'BS', 'Vezza d`Oglio'),
('L817', 'CN', 'Vezza d`Alba'),
('L819', 'SP', 'Vezzano Ligure'),
('L820', 'RE', 'Vezzano sul Crostolo'),
('L823', 'SV', 'Vezzi Portio'),
('L826', 'MN', 'Viadana'),
('L827', 'BG', 'Viadanica'),
('L828', 'CT', 'Viagrande'),
('L829', 'AT', 'Viale'),
('L830', 'TO', 'Vialfrè'),
('L831', 'RE', 'Viano'),
('L833', 'LU', 'Viareggio'),
('L834', 'AT', 'Viarigi'),
('L835', 'SA', 'Vibonati'),
('L836', 'FR', 'Vicalvi'),
('L837', 'PA', 'Vicari'),
('L838', 'FI', 'Vicchio'),
('L840', 'VI', 'Vicenza'),
('L841', 'CN', 'Vicoforte'),
('L842', 'FG', 'Vico del Gargano'),
('L843', 'FR', 'Vico nel Lazio'),
('L844', 'CE', 'Villa Literno'),
('L845', 'NA', 'Vico Equense'),
('L846', 'PE', 'Vicoli'),
('L847', 'NO', 'Vicolungo'),
('L848', 'PC', 'Ziano Piacentino'),
('L850', 'PI', 'Vicopisano'),
('L851', 'RM', 'Vicovaro'),
('L854', 'PV', 'Vidigulfo'),
('L856', 'TV', 'Vidor'),
('L857', 'TO', 'Vidracco'),
('L858', 'FG', 'Vieste'),
('L859', 'PZ', 'Vietri di Potenza'),
('L860', 'SA', 'Vietri sul Mare'),
('L865', 'BG', 'Vigano San Martino'),
('L866', 'LC', 'Viganò'),
('L868', 'FE', 'Vigarano Mainarda'),
('L869', 'VR', 'Vigasio'),
('L872', 'PV', 'Vigevano'),
('L873', 'PZ', 'Viggianello'),
('L874', 'PZ', 'Viggiano'),
('L876', 'VA', 'Viggiù'),
('L879', 'AT', 'Vigliano d`Asti'),
('L880', 'BI', 'Vigliano Biellese'),
('L881', 'AL', 'Vignale Monferrato'),
('L882', 'VT', 'Vignanello'),
('L883', 'MI', 'Vignate'),
('L885', 'MO', 'Vignola'),
('L886', 'TN', 'Vignola-Falesina'),
('L887', 'AL', 'Vignole Borbera'),
('L888', 'CN', 'Vignolo'),
('L889', 'VB', 'Vignone'),
('L890', 'BL', 'Vigo di Cadore'),
('L892', 'PD', 'Vigodarzere'),
('L894', 'BG', 'Vigolo'),
('L897', 'PC', 'Vigolzone'),
('L898', 'TO', 'Vigone'),
('L899', 'VE', 'Vigonovo'),
('L900', 'PD', 'Vigonza'),
('L904', 'AL', 'Viguzzolo'),
('L905', 'FR', 'Villa Santa Lucia'),
('L906', 'VB', 'Villadossola'),
('L907', 'SO', 'Villa di Chiavenna'),
('L908', 'SO', 'Villa di Tirano'),
('L909', 'UD', 'Villa Santina'),
('L912', 'VR', 'Villa Bartolomea'),
('L913', 'LU', 'Villa Basilica'),
('L916', 'PA', 'Villabate'),
('L917', 'PV', 'Villa Biscossi'),
('L919', 'BS', 'Villa Carcina'),
('L920', 'BR', 'Villa Castelli'),
('L922', 'PE', 'Villa Celiera'),
('L923', 'BS', 'Villachiara'),
('L924', 'SU', 'Villacidro'),
('L926', 'LU', 'Villa Collemandina'),
('L928', 'MI', 'Villa Cortese'),
('L929', 'BG', 'Villa d`Adda'),
('L931', 'AL', 'Villadeati'),
('L933', 'BI', 'Villa del Bosco'),
('L934', 'PD', 'Villa del Conte'),
('L936', 'BG', 'Villa di Serio'),
('L937', 'PD', 'Villa Estense'),
('L938', 'BG', 'Villa d`Ogna'),
('L939', 'RO', 'Villadose'),
('L942', 'CN', 'Villafalletto'),
('L943', 'IM', 'Villa Faraldi'),
('L944', 'AG', 'Villafranca Sicula'),
('L945', 'AT', 'Villafranca d`Asti'),
('L946', 'MS', 'Villafranca in Lunigiana'),
('L947', 'PD', 'Villafranca Padovana'),
('L948', 'TO', 'Villafranca Piemonte'),
('L949', 'VR', 'Villafranca di Verona'),
('L950', 'ME', 'Villafranca Tirrena'),
('L951', 'PA', 'Villafrati'),
('L952', 'VI', 'Villaga'),
('L953', 'NU', 'Villagrande Strisaili'),
('L956', 'CO', 'Villa Guardia'),
('L957', 'TN', 'Villa Lagarina'),
('L958', 'AQ', 'Villalago'),
('L959', 'CL', 'Villalba'),
('L961', 'CH', 'Villalfonsina'),
('L963', 'AL', 'Villalvernia'),
('L964', 'CH', 'Villamagna'),
('L965', 'AV', 'Villamaina'),
('L966', 'SU', 'Villamar'),
('L967', 'RO', 'Villamarzana'),
('L968', 'SU', 'Villamassargia'),
('L969', 'RE', 'Villa Minozzo'),
('L970', 'AL', 'Villamiroglio'),
('L972', 'AL', 'Villanova Monferrato'),
('L973', 'AV', 'Villanova del Battista'),
('L974', 'CN', 'Villanova Mondovì'),
('L975', 'SV', 'Villanova d`Albenga'),
('L977', 'LO', 'Villanova del Sillaro'),
('L978', 'BI', 'Villanova Biellese'),
('L979', 'PD', 'Villanova di Camposampiero'),
('L980', 'PC', 'Villanova sull`Arda'),
('L981', 'AO', 'Villeneuve'),
('L982', 'TO', 'Villanova Canavese'),
('L983', 'PV', 'Villanova d`Ardenghi'),
('L984', 'AT', 'Villanova d`Asti'),
('L985', 'RO', 'Villanova del Ghebbo'),
('L986', 'SU', 'Villanovaforru'),
('L987', 'SU', 'Villanovafranca'),
('L988', 'RO', 'Villanova Marchesana'),
('L989', 'SS', 'Villanova Monteleone'),
('L990', 'CN', 'Villanova Solaro'),
('L991', 'OR', 'Villanova Truschedu'),
('L992', 'SU', 'Villanova Tulo'),
('L994', 'PV', 'Villanterio'),
('L995', 'BS', 'Villanuova sul Clisi'),
('L998', 'SU', 'Villaputzu'),
('L999', 'TO', 'Villar Dora'),
('M002', 'TO', 'Villarbasse'),
('M003', 'VC', 'Villarboit'),
('M004', 'TO', 'Villareggia'),
('M007', 'TO', 'Villar Focchiardo'),
('M009', 'AL', 'Villaromagnano'),
('M011', 'EN', 'Villarosa'),
('M013', 'TO', 'Villar Pellice'),
('M014', 'TO', 'Villar Perosa'),
('M015', 'CN', 'Villar San Costanzo'),
('M016', 'SU', 'Villasalto'),
('M017', 'MB', 'Villasanta'),
('M018', 'RC', 'Villa San Giovanni'),
('M019', 'AT', 'Villa San Secondo'),
('M021', 'AQ', 'Villa Santa Lucia degli Abruzzi'),
('M022', 'CH', 'Villa Santa Maria'),
('M023', 'AQ', 'Villa Sant`Angelo'),
('M025', 'SU', 'Villasor'),
('M026', 'SU', 'Villaspeciosa'),
('M027', 'TO', 'Villastellone'),
('M028', 'VC', 'Villata'),
('M030', 'OR', 'Villaurbana'),
('M031', 'AQ', 'Villavallelonga'),
('M032', 'VI', 'Villaverla'),
('M041', 'AQ', 'Villetta Barrea'),
('M042', 'VB', 'Villette'),
('M043', 'GO', 'Villesse'),
('M044', 'MN', 'Villimpenta'),
('M045', 'BG', 'Villongo'),
('M048', 'TV', 'Villorba'),
('M050', 'BG', 'Vilminore di Scalve'),
('M052', 'MB', 'Vimercate'),
('M053', 'MI', 'Vimodrone'),
('M055', 'CN', 'Vinadio'),
('M057', 'CB', 'Vinchiaturo'),
('M058', 'AT', 'Vinchio'),
('M059', 'FI', 'Vinci'),
('M060', 'TO', 'Vinovo'),
('M062', 'NO', 'Vinzaglio'),
('M063', 'CN', 'Viola'),
('M065', 'BS', 'Vione'),
('M069', 'TO', 'Virle Piemonte'),
('M070', 'BS', 'Visano'),
('M071', 'TO', 'Vische'),
('M072', 'NA', 'Visciano'),
('M073', 'UD', 'Visco'),
('M077', 'AL', 'Visone'),
('M078', 'MC', 'Visso'),
('M079', 'PV', 'Vistarino'),
('M080', 'TO', 'Vistrorio'),
('M081', 'TP', 'Vita'),
('M082', 'VT', 'Viterbo'),
('M083', 'FR', 'Viticuso'),
('M085', 'PN', 'Vito d`Asio'),
('M086', 'VT', 'Vitorchiano'),
('M088', 'RG', 'Vittoria'),
('M089', 'TV', 'Vittorio Veneto'),
('M090', 'AQ', 'Vittorito'),
('M091', 'MI', 'Vittuone'),
('M092', 'CE', 'Vitulazio'),
('M093', 'BN', 'Vitulano'),
('M094', 'TO', 'Viù'),
('M095', 'RM', 'Vivaro Romano'),
('M096', 'PN', 'Vivaro'),
('M098', 'BI', 'Viverone'),
('M100', 'CT', 'Vizzini'),
('M101', 'VA', 'Vizzola Ticino'),
('M102', 'MI', 'Vizzolo Predabissi'),
('M103', 'PD', 'Vo`'),
('M104', 'BS', 'Vobarno'),
('M105', 'GE', 'Vobbia'),
('M106', 'VC', 'Vocca'),
('M108', 'BL', 'Vodo Cadore'),
('M109', 'PV', 'Voghera'),
('M110', 'FE', 'Voghiera'),
('M111', 'VB', 'Vogogna'),
('M113', 'TN', 'Volano'),
('M115', 'NA', 'Volla'),
('M116', 'CR', 'Volongo'),
('M118', 'TV', 'Volpago del Montello'),
('M119', 'PV', 'Volpara'),
('M120', 'AL', 'Volpedo'),
('M121', 'AL', 'Volpeglino'),
('M122', 'TO', 'Volpiano'),
('M123', 'AL', 'Voltaggio'),
('M124', 'BL', 'Voltago Agordino'),
('M125', 'MN', 'Volta Mantovana'),
('M126', 'PI', 'Volterra'),
('M127', 'CR', 'Voltido'),
('M130', 'AV', 'Volturara Irpina'),
('M131', 'FG', 'Volturara Appula'),
('M132', 'FG', 'Volturino'),
('M133', 'TO', 'Volvera'),
('M136', 'CN', 'Vottignasco'),
('M138', 'VV', 'Zaccanopoli'),
('M139', 'CT', 'Zafferana Etnea'),
('M140', 'CZ', 'Zagarise'),
('M141', 'RM', 'Zagarolo'),
('M143', 'VV', 'Zambrone'),
('M144', 'BG', 'Zandobbio'),
('M145', 'VI', 'Zanè'),
('M147', 'BG', 'Zanica'),
('M150', 'PV', 'Zavattarello'),
('M152', 'PV', 'Zeccone'),
('M153', 'OR', 'Zeddiani'),
('M156', 'CO', 'Zelbio'),
('M158', 'LO', 'Zelo Buon Persico'),
('M161', 'PV', 'Zeme'),
('M162', 'PV', 'Zenevredo'),
('M163', 'TV', 'Zenson di Piave'),
('M165', 'PC', 'Zerba'),
('M166', 'PV', 'Zerbo'),
('M167', 'PV', 'Zerbolò'),
('M168', 'OR', 'Zerfaliu'),
('M169', 'MS', 'Zeri'),
('M170', 'VI', 'Zermeghedo'),
('M171', 'TV', 'Zero Branco'),
('M172', 'VR', 'Zevio'),
('M173', 'TN', 'Ziano di Fiemme'),
('M176', 'MI', 'Zibido San Giacomo'),
('M177', 'SP', 'Zignago'),
('M178', 'VR', 'Zimella'),
('M179', 'BI', 'Zimone'),
('M180', 'PV', 'Zinasco'),
('M182', 'GE', 'Zoagli'),
('M183', 'MO', 'Zocca'),
('M184', 'BG', 'Zogno'),
('M185', 'BO', 'Zola Predosa'),
('M187', 'LE', 'Zollino'),
('M188', 'BS', 'Zone'),
('M189', 'BL', 'Zoppè di Cadore'),
('M190', 'PN', 'Zoppola'),
('M194', 'VI', 'Zovencedo'),
('M196', 'BI', 'Zubiena'),
('M197', 'SV', 'Zuccarello'),
('M199', 'VI', 'Zugliano'),
('M200', 'UD', 'Zuglio'),
('M201', 'BI', 'Zumaglia'),
('M202', 'CS', 'Zumpano'),
('M203', 'AV', 'Zungoli'),
('M204', 'VV', 'Zungri'),
('M207', 'RM', 'Lariano'),
('M208', 'CZ', 'Lamezia Terme'),
('M209', 'SU', 'Sant`Anna Arresi'),
('M210', 'ME', 'Terme Vigliatore'),
('M211', 'ME', 'Acquedolci'),
('M212', 'RM', 'Ladispoli'),
('M213', 'RM', 'Ardea'),
('M214', 'SS', 'Badesi'),
('M253', 'SA', 'Sicignano degli Alburni'),
('M255', 'AQ', 'Molina Aterno'),
('M256', 'MT', 'Scanzano Jonico'),
('M257', 'SR', 'Portopalo di Capo Passero'),
('M258', 'TR', 'Avigliano Umbro'),
('M259', 'SS', 'Viddalba'),
('M260', 'CE', 'Casapesenna'),
('M261', 'LE', 'Castro'),
('M262', 'CE', 'Cellole'),
('M263', 'LE', 'Porto Cesareo'),
('M264', 'LE', 'San Cassiano'),
('M265', 'PN', 'Vajont'),
('M266', 'FG', 'Ordona'),
('M267', 'FG', 'Zapponeta'),
('M268', 'PA', 'Blufi'),
('M269', 'PZ', 'Paterno'),
('M270', 'SU', 'Masainas'),
('M271', 'CT', 'Mazzarrone'),
('M272', 'RM', 'Ciampino'),
('M273', 'NA', 'Santa Maria la Carità'),
('M274', 'SS', 'Golfo Aranci'),
('M275', 'SS', 'Loiri Porto San Paolo'),
('M276', 'SS', 'Sant`Antonio di Gallura'),
('M277', 'RC', 'San Ferdinando'),
('M278', 'SU', 'Villaperuccio'),
('M279', 'SR', 'Priolo Gargallo'),
('M280', 'NA', 'Trecase'),
('M281', 'TP', 'Petrosino'),
('M282', 'SS', 'Tergu'),
('M283', 'CT', 'Maniace'),
('M284', 'SS', 'Santa Maria Coghinas'),
('M285', 'NU', 'Cardedu'),
('M286', 'ME', 'Torrenova'),
('M287', 'CT', 'Ragalna'),
('M288', 'SU', 'Castiadas'),
('M289', 'NA', 'Massa di Somma'),
('M290', 'SS', 'Stintino'),
('M291', 'SU', 'Piscinas'),
('M292', 'SS', 'Erula'),
('M294', 'SA', 'Bellizzi'),
('M295', 'RM', 'San Cesareo'),
('M297', 'RM', 'Fiumicino'),
('M298', 'TA', 'Statte'),
('M300', 'PD', 'Due Carrare'),
('M301', 'SS', 'Padru'),
('M302', 'AT', 'Montiglio Monferrato'),
('M303', 'TN', 'Ronzo-Chienis'),
('M308', 'VE', 'Cavallino-Treporti'),
('M309', 'RM', 'Fonte Nuova'),
('M311', 'UD', 'Campolongo Tapogliano'),
('M312', 'BS', 'Lonato del Garda'),
('M313', 'TN', 'Ledro'),
('M314', 'TN', 'Comano Terme'),
('M315', 'CO', 'Gravedona ed Uniti'),
('M316', 'TO', 'Mappano'),
('M317', 'UD', 'Rivignano Teor'),
('M318', 'AN', 'Trecastelli'),
('M319', 'LU', 'Fabbriche di Vergemoli'),
('M320', 'BO', 'Valsamoggia'),
('M321', 'FI', 'Figline e Incisa Valdarno'),
('M322', 'AR', 'Castelfranco Piandiscò'),
('M323', 'FE', 'Fiscaglia'),
('M324', 'RN', 'Poggio Torriana'),
('M325', 'PR', 'Sissa Trecasali'),
('M326', 'FI', 'Scarperia e San Piero'),
('M327', 'PI', 'Casciana Terme Lari'),
('M328', 'PI', 'Crespina Lorenzana'),
('M329', 'AR', 'Pratovecchio Stia'),
('M330', 'AV', 'Montoro'),
('M331', 'PU', 'Vallefoglia'),
('M333', 'BG', 'Sant`Omobono Terme'),
('M334', 'BG', 'Val Brembilla'),
('M335', 'CO', 'Bellagio'),
('M336', 'CO', 'Colverde'),
('M337', 'LC', 'Verderio'),
('M338', 'PV', 'Cornale e Bastida'),
('M339', 'VA', 'Maccagno con Pino e Veddasca'),
('M340', 'MN', 'Borgo Virgilio'),
('M341', 'CO', 'Tremezzina'),
('M342', 'BL', 'Longarone'),
('M343', 'TN', 'Valdaone'),
('M344', 'TN', 'Predaia'),
('M345', 'TN', 'San Lorenzo Dorsino'),
('M346', 'PN', 'Valvasone Arzene'),
('M347', 'LU', 'Sillano Giuncugnano'),
('M348', 'LC', 'La Valletta Brianza'),
('M349', 'TN', 'Altavalle'),
('M350', 'TN', 'Altopiano della Vigolana'),
('M351', 'TN', 'Amblar-Don'),
('M352', 'TN', 'Borgo Chiese'),
('M353', 'TN', 'Borgo Lares'),
('M354', 'TN', 'Castel Ivano'),
('M355', 'TN', 'Cembra Lisignago'),
('M356', 'TN', 'Contà'),
('M357', 'TN', 'Madruzzo'),
('M358', 'TN', 'Porte di Rendena'),
('M359', 'TN', 'Primiero San Martino di Castrozza'),
('M360', 'TN', 'Sella Giudicarie'),
('M361', 'TN', 'Tre Ville'),
('M362', 'TN', 'Vallelaghi'),
('M363', 'TN', 'Ville d`Anaunia'),
('M364', 'RE', 'Ventasso'),
('M365', 'TN', 'Pieve di Bono-Prezzo'),
('M366', 'TN', 'Dimaro Folgarida'),
('M367', 'PR', 'Polesine Zibello'),
('M368', 'RN', 'Montescudo-Monte Colombo'),
('M369', 'BO', 'Alto Reno Terme'),
('M370', 'VB', 'Borgomezzavalle'),
('M371', 'BI', 'Lessona'),
('M372', 'PV', 'Corteolona e Genzone'),
('M373', 'BI', 'Campiglia Cervo'),
('M374', 'BL', 'Val di Zoldo'),
('M375', 'BL', 'Alpago'),
('M376', 'PT', 'Abetone Cutigliano'),
('M377', 'PT', 'San Marcello Piteglio'),
('M378', 'SI', 'Montalcino'),
('M379', 'PU', 'Terre Roveresche'),
('M380', 'PU', 'Colli al Metauro'),
('M381', 'FE', 'Terre del Reno'),
('M382', 'MC', 'Valfornace'),
('M383', 'CO', 'Alta Valle Intelvi'),
('M384', 'VI', 'Val Liona'),
('M385', 'CS', 'Casali del Manco'),
('M386', 'PC', 'Alta Val Tidone'),
('M387', 'IM', 'Montalto Carpasio'),
('M388', 'AL', 'Cassano Spinola'),
('M389', 'VC', 'Alto Sermenza'),
('M390', 'TN', 'San Giovanni di Fassa-Sèn Jan'),
('M391', 'LI', 'Rio'),
('M392', 'AR', 'Laterina Pergine Valdarno'),
('M393', 'LO', 'Castelgerundo'),
('M394', 'CO', 'Centro Valle Intelvi'),
('M395', 'LC', 'Valvarrone'),
('M396', 'MN', 'Borgo Mantovano'),
('M397', 'AL', 'Alluvioni Piovera'),
('M398', 'VC', 'Cellio con Breia'),
('M399', 'UD', 'Treppo Ligosullo'),
('M400', 'UD', 'Fiumicello Villa Vicentina'),
('M401', 'VI', 'Barbarano Mossano'),
('M402', 'PD', 'Borgo Veneto'),
('M403', 'CS', 'Corigliano-Rossano'),
('M404', 'VB', 'Valle Cannobina'),
('M405', 'TO', 'Val di Chy'),
('M406', 'MN', 'Borgocarbonara'),
('M407', 'TN', 'Terre d`Adige'),
('M408', 'FI', 'Barberino Tavarnelle'),
('M409', 'FE', 'Tresignana'),
('M410', 'FE', 'Riva del Po'),
('M411', 'PR', 'Sorbolo Mezzani'),
('M412', 'CO', 'Solbiate con Cagno'),
('M413', 'PU', 'Sassocorvaro Auditore'),
('M414', 'BI', 'Quaregna Cerreto'),
('M415', 'TO', 'Valchiusa'),
('M416', 'NO', 'Gattico-Veruno'),
('M417', 'BI', 'Valdilana'),
('M418', 'CR', 'Piadena Drizzona'),
('M419', 'PV', 'Colli Verdi'),
('M420', 'AL', 'Lu e Cuccaro Monferrato'),
('M421', 'BL', 'Borgo Valbelluna'),
('M422', 'TV', 'Pieve del Grappa'),
('M423', 'VI', 'Valbrenta'),
('M424', 'MI', 'Vermezzo con Zelo'),
('M425', 'VA', 'Cadrezzate con Osmate'),
('M426', 'VI', 'Colceresa'),
('M427', 'VI', 'Lusiana Conco'),
('M428', 'LE', 'Presicce-Acquarica'),
('M429', 'TN', 'Borgo d`Anaunia'),
('M430', 'TN', 'Novella'),
('M431', 'TN', 'Ville di Fiemme'),
('M432', 'TP', 'Misiliscemi'),
('M433', 'VA', 'Bardello con Malgesso e Bregano'),
('M434', 'AT', 'Moransengo-Tonengo'),
('M435', 'CO', 'Uggiate con Ronago'),
('M436', 'VI', 'Sovizzo'),
('M437', 'BL', 'Setteville'),
('M438', 'PD', 'Santa Caterina d`Este');

INSERT INTO casello (codice, cod_naz, comune, nome, x, y, is_automatico, data_automazione) VALUES
(1, 'A21', 'D492', '1', '3936.4905', '3376.692', 0, NULL),
(2, 'A26', 'I163', '2', '2579.828', '-329.20062', 1, '1242-03-03'),
(3, 'A67', 'E237', '3', '2771.6528', '1920.7931', 0, NULL),
(4, 'A78', 'D415', '4', '1319.356', '1377.8192', 0, NULL),
(5, 'A23', 'G788', '5', '-1487.3027', '1453.1017', 0, NULL),
(6, 'A18', 'B759', '6', '-933.24603', '-272.15778', 1, '0499-11-04'),
(7, 'A72', 'E962', '7', '80.79052', '842.23926', 0, NULL),
(8, 'A14', 'D638', '8', '1242.159', '930.91547', 0, NULL),
(9, 'A90', 'B391', '9', '591.43427', '2167.456', 0, NULL),
(10, 'A9', 'E564', '10', '2734.1782', '270.3327', 1, '0917-10-09'),
(11, 'A82', 'A137', '11', '2583.1162', '732.345', 0, NULL),
(12, 'A57', 'B994', '12', '-869.64905', '3095.0427', 1, '2976-04-19'),
(13, 'A74', 'E747', '13', '7.582307', '-1729.2196', 1, '0071-09-26'),
(14, 'A64', 'F929', '14', '-741.89124', '-297.62567', 0, NULL),
(16, 'A13', 'A047', '16', '-4888.1025', '3962.39', 1, '0106-12-01'),
(17, 'A17', 'C990', '17', '3747.8357', '-3476.737', 1, '2122-08-23'),
(18, 'A76', 'H917', '18', '3998.53', '-2322.002', 1, '0205-04-12'),
(19, 'A41', 'H914', '19', '-640.68256', '4269.41', 1, '1227-01-31'),
(20, 'A45', 'A970', '20', '-1730.4366', '3904.1729', 0, NULL),
(21, 'A80', 'E527', '21', '-1541.1592', '2721.3608', 1, '1170-06-18'),
(22, 'A32', 'C774', '22', '-2000.5519', '1830.4902', 1, '2248-04-05'),
(23, 'A72', 'B860', '23', '-3586.4167', '809.2463', 1, '0492-03-28'),
(24, 'A40', 'D971', '24', '-1499.1874', '-2812.3152', 0, NULL),
(25, 'A24', 'D042', '25', '1092.0548', '-2092.6362', 0, NULL),
(26, 'A92', 'F500', '26', '-2716.2998', '3212.623', 1, '2185-10-28'),
(27, 'A39', 'D897', '27', '576.0562', '2000.2366', 1, '1737-09-04'),
(28, 'A1', 'C876', '28', '-3183.8782', '-2050.907', 0, NULL),
(29, 'A7', 'C361', '29', '1529.4784', '770.6863', 0, NULL),
(30, 'A78', 'B009', '30', '986.4199', '3647.896', 1, '2871-05-13'),
(31, 'A1', 'E576', '31', '2688.6416', '-4909.328', 0, NULL),
(32, 'A60', 'C345', '32', '4652.091', '-746.69836', 0, NULL),
(33, 'A45', 'H827', '33', '-3260.6167', '3198.8638', 1, '2643-09-16'),
(34, 'A87', 'B586', '34', '-1050.1182', '-1976.3512', 0, NULL),
(35, 'A73', 'B586', '35', '1950.165', '-3205.8335', 1, '2056-08-10'),
(36, 'A10', 'F523', '36', '845.07526', '377.30872', 0, NULL),
(37, 'A16', 'E947', '37', '4699.542', '-1310.0582', 1, '2608-02-16'),
(38, 'A46', 'D596', '38', '-616.72034', '-2524.261', 0, NULL),
(39, 'A62', 'H802', '39', '1317.51', '2481.8135', 0, NULL),
(40, 'A69', 'D193', '40', '-3794.489', '-1022.405', 0, NULL),
(41, 'A23', 'A485', '41', '4366.587', '-3437.2817', 1, '0527-01-09'),
(42, 'A90', 'A508', '42', '1454.6078', '-2769.9197', 0, NULL),
(43, 'A51', 'A414', '43', '3206.1975', '-2851.8193', 0, NULL),
(44, 'A30', 'E745', '44', '4450.2275', '-3817.0676', 0, NULL),
(45, 'A51', 'A084', '45', '3196.386', '3812.2695', 1, '2713-09-07'),
(46, 'A11', 'D029', '46', '-2435.7087', '889.67505', 0, NULL),
(47, 'A20', 'C174', '47', '1782.7493', '-4534.046', 0, NULL),
(48, 'A8', 'L669', '48', '-3258.617', '-1915.1145', 1, '2572-12-09'),
(49, 'A40', 'A422', '49', '-4876.533', '2651.6223', 0, NULL),
(50, 'A61', 'F785', '50', '2131.4717', '-2453.7766', 0, NULL),
(51, 'A56', 'B934', '51', '-3306.9092', '-320.38272', 1, '1700-09-16'),
(52, 'A15', 'B904', '52', '-518.415', '-4645.1353', 0, NULL),
(53, 'A53', 'A992', '53', '-4381.073', '2791.3164', 1, '2993-04-09'),
(54, 'A56', 'E184', '54', '2708.4607', '-2946.874', 1, '1632-04-20'),
(55, 'A27', 'F556', '55', '3449.5872', '-1618.7257', 1, '0811-07-31'),
(56, 'A28', 'L003', '56', '-3966.912', '843.6835', 1, '0890-08-30'),
(57, 'A81', 'L952', '57', '-2692.0313', '-2866.2866', 0, NULL),
(58, 'A75', 'F677', '58', '2591.4294', '-2063.771', 0, NULL),
(59, 'A94', 'G680', '59', '-2269.5547', '3466.3362', 0, NULL),
(60, 'A37', 'A734', '60', '4315.8335', '-2340.558', 1, '2106-05-16'),
(61, 'A49', 'A947', '61', '1435.5433', '499.72772', 1, '2353-09-06'),
(62, 'A33', 'G160', '62', '-3867.826', '-4179.3853', 0, NULL),
(63, 'A42', 'F186', '63', '-4851.0713', '1218.4292', 1, '0250-02-12'),
(64, 'A75', 'I893', '64', '245.59975', '-1386.8087', 1, '2955-10-05'),
(65, 'A72', 'I819', '65', '1756.1125', '884.28973', 1, '1926-03-05'),
(66, 'A48', 'D911', '66', '301.06424', '-175.66084', 1, '2982-09-08'),
(67, 'A53', 'G817', '67', '764.42896', '-2280.8577', 0, NULL),
(68, 'A68', 'H547', '68', '-1910.9791', '555.99866', 1, '2536-03-26'),
(69, 'A25', 'D299', '69', '4348.287', '-2318.0806', 1, '2939-01-13'),
(70, 'A42', 'A735', '70', '2355.5596', '-1349.8074', 1, '1923-12-09'),
(71, 'A3', 'C449', '71', '3537.515', '559.0969', 1, '0339-04-08'),
(72, 'A72', 'F329', '72', '614.2229', '1134.2675', 0, NULL),
(73, 'A45', 'E019', '73', '2571.101', '3290.3313', 0, NULL),
(74, 'A9', 'I645', '74', '2130.6257', '1378.3264', 1, '0812-03-24'),
(75, 'A17', 'B304', '75', '836.0213', '-464.29932', 1, '2487-03-25'),
(76, 'A40', 'B966', '76', '4439.924', '-4338.128', 1, '1874-04-03'),
(77, 'A48', 'C073', '77', '170.19153', '3450.265', 0, NULL),
(78, 'A22', 'C253', '78', '2111.7498', '-1127.5393', 1, '1798-07-31'),
(79, 'A56', 'H481', '79', '3290.292', '-4671.136', 1, '2050-02-06'),
(80, 'A26', 'B202', '80', '3542.5227', '-235.61478', 1, '2314-04-19'),
(81, 'A11', 'C919', '81', '-4989.78', '2231.4531', 1, '2316-12-02'),
(82, 'A12', 'L758', '82', '-1555.3278', '-1277.02', 1, '0322-12-11'),
(83, 'A37', 'D245', '83', '3532.3096', '-4509.895', 0, NULL),
(84, 'A40', 'C853', '84', '-3222.5942', '1959.3125', 1, '0211-12-01'),
(85, 'A17', 'H186', '85', '1609.0757', '877.41437', 1, '2305-09-21'),
(86, 'A53', 'A604', '86', '-1164.7468', '3858.9954', 1, '2707-08-12'),
(87, 'A62', 'G959', '87', '455.4975', '821.44977', 1, '1545-05-01'),
(88, 'A62', 'L958', '88', '4413.308', '2185.341', 1, '0831-03-16'),
(89, 'A57', 'E062', '89', '-3355.9233', '-3569.2483', 0, NULL),
(90, 'A76', 'I644', '90', '3498.1162', '-501.8437', 0, NULL),
(91, 'A27', 'L961', '91', '-4711.1045', '-2857.681', 0, NULL),
(92, 'A48', 'F809', '92', '4006.4163', '1808.7703', 0, NULL),
(93, 'A8', 'H982', '93', '-2919.2751', '2995.5442', 1, '2921-08-31'),
(94, 'A3', 'A995', '94', '4097.644', '-1796.0912', 1, '0326-07-14'),
(95, 'A33', 'H610', '95', '-2673.2678', '-2408.8286', 0, NULL),
(96, 'A31', 'D594', '96', '-1284.1761', '-4289.8794', 1, '2720-09-05'),
(97, 'A79', 'E373', '97', '-2322.9175', '-4845.497', 0, NULL),
(98, 'A1', 'E345', '98', '3370.4854', '-2184.0967', 1, '1040-01-12'),
(99, 'A42', 'I720', '99', '-989.67255', '-766.21234', 0, NULL),
(100, 'A94', 'E350', '100', '-2480.8782', '-3280.7148', 1, '0315-05-16'),
(101, 'A41', 'G612', '101', '4443.1084', '3317.5813', 0, NULL),
(102, 'A18', 'C855', '102', '-1771.1848', '-2362.1528', 0, NULL),
(103, 'A9', 'A880', '103', '3206.495', '2958.3555', 1, '2903-06-23'),
(104, 'A30', 'A275', '104', '-2812.112', '2331.6956', 1, '1176-09-24'),
(105, 'A95', 'H840', '105', '-3328.7458', '2618.7217', 1, '0561-10-12'),
(106, 'A57', 'G115', '106', '-2601.8518', '4214.989', 1, '0064-06-24'),
(107, 'A64', 'C336', '107', '2223.7932', '1731.2509', 0, NULL),
(108, 'A73', 'F377', '108', '-263.84772', '-2189.1367', 1, '0926-06-16'),
(109, 'A24', 'D856', '109', '267.2899', '-3341.483', 1, '2025-08-12'),
(110, 'A78', 'B036', '110', '-10.206103', '901.1668', 0, NULL),
(111, 'A100', 'G779', '111', '1519.2068', '3019.0134', 0, NULL),
(112, 'A34', 'A971', '112', '-1897.7946', '-4985.4404', 1, '0859-02-10'),
(113, 'A54', 'H470', '113', '-3777.3252', '3702.3801', 1, '0724-11-14'),
(114, 'A73', 'A497', '114', '515.7363', '1077.1382', 1, '0110-10-23'),
(115, 'A15', 'E893', '115', '-4532.0996', '3617.8398', 1, '0664-03-04'),
(116, 'A57', 'C549', '116', '-967.13007', '2085.1553', 1, '0236-01-19'),
(117, 'A61', 'G142', '117', '-3326.9167', '3471.4717', 1, '2336-01-21'),
(118, 'A35', 'I843', '118', '1217.8612', '-1517.7268', 0, NULL),
(119, 'A28', 'F469', '119', '1674.2897', '114.96544', 0, NULL),
(120, 'A88', 'F015', '120', '-3229.8486', '130.91504', 1, '2885-01-08'),
(121, 'A53', 'B200', '121', '2440.452', '-2492.8718', 1, '1819-09-19'),
(122, 'A45', 'L710', '122', '287.17398', '144.67061', 0, NULL),
(123, 'A36', 'H055', '123', '-468.99258', '-4893.701', 0, NULL),
(124, 'A93', 'F901', '124', '-508.02945', '-919.283', 0, NULL),
(125, 'A69', 'L956', '125', '4349.649', '533.22675', 1, '1215-01-30'),
(126, 'A12', 'E773', '126', '-3409.2378', '-4116.584', 0, NULL),
(127, 'A20', 'E850', '127', '-2080.8171', '-1494.0966', 0, NULL),
(128, 'A67', 'B124', '128', '-3343.8247', '4695.354', 1, '0780-03-10'),
(129, 'A54', 'F637', '129', '3915.0166', '-332.89017', 1, '0343-02-05'),
(130, 'A71', 'F845', '130', '275.14578', '4725.358', 0, NULL),
(131, 'A88', 'H519', '131', '-2942.691', '2335.2974', 1, '0781-09-01'),
(132, 'A42', 'E372', '132', '156.76439', '-2704.5005', 0, NULL),
(133, 'A81', 'E743', '133', '-3832.2234', '3100.0269', 0, NULL),
(134, 'A64', 'E200', '134', '846.8574', '-4385.0713', 0, NULL),
(135, 'A96', 'D818', '135', '-4691.1035', '-681.5845', 0, NULL),
(136, 'A43', 'G025', '136', '3563.8284', '-1480.6068', 0, NULL),
(137, 'A2', 'H038', '137', '3687.9492', '-3843.7097', 0, NULL),
(139, 'A52', 'F247', '139', '2211.972', '-2143.5142', 1, '2916-07-18'),
(140, 'A50', 'B787', '140', '4893.4014', '3768.5764', 1, '0114-10-18'),
(141, 'A46', 'G249', '141', '3172.1067', '-2431.6252', 0, NULL),
(142, 'A55', 'C504', '142', '2188.4727', '-2354.179', 1, '1284-02-27'),
(143, 'A53', 'H875', '143', '-850.92065', '3029.219', 0, NULL),
(144, 'A98', 'H282', '144', '2151.4404', '1203.3868', 1, '1262-01-21'),
(145, 'A82', 'L887', '145', '-75.41478', '-4668.7813', 1, '2974-01-17'),
(146, 'A89', 'C820', '146', '-181.55455', '-3146.0225', 0, NULL),
(147, 'A95', 'I374', '147', '-3493.7263', '3882.3062', 0, NULL),
(148, 'A45', 'D108', '148', '-3953.4175', '1555.5996', 0, NULL),
(149, 'A4', 'B424', '149', '3053.6956', '-2307.8315', 0, NULL),
(150, 'A2', 'I901', '150', '978.90497', '3816.47', 0, NULL),
(151, 'A18', 'F872', '151', '-2002.6625', '4982.9917', 0, NULL),
(152, 'A39', 'D746', '152', '1612.0582', '-230.00955', 1, '2697-01-02'),
(153, 'A95', 'C782', '153', '971.72974', '2972.4622', 0, NULL),
(154, 'A46', 'G496', '154', '3768.8882', '-3554.058', 1, '0880-08-22'),
(156, 'A49', 'E560', '156', '-4444.4673', '-2584.449', 1, '2403-09-23'),
(157, 'A50', 'B862', '157', '-4858.2617', '-2948.7188', 0, NULL),
(158, 'A54', 'B184', '158', '-2138.1611', '4992.317', 1, '0709-11-17'),
(159, 'A60', 'D331', '159', '-342.66888', '3448.9329', 0, NULL),
(160, 'A31', 'D089', '160', '-2051.9106', '-1204.3595', 1, '1371-11-21'),
(161, 'A58', 'C153', '161', '-673.337', '-4512.448', 0, NULL),
(162, 'A7', 'H426', '162', '-1118.2582', '1024.9758', 1, '0372-10-22'),
(163, 'A60', 'H472', '163', '4989.243', '-3707.4167', 1, '1855-12-29'),
(164, 'A25', 'E326', '164', '-2906.5835', '-1647.8539', 0, NULL),
(165, 'A61', 'G597', '165', '339.61237', '-2849.7869', 0, NULL),
(166, 'A29', 'C073', '166', '2505.1975', '4887.3574', 0, NULL),
(167, 'A51', 'G333', '167', '-2218.2727', '2.092719', 1, '1561-03-09'),
(168, 'A73', 'A776', '168', '3083.422', '2808.9678', 0, NULL),
(169, 'A19', 'F830', '169', '-553.4148', '-2920.8118', 0, NULL),
(170, 'A44', 'B718', '170', '-3775.0376', '3996.2893', 0, NULL),
(171, 'A17', 'L532', '171', '3584.8057', '-2720.1426', 1, '1011-01-22'),
(172, 'A37', 'E655', '172', '3342.2537', '389.75', 1, '2503-06-05'),
(173, 'A32', 'D195', '173', '-2580.0198', '-2277.3362', 1, '1106-06-18'),
(174, 'A96', 'L580', '174', '-4405.0747', '-854.829', 1, '1007-04-17'),
(175, 'A71', 'E158', '175', '1853.7122', '2078.424', 1, '0923-06-02'),
(176, 'A37', 'G571', '176', '4608.182', '4555.88', 1, '0879-01-30'),
(177, 'A68', 'L563', '177', '2749.0342', '-2746.4312', 1, '0326-03-17'),
(178, 'A81', 'I647', '178', '1027.8386', '2023.0055', 1, '0786-12-12'),
(179, 'A46', 'I144', '179', '335.6302', '-4500.4487', 0, NULL),
(180, 'A28', 'I700', '180', '-3176.2637', '4575.7925', 1, '0901-05-20'),
(181, 'A97', 'B827', '181', '-4634.3945', '-4044.2102', 1, '1902-11-20'),
(182, 'A80', 'D705', '182', '1425.1107', '3759.9146', 0, NULL),
(183, 'A19', 'I356', '183', '-904.97437', '3831.6638', 1, '2963-01-27'),
(184, 'A52', 'E870', '184', '-480.17145', '-1996.6996', 0, NULL),
(185, 'A48', 'G213', '185', '4211.0664', '-1730.1482', 0, NULL),
(186, 'A13', 'H701', '186', '-3643.5764', '4250.0317', 0, NULL),
(187, 'A31', 'B309', '187', '-2400.6487', '321.2583', 1, '1581-10-01'),
(188, 'A67', 'H384', '188', '-4536.028', '3362.5645', 0, NULL),
(189, 'A76', 'D824', '189', '2118.5518', '-1728.7135', 1, '1694-10-25'),
(190, 'A41', 'L946', '190', '4537.521', '2705.6248', 1, '2974-05-08'),
(191, 'A72', 'B413', '191', '-1378.1482', '-3202.678', 1, '0673-10-31'),
(192, 'A15', 'F247', '192', '4419.7905', '3617.2576', 1, '1830-10-25'),
(193, 'A86', 'I115', '193', '-4581.8354', '-777.3191', 1, '0250-02-22'),
(194, 'A68', 'L123', '194', '-127.905014', '401.46948', 1, '1794-09-21'),
(195, 'A69', 'G843', '195', '4748.914', '-693.137', 1, '1764-10-24'),
(196, 'A24', 'M372', '196', '-1830.1243', '4272.8335', 1, '1968-01-30'),
(197, 'A25', 'E249', '197', '-1497.6173', '1831.364', 0, NULL),
(198, 'A3', 'B462', '198', '2430.9277', '-672.7052', 0, NULL),
(199, 'A86', 'A388', '199', '1004.8348', '-3877.2446', 1, '2915-10-04'),
(200, 'A32', 'E022', '200', '-3362.885', '-1082.9246', 1, '2507-11-07'),
(201, 'A46', 'D159', '201', '2515.8613', '-4312.463', 1, '1335-07-31'),
(202, 'A23', 'D099', '202', '21.018387', '965.12976', 1, '1240-12-10'),
(203, 'A9', 'L357', '203', '3526.228', '-1662.2758', 1, '1645-04-19'),
(204, 'A15', 'E972', '204', '-4306.408', '-4310.635', 1, '0234-07-19'),
(205, 'A92', 'M078', '205', '2082.3574', '-4927.7173', 1, '1471-07-13'),
(206, 'A48', 'H710', '206', '2152.0781', '-224.81381', 1, '0489-12-27'),
(207, 'A12', 'A956', '207', '-1519.1466', '1777.1876', 0, NULL),
(208, 'A22', 'E439', '208', '4925.54', '-3803.7312', 1, '1440-03-03'),
(209, 'A87', 'B607', '209', '-718.0631', '-4402.7437', 0, NULL),
(210, 'A48', 'E987', '210', '843.77527', '225.94214', 0, NULL),
(211, 'A77', 'D796', '211', '-2314.713', '-3090.2993', 0, NULL),
(212, 'A100', 'A832', '212', '-2354.0818', '1957.848', 0, NULL),
(213, 'A29', 'E546', '213', '-1337.1504', '280.50006', 0, NULL),
(214, 'A53', 'A358', '214', '4966.4033', '-2240.4104', 0, NULL),
(215, 'A92', 'I093', '215', '3933.5955', '2656.6677', 0, NULL),
(216, 'A4', 'G753', '216', '4313.206', '3013.7383', 1, '0460-07-12'),
(217, 'A51', 'F900', '217', '-372.9248', '3472.2764', 1, '2981-04-12'),
(218, 'A79', 'C559', '218', '-4667.142', '1771.152', 0, NULL),
(219, 'A31', 'D744', '219', '649.0177', '-2174.0437', 1, '1732-06-15'),
(220, 'A11', 'L396', '220', '44.435265', '-2472.6404', 0, NULL),
(221, 'A15', 'I786', '221', '-4175.142', '2387.5374', 0, NULL),
(222, 'A15', 'M433', '222', '2436.595', '4139.2026', 1, '1196-10-23'),
(223, 'A9', 'F517', '223', '-4720.551', '4489.6523', 0, NULL),
(224, 'A66', 'H511', '224', '-4306.309', '-3007.1182', 0, NULL),
(225, 'A18', 'C242', '225', '-1184.994', '-4480.586', 1, '1550-08-30'),
(226, 'A94', 'D271', '226', '455.61432', '2573.123', 0, NULL),
(227, 'A22', 'I336', '227', '-1984.0652', '-666.368', 1, '2520-02-26'),
(228, 'A19', 'F725', '228', '361.01938', '-777.59863', 0, NULL),
(229, 'A12', 'E291', '229', '3097.062', '-820.2034', 1, '1386-05-24'),
(230, 'A15', 'I353', '230', '1629.2417', '-4756.648', 1, '1079-04-19'),
(231, 'A11', 'C739', '231', '-3390.4827', '-3003.3506', 0, NULL),
(232, 'A91', 'B722', '232', '2379.4585', '-2029.6371', 1, '2546-10-27'),
(233, 'A12', 'G480', '233', '4581.714', '543.8006', 1, '2399-06-23'),
(234, 'A91', 'G395', '234', '727.56647', '-4560.901', 0, NULL),
(235, 'A51', 'F750', '235', '4196.7505', '-4311.863', 1, '0589-01-20'),
(236, 'A1', 'A257', '236', '-1179.9448', '1612.6007', 0, NULL),
(237, 'A11', 'L922', '237', '-1448.6355', '-2001.403', 1, '1335-11-02'),
(238, 'A49', 'M208', '238', '-4918.2104', '-3974.7285', 0, NULL),
(239, 'A30', 'C377', '239', '2564.1555', '4309.193', 0, NULL),
(240, 'A36', 'I894', '240', '3429.2383', '4183.2217', 1, '0922-07-25'),
(241, 'A41', 'L629', '241', '2528.2764', '-3174.395', 1, '0632-10-09'),
(242, 'A80', 'I154', '242', '-3362.8828', '-1573.8523', 1, '1676-06-23'),
(243, 'A41', 'I128', '243', '-4703.736', '636.1419', 1, '1082-09-10'),
(244, 'A42', 'A802', '244', '3690.998', '2396.4387', 1, '1641-02-02'),
(245, 'A41', 'L116', '245', '-949.0478', '1688.9662', 1, '0189-05-29'),
(246, 'A1', 'I815', '246', '3328.0896', '-1762.9939', 0, NULL),
(247, 'A41', 'C633', '247', '-3613.2432', '3541.3093', 1, '1310-12-25'),
(248, 'A2', 'H414', '248', '1024.4083', '-1044.7222', 1, '2530-10-31'),
(249, 'A36', 'C024', '249', '3401.192', '2190.1309', 1, '0517-07-27'),
(250, 'A37', 'L175', '250', '3301.7969', '-399.3082', 0, NULL),
(251, 'A84', 'A490', '251', '-3283.36', '1276.8525', 0, NULL),
(252, 'A47', 'A511', '252', '4866.4463', '-496.81604', 0, NULL),
(253, 'A98', 'D982', '253', '-2796.2363', '-2250.7935', 0, NULL),
(254, 'A57', 'G777', '254', '-408.4754', '-2534.9521', 1, '1107-01-23'),
(255, 'A100', 'A302', '255', '-4889.867', '-2460.0054', 1, '2211-11-04'),
(256, 'A58', 'A191', '256', '-2394.0337', '184.40485', 1, '1817-03-29'),
(257, 'A77', 'E054', '257', '4278.365', '-2512.877', 0, NULL),
(258, 'A34', 'B774', '258', '-1829.5568', '3533.0046', 0, NULL),
(259, 'A45', 'H569', '259', '-4135.624', '2808.1287', 1, '2770-02-14'),
(260, 'A71', 'M003', '260', '3582.4883', '-2693.0435', 1, '0287-10-16'),
(261, 'A82', 'B608', '261', '2119.2073', '-2852.0132', 1, '0275-06-30'),
(262, 'A8', 'G492', '262', '-745.0223', '-776.51324', 1, '0134-01-23'),
(263, 'A81', 'G042', '263', '1856.5786', '-3698.619', 1, '1073-02-15'),
(264, 'A2', 'M253', '264', '-3714.6335', '2198.335', 1, '1766-11-15'),
(265, 'A56', 'F839', '265', '3221.0237', '311.57196', 1, '1027-06-14'),
(266, 'A33', 'L980', '266', '-467.8446', '-3609.1304', 0, NULL),
(267, 'A4', 'F417', '267', '-1054.4663', '2819.6138', 1, '2080-09-06'),
(268, 'A51', 'M315', '268', '1789.5156', '2525.3225', 0, NULL),
(269, 'A85', 'B284', '269', '-3612.7788', '-502.07675', 0, NULL),
(270, 'A55', 'H002', '270', '-1806.469', '-3407.228', 0, NULL),
(271, 'A98', 'A765', '271', '2660.379', '698.89484', 0, NULL),
(272, 'A42', 'L203', '272', '-2630.812', '-3776.5425', 0, NULL),
(273, 'A15', 'G008', '273', '-4209.501', '2381.2122', 1, '2358-03-08'),
(274, 'A20', 'H973', '274', '4580.186', '948.10846', 1, '2134-12-30'),
(275, 'A61', 'D475', '275', '-468.48596', '-1505.9083', 0, NULL),
(276, 'A36', 'E787', '276', '-2102.1938', '-2872.1172', 1, '0674-01-15'),
(277, 'A13', 'G521', '277', '-440.38773', '1961.4435', 1, '2103-01-10'),
(278, 'A66', 'H628', '278', '2027.6516', '-2200.7507', 0, NULL),
(279, 'A36', 'I193', '279', '1856.0284', '-758.4316', 1, '1718-05-10'),
(280, 'A42', 'H834', '280', '-3748.8396', '-1422.916', 0, NULL),
(281, 'A85', 'C292', '281', '1463.1659', '1242.3718', 1, '0406-04-09'),
(282, 'A9', 'A065', '282', '4249.575', '635.5298', 1, '0864-10-20'),
(283, 'A64', 'G900', '283', '-3977.6838', '-3567.1287', 0, NULL),
(284, 'A91', 'A122', '284', '2171.0337', '-699.4265', 0, NULL),
(285, 'A5', 'F619', '285', '2781.6272', '3162.1636', 1, '2167-07-02'),
(286, 'A84', 'G147', '286', '3738.1667', '-3344.8887', 0, NULL),
(287, 'A31', 'I985', '287', '-3779.8477', '-3142.5815', 1, '0274-11-24'),
(288, 'A38', 'L408', '288', '1925.0715', '270.3488', 0, NULL),
(289, 'A61', 'C122', '289', '-1506.5437', '1620.3022', 0, NULL),
(290, 'A8', 'E818', '290', '1619.4225', '-3862.1843', 1, '0549-04-11'),
(291, 'A66', 'H485', '291', '3267.9153', '-3597.7883', 1, '1792-01-28'),
(292, 'A17', 'G108', '292', '2090.2466', '177.50143', 0, NULL),
(293, 'A96', 'G999', '293', '-1288.2764', '-987.65967', 1, '1688-07-29'),
(294, 'A76', 'H085', '294', '-4212.6455', '1531.1355', 1, '2208-01-04'),
(295, 'A56', 'M100', '295', '-2730.214', '-1850.2289', 0, NULL),
(296, 'A53', 'M259', '296', '-4904.2964', '-192.27684', 0, NULL),
(297, 'A7', 'L952', '297', '1681.9525', '-4429.809', 1, '0163-05-26'),
(298, 'A25', 'I794', '298', '3052.5386', '849.2577', 1, '2127-05-22'),
(299, 'A68', 'H777', '299', '3924.963', '1064.1903', 1, '0120-07-17'),
(300, 'A93', 'E925', '300', '-3727.6316', '-4342.101', 0, NULL),
(301, 'A4', 'G046', '301', '-3878.9946', '-182.57797', 0, NULL),
(302, 'A78', 'E029', '302', '3138.33', '-1766.8503', 1, '0106-08-05'),
(303, 'A13', 'A072', '303', '-3991.6528', '3198.3794', 1, '0671-08-01'),
(304, 'A54', 'B555', '304', '1387.8047', '1027.2866', 0, NULL),
(305, 'A73', 'D958', '305', '1466.6581', '-3174.7847', 1, '2402-07-14'),
(306, 'A21', 'A218', '306', '3291.7583', '-4591.531', 1, '0162-01-30'),
(307, 'A98', 'E801', '307', '-1625.9832', '3990.6162', 0, NULL),
(308, 'A36', 'C876', '308', '1753.6378', '-311.7031', 1, '1328-04-20'),
(309, 'A4', 'B121', '309', '-440.05692', '-1987.7404', 0, NULL),
(310, 'A70', 'B719', '310', '-3534.4822', '3335.6143', 1, '1872-09-11'),
(311, 'A55', 'B179', '311', '3001.3926', '2537.2832', 1, '0203-09-28'),
(312, 'A93', 'F422', '312', '3615.4724', '-4458.3535', 0, NULL),
(313, 'A67', 'H798', '313', '-2197.3992', '-2863.0913', 0, NULL),
(314, 'A69', 'G758', '314', '-3559.1287', '2449.0564', 1, '1303-02-18'),
(315, 'A33', 'A977', '315', '2423.4385', '-746.40155', 0, NULL),
(316, 'A49', 'H042', '316', '-182.31332', '1276.9061', 0, NULL),
(317, 'A32', 'L303', '317', '2027.7684', '1748.0361', 1, '0042-05-04'),
(318, 'A18', 'H938', '318', '2197.6824', '318.88425', 1, '2362-10-24'),
(319, 'A48', 'D865', '319', '-2437.3984', '-2817.514', 1, '1808-06-22'),
(320, 'A25', 'G323', '320', '513.2645', '-1836.1091', 0, NULL),
(321, 'A29', 'B297', '321', '-710.09454', '4476.5713', 0, NULL),
(323, 'A38', 'F469', '323', '-1438.0162', '2227.5251', 0, NULL),
(325, 'A51', 'M261', '325', '-3038.3135', '-125.883224', 0, NULL),
(326, 'A18', 'G250', '326', '-3092.159', '4058.9', 1, '2497-07-05'),
(327, 'A54', 'D132', '327', '-1993.4338', '-3036.3816', 0, NULL),
(328, 'A9', 'L235', '328', '4337.7544', '3883.2605', 1, '1121-08-22'),
(329, 'A73', 'A892', '329', '-635.09344', '1095.1667', 1, '0312-10-28'),
(330, 'A77', 'A762', '330', '4696.1953', '-2337.3794', 0, NULL),
(331, 'A53', 'C346', '331', '2138.7', '2491.0664', 0, NULL),
(332, 'A81', 'F374', '332', '4096.6006', '4075.2656', 0, NULL),
(333, 'A41', 'M139', '333', '-4422.809', '-2048.483', 1, '2266-10-16'),
(334, 'A54', 'D154', '334', '-4350.402', '-3101.7441', 0, NULL),
(335, 'A83', 'B402', '335', '4524.0796', '1856.7639', 1, '0066-12-21'),
(336, 'A61', 'G045', '336', '192.03902', '1548.8351', 1, '2276-01-28'),
(337, 'A98', 'A591', '337', '-1500.9266', '-556.4809', 0, NULL),
(338, 'A43', 'G011', '338', '-3460.7136', '1476.1526', 1, '0460-10-31'),
(339, 'A87', 'G995', '339', '3232.5422', '-2786.4993', 0, NULL),
(340, 'A66', 'B813', '340', '-379.3323', '387.70438', 0, NULL),
(341, 'A37', 'A040', '341', '3938.7346', '-1553.5074', 0, NULL),
(342, 'A92', 'D974', '342', '-442.63065', '3601.393', 0, NULL),
(343, 'A98', 'A025', '343', '1417.6017', '-3045.5022', 1, '0493-07-09'),
(344, 'A89', 'L733', '344', '4847.406', '-4887.4688', 1, '0397-08-04'),
(345, 'A58', 'B921', '345', '-353.11102', '-3122.8154', 0, NULL),
(346, 'A24', 'G042', '346', '4256.4136', '4610.653', 0, NULL),
(347, 'A46', 'L093', '347', '-76.808334', '-465.61362', 1, '0057-04-20'),
(348, 'A48', 'F274', '348', '-4185.483', '-2970.7097', 1, '2459-10-23'),
(349, 'A46', 'H677', '349', '-1460.324', '1883.9008', 1, '1236-03-11'),
(350, 'A69', 'H364', '350', '19.170643', '-4295.2', 0, NULL),
(351, 'A44', 'H542', '351', '-841.4054', '3028.5579', 1, '0207-05-12'),
(352, 'A50', 'C598', '352', '4847.5435', '-1125.7827', 0, NULL),
(353, 'A55', 'A501', '353', '109.41923', '-1846.3666', 0, NULL),
(354, 'A89', 'B429', '354', '-544.68036', '-2621.249', 1, '0433-05-28'),
(355, 'A65', 'E664', '355', '1478.3364', '-3347.5005', 0, NULL),
(356, 'A39', 'F310', '356', '4064.4294', '-3597.4097', 1, '1723-07-09'),
(358, 'A6', 'A137', '358', '2345.3384', '-4083.5642', 0, NULL),
(359, 'A98', 'G019', '359', '-2457.7642', '-3167.8635', 1, '0267-09-15'),
(360, 'A91', 'E182', '360', '330.37247', '-3798.2195', 1, '1795-09-29'),
(361, 'A32', 'L085', '361', '-656.27216', '-2067.6978', 1, '0272-09-26'),
(362, 'A22', 'F492', '362', '2985.6074', '-4200.4556', 0, NULL),
(363, 'A10', 'B740', '363', '-790.68896', '2021.957', 0, NULL),
(364, 'A68', 'I633', '364', '4593.9463', '529.8537', 1, '0017-01-23'),
(365, 'A81', 'M343', '365', '382.73514', '-3103.5269', 1, '2954-09-27'),
(366, 'A2', 'B736', '366', '-461.68268', '4811.1035', 1, '1746-11-15'),
(368, 'A90', 'D476', '368', '2196.0383', '-1332.0195', 1, '0840-04-27'),
(369, 'A12', 'G510', '369', '5.648136', '-508.8681', 1, '1500-02-13'),
(370, 'A15', 'F914', '370', '-645.3341', '4288.6255', 1, '2818-04-28'),
(371, 'A91', 'L049', '371', '-2949.519', '-2655.6885', 0, NULL),
(372, 'A50', 'C995', '372', '2974.276', '629.2057', 1, '1860-08-11'),
(373, 'A68', 'M199', '373', '110.08382', '719.72015', 1, '0306-09-30'),
(374, 'A64', 'L389', '374', '4438.204', '4046.7275', 0, NULL),
(375, 'A15', 'E400', '375', '-812.57465', '-3339.2168', 0, NULL),
(376, 'A80', 'D473', '376', '-2051.2634', '-779.32715', 1, '1278-11-06'),
(377, 'A75', 'A592', '377', '-193.69066', '-3950.4497', 0, NULL),
(378, 'A74', 'L136', '378', '-3546.006', '4348.242', 1, '2315-12-18'),
(379, 'A25', 'H489', '379', '4982.619', '1628.3154', 0, NULL),
(380, 'A88', 'B962', '380', '-498.57794', '-4174.3057', 1, '0472-06-11'),
(381, 'A15', 'L890', '381', '-2260.5251', '-3074.9197', 1, '0440-07-10'),
(382, 'A93', 'C285', '382', '4056.3535', '4067.5479', 1, '2187-10-05'),
(383, 'A82', 'C268', '383', '-1655.2156', '-321.71368', 1, '0914-08-24'),
(384, 'A37', 'L140', '384', '2266.8303', '-2205.5227', 1, '0508-10-14'),
(385, 'A81', 'L042', '385', '2814.0862', '2707.3013', 1, '1482-04-10'),
(386, 'A41', 'L890', '386', '-1615.0868', '-3559.4946', 0, NULL),
(387, 'A81', 'C696', '387', '-1411.739', '3163.7239', 1, '0341-04-04'),
(388, 'A58', 'E599', '388', '-3629.3237', '-3815.7393', 0, NULL),
(389, 'A71', 'H969', '389', '-982.7083', '-6.6792965', 0, NULL),
(390, 'A47', 'F477', '390', '-955.49286', '822.33014', 0, NULL),
(391, 'A79', 'L986', '391', '-867.8436', '-3060.1477', 0, NULL),
(392, 'A61', 'I736', '392', '4806.048', '1595.2253', 0, NULL),
(393, 'A23', 'H831', '393', '-4166.311', '3248.1182', 0, NULL),
(394, 'A40', 'C510', '394', '1263.4087', '630.53253', 0, NULL),
(395, 'A90', 'F086', '395', '906.468', '4535.258', 0, NULL),
(396, 'A41', 'E958', '396', '-3102.489', '-3669.037', 1, '2907-08-21'),
(397, 'A95', 'F130', '397', '-4872.134', '385.8495', 1, '1102-12-11'),
(398, 'A57', 'F947', '398', '2702.3762', '2497.31', 0, NULL),
(399, 'A98', 'E617', '399', '-1146.1573', '1599.608', 1, '1499-12-09'),
(400, 'A15', 'E120', '400', '-3987.1382', '-3619.1904', 1, '1492-02-28'),
(401, 'A23', 'F013', '401', '-2062.3696', '2209.4124', 1, '1362-03-22'),
(402, 'A40', 'L295', '402', '4706.58', '685.9654', 0, NULL),
(403, 'A15', 'A295', '403', '-2250.548', '-3534.8494', 0, NULL),
(404, 'A64', 'C050', '404', '1157.0287', '-2017.948', 1, '1709-02-04'),
(405, 'A22', 'C073', '405', '4578.773', '-1474.9402', 1, '0888-06-27'),
(406, 'A55', 'D458', '406', '-2800.1602', '3473.0173', 1, '2357-08-24'),
(407, 'A72', 'D180', '407', '-2792.5288', '-4917.3213', 1, '1983-08-31'),
(408, 'A64', 'A509', '408', '868.5261', '2991.5034', 0, NULL),
(409, 'A62', 'C635', '409', '-2953.2385', '-47.578217', 1, '2478-05-02'),
(410, 'A3', 'A464', '410', '1251.216', '3687.9778', 0, NULL),
(411, 'A75', 'F136', '411', '-2639.622', '-713.8842', 1, '0804-12-08'),
(412, 'A86', 'D649', '412', '-3299.575', '-3720.0767', 1, '2368-10-26'),
(413, 'A79', 'L346', '413', '2862.14', '83.87387', 1, '0610-02-15'),
(414, 'A23', 'C063', '414', '693.9298', '1862.9515', 0, NULL),
(415, 'A26', 'G143', '415', '2580.7214', '338.63544', 0, NULL),
(416, 'A60', 'L703', '416', '-2583.191', '-3576.4373', 0, NULL),
(417, 'A29', 'E593', '417', '3992.557', '1334.8752', 0, NULL),
(418, 'A68', 'L216', '418', '3933.6067', '3485.5544', 1, '0750-11-08'),
(419, 'A27', 'L828', '419', '-394.43375', '413.7844', 0, NULL),
(420, 'A57', 'G894', '420', '3983.959', '4639.4688', 1, '1221-03-30'),
(421, 'A66', 'I692', '421', '-4764.2715', '-365.68283', 1, '2130-05-31'),
(422, 'A99', 'D057', '422', '-3694.1504', '2102.7405', 0, NULL),
(423, 'A8', 'C085', '423', '2531.994', '-3362.2205', 0, NULL),
(424, 'A38', 'D949', '424', '-1930.5242', '-3412.5007', 0, NULL),
(425, 'A97', 'A968', '425', '-2945.952', '2723.4597', 1, '1802-09-09'),
(426, 'A8', 'E272', '426', '4755.232', '-3475.6624', 1, '2401-10-14'),
(427, 'A38', 'I796', '427', '-1703.6312', '1402.3477', 1, '0373-08-25'),
(428, 'A57', 'F368', '428', '3902.1057', '-2473.97', 1, '1709-07-05'),
(429, 'A2', 'H894', '429', '-3848.9907', '3542.7666', 0, NULL),
(430, 'A12', 'A948', '430', '3843.0208', '213.68683', 1, '1110-04-07'),
(431, 'A56', 'G062', '431', '-1997.612', '-1542.4788', 0, NULL),
(432, 'A78', 'L485', '432', '3004.7632', '-662.40967', 1, '1898-05-27'),
(433, 'A82', 'G809', '433', '3310.384', '13.398528', 1, '0480-05-24'),
(434, 'A90', 'B443', '434', '2249.4895', '2220.2783', 1, '1740-01-01'),
(435, 'A95', 'H835', '435', '-4075.8289', '-2865.541', 1, '0410-02-24'),
(436, 'A43', 'A832', '436', '3769.9204', '1861.5032', 0, NULL),
(437, 'A89', 'H713', '437', '-46.567917', '1863.7205', 0, NULL),
(438, 'A2', 'L859', '438', '-769.2611', '4244.968', 1, '2085-10-06'),
(439, 'A28', 'G378', '439', '4270.363', '1527.589', 0, NULL),
(440, 'A16', 'C634', '440', '-3673.8909', '-583.3', 1, '0128-01-18'),
(441, 'A78', 'H328', '441', '-1565.1506', '-281.5199', 0, NULL),
(442, 'A89', 'L220', '442', '-1327.7906', '4900.3853', 0, NULL),
(443, 'A14', 'M263', '443', '-2146.766', '-4446.2524', 1, '0466-12-06'),
(444, 'A49', 'A832', '444', '2012.76', '2690.4946', 1, '1997-04-10'),
(445, 'A76', 'B431', '445', '304.51715', '-4520.684', 1, '1093-05-22'),
(446, 'A82', 'I851', '446', '-4069.9458', '-2683.5627', 1, '2221-02-23'),
(447, 'A74', 'H964', '447', '-401.88373', '-1200.803', 0, NULL),
(448, 'A65', 'H361', '448', '-4524.057', '2123.4602', 0, NULL),
(449, 'A32', 'G307', '449', '-1847.3595', '3308.3784', 1, '1651-12-21'),
(450, 'A57', 'G463', '450', '4303.533', '4760.6387', 1, '0565-09-16'),
(451, 'A64', 'C769', '451', '-861.20544', '3287.911', 1, '0703-02-16'),
(452, 'A17', 'B191', '452', '-288.51212', '-2362.0588', 1, '1810-12-17'),
(453, 'A44', 'C996', '453', '-1867.6919', '-838.8537', 0, NULL),
(455, 'A64', 'L482', '455', '-4302.0728', '-2297.3013', 1, '2355-06-12'),
(456, 'A67', 'B468', '456', '-2652.7405', '-4110.302', 0, NULL),
(457, 'A78', 'A297', '457', '1329.971', '3183.046', 1, '2082-12-09'),
(458, 'A8', 'C767', '458', '-1383.4369', '-2187.8916', 1, '0643-02-03'),
(459, 'A53', 'C393', '459', '448.70795', '4957.028', 1, '1910-09-24'),
(460, 'A19', 'D424', '460', '4911.767', '-3463.516', 1, '2286-05-22'),
(461, 'A26', 'H034', '461', '-769.0251', '-4290.4526', 1, '2743-05-01'),
(462, 'A33', 'F745', '462', '4691.126', '-98.75834', 0, NULL),
(464, 'A33', 'I263', '464', '-3638.68', '4233.9014', 0, NULL),
(465, 'A25', 'F826', '465', '-3518.2273', '-4317.53', 1, '1063-01-15'),
(466, 'A35', 'B399', '466', '-2477.7813', '1595.0668', 1, '1222-04-20'),
(467, 'A31', 'A971', '467', '-420.28427', '-1111.1039', 1, '1435-07-24'),
(468, 'A82', 'G934', '468', '-4667.6187', '-4635.2534', 0, NULL),
(469, 'A86', 'A065', '469', '1711.3871', '-2708.1704', 0, NULL),
(470, 'A33', 'L533', '470', '-4812.9565', '1600.731', 0, NULL),
(471, 'A62', 'B988', '471', '881.62244', '2416.2458', 0, NULL),
(472, 'A20', 'A495', '472', '-4885.0566', '-3334.3481', 1, '2615-06-06'),
(473, 'A99', 'D321', '473', '1605.3981', '-510.34988', 0, NULL),
(474, 'A42', 'C218', '474', '-3492.1174', '-3302.1265', 1, '0495-05-12'),
(475, 'A59', 'D700', '475', '4734.987', '2713.0217', 1, '1691-05-17'),
(476, 'A30', 'F257', '476', '-1351.487', '1206.1572', 0, NULL),
(477, 'A68', 'A566', '477', '1112.045', '2281.5007', 1, '0807-02-16'),
(478, 'A85', 'B520', '478', '-4700.4272', '-4775.9546', 0, NULL),
(479, 'A38', 'H868', '479', '901.94763', '1959.4359', 1, '1174-04-28'),
(480, 'A29', 'B238', '480', '3919.7017', '4948.8105', 0, NULL),
(481, 'A7', 'G612', '481', '-866.9436', '519.12787', 1, '2746-12-23'),
(482, 'A17', 'C914', '482', '-325.28937', '-991.17993', 1, '1161-06-05'),
(483, 'A21', 'I862', '483', '673.3316', '4143.4766', 0, NULL),
(484, 'A99', 'M069', '484', '238.53839', '-2210.616', 1, '2040-03-14'),
(485, 'A17', 'H997', '485', '2683.7373', '-4025.9348', 0, NULL),
(486, 'A37', 'C749', '486', '1649.7534', '1553.6201', 0, NULL),
(487, 'A100', 'L603', '487', '-3824.8057', '-2022.7319', 1, '0449-05-29'),
(488, 'A71', 'C331', '488', '-1087.9421', '-1843.8804', 1, '0279-05-27'),
(489, 'A100', 'L982', '489', '-2232.8633', '-4154.4795', 0, NULL),
(490, 'A85', 'L309', '490', '-446.94125', '-50.162674', 0, NULL),
(491, 'A81', 'A228', '491', '4843.918', '4820.1377', 1, '0362-07-20'),
(492, 'A47', 'B501', '492', '-500.45313', '-2562.272', 0, NULL),
(493, 'A92', 'A226', '493', '-2794.5125', '-4150.871', 0, NULL),
(494, 'A9', 'B769', '494', '17.171501', '2766.9824', 0, NULL),
(495, 'A96', 'D177', '495', '4777.394', '-1345.9366', 1, '2477-01-02'),
(496, 'A17', 'L666', '496', '4485.92', '3692.1858', 1, '2504-05-15'),
(497, 'A98', 'A845', '497', '3734.4324', '1119.6112', 0, NULL),
(498, 'A31', 'M404', '498', '2648.3662', '-2650.8813', 1, '0570-06-17'),
(499, 'A56', 'B274', '499', '-562.1934', '2161.535', 0, NULL),
(500, 'A76', 'H991', '500', '-3947.9404', '-3328.7346', 1, '0628-04-24'),
(501, 'A73', 'I848', '501', '-827.0967', '679.47327', 0, NULL),
(502, 'A91', 'F809', '502', '2124.1104', '1181.1196', 0, NULL),
(503, 'A10', 'B275', '503', '-270.68497', '2464.859', 0, NULL),
(504, 'A45', 'D281', '504', '4394.495', '2404.6624', 0, NULL),
(505, 'A52', 'H865', '505', '4992.973', '4873.243', 1, '0990-06-16'),
(506, 'A79', 'H777', '506', '1864.304', '4739.62', 1, '1647-09-05'),
(507, 'A47', 'H787', '507', '-150.7008', '2597.9363', 0, NULL),
(508, 'A46', 'C778', '508', '-3708.9038', '-1004.91406', 1, '2738-06-25'),
(509, 'A16', 'G611', '509', '2852.213', '2313.9126', 0, NULL),
(510, 'A97', 'L332', '510', '1183.4496', '3477.6843', 0, NULL),
(511, 'A23', 'B754', '511', '-4778.3145', '-261.16312', 1, '1945-11-14'),
(512, 'A3', 'C484', '512', '-4384.73', '-653.06665', 0, NULL),
(513, 'A50', 'E891', '513', '-3118.2986', '-4871.2295', 1, '0981-03-24'),
(514, 'A97', 'L889', '514', '2193.234', '-3475.9558', 1, '0142-10-12'),
(515, 'A73', 'M101', '515', '-407.02582', '3944.2742', 1, '2129-04-18'),
(516, 'A78', 'M413', '516', '2391.962', '2429.0706', 1, '2247-08-09'),
(517, 'A9', 'G974', '517', '133.96025', '4314.377', 0, NULL),
(518, 'A8', 'B724', '518', '-2836.8652', '-2305.5493', 1, '1590-04-29'),
(519, 'A93', 'L799', '519', '1490.5751', '4824.0996', 0, NULL),
(520, 'A32', 'E299', '520', '1621.1235', '1120.6055', 1, '2374-10-20'),
(521, 'A68', 'B481', '521', '-284.2623', '3206.3054', 0, NULL),
(522, 'A79', 'C557', '522', '-1683.821', '-4278.8857', 1, '1702-12-20'),
(523, 'A61', 'C292', '523', '-52.20294', '2024.2369', 0, NULL),
(524, 'A89', 'L134', '524', '-1430.2987', '4551.249', 1, '0111-09-15'),
(525, 'A10', 'I956', '525', '3666.7896', '998.3218', 0, NULL),
(526, 'A29', 'E125', '526', '-3685.2222', '-2839.865', 0, NULL),
(527, 'A56', 'C007', '527', '442.46136', '2693.7175', 0, NULL),
(528, 'A2', 'F080', '528', '-2352.4922', '4070.4983', 0, NULL),
(529, 'A75', 'B948', '529', '-1974.5452', '-2613.5403', 1, '1667-09-30'),
(530, 'A29', 'B894', '530', '-1789.2218', '-4877.135', 0, NULL),
(531, 'A73', 'D984', '531', '1548.1025', '862.0369', 0, NULL),
(532, 'A62', 'F066', '532', '4783.6865', '-2326.8665', 0, NULL),
(533, 'A25', 'H036', '533', '-2368.766', '-4915.9517', 1, '1283-04-06'),
(534, 'A49', 'D360', '534', '3681.1155', '3776.105', 0, NULL),
(535, 'A81', 'L429', '535', '2324.481', '2831.8137', 0, NULL),
(536, 'A28', 'H451', '536', '1389.3413', '-1172.7769', 0, NULL),
(537, 'A75', 'H068', '537', '-331.17413', '-1964.0321', 1, '1615-12-18'),
(538, 'A13', 'I296', '538', '2616.9084', '-3023.8396', 1, '2171-06-09'),
(539, 'A11', 'B733', '539', '-1384.8693', '1531.2928', 1, '0841-02-14'),
(540, 'A11', 'L612', '540', '79.44823', '-24.232864', 0, NULL),
(541, 'A20', 'G682', '541', '-4216.0596', '4630.9775', 0, NULL),
(542, 'A30', 'G240', '542', '-2580.902', '-288.5878', 0, NULL),
(543, 'A85', 'E341', '543', '2893.1326', '3259.4622', 1, '1256-10-27'),
(544, 'A72', 'B187', '544', '-814.5976', '-1470.6749', 1, '1697-07-31'),
(545, 'A39', 'C158', '545', '-1767.5167', '2021.9302', 0, NULL),
(546, 'A53', 'A440', '546', '-4610.097', '2092.833', 1, '1298-12-01'),
(547, 'A87', 'E230', '547', '-1683.997', '4726.1797', 0, NULL),
(548, 'A73', 'I466', '548', '-2236.8164', '2591.92', 1, '2433-08-30'),
(549, 'A45', 'H302', '549', '-4728.722', '3448.0125', 1, '1790-01-13'),
(550, 'A89', 'H417', '550', '-1449.4717', '-4208.021', 0, NULL),
(551, 'A12', 'L011', '551', '-1701.721', '-1327.0354', 0, NULL),
(552, 'A30', 'M368', '552', '4010.148', '-4967.7544', 1, '1642-02-25'),
(553, 'A94', 'H990', '553', '15.631914', '-620.4015', 1, '2616-05-15'),
(554, 'A11', 'A360', '554', '3331.0242', '908.4195', 0, NULL),
(555, 'A57', 'L975', '555', '3424.0437', '999.1878', 1, '1701-06-02'),
(556, 'A92', 'D774', '556', '4668.0493', '1717.5723', 1, '1883-02-17'),
(557, 'A70', 'H695', '557', '3895.6792', '1258.6797', 0, NULL),
(558, 'A10', 'G770', '558', '-2522.784', '1384.2881', 0, NULL),
(559, 'A85', 'E139', '559', '387.6835', '1936.1871', 0, NULL),
(561, 'A8', 'G770', '561', '283.04935', '1381.6757', 0, NULL),
(563, 'A67', 'B859', '563', '-1903.4636', '843.9141', 1, '1694-03-07'),
(564, 'A91', 'E146', '564', '-939.1123', '1726.4098', 0, NULL),
(565, 'A100', 'D114', '565', '-4804.3115', '4843.876', 0, NULL),
(566, 'A15', 'F672', '566', '-4350.999', '4556.619', 0, NULL),
(567, 'A75', 'E805', '567', '-3343.1597', '1892.6144', 1, '2554-01-31'),
(568, 'A31', 'B997', '568', '-2925.774', '3618.9175', 0, NULL),
(569, 'A32', 'D597', '569', '-1548.3922', '1919.0061', 0, NULL),
(570, 'A26', 'H903', '570', '-4840.653', '-4105.408', 1, '0273-09-10'),
(571, 'A2', 'L025', '571', '2926.4814', '-3258.067', 0, NULL),
(572, 'A58', 'B809', '572', '4528.8364', '2457.4358', 1, '2138-06-23'),
(573, 'A73', 'C236', '573', '2725.3806', '-219.06256', 1, '0694-08-01'),
(574, 'A89', 'H844', '574', '-3720.082', '-3279.8713', 0, NULL),
(575, 'A76', 'H276', '575', '-3485.8894', '-2651.3267', 0, NULL),
(576, 'A99', 'A851', '576', '-4268.0537', '-3501.988', 1, '2955-05-06'),
(577, 'A13', 'H816', '577', '-2443.0276', '-2865.1594', 0, NULL),
(578, 'A20', 'I179', '578', '-3140.9126', '4665.9326', 0, NULL),
(579, 'A24', 'E535', '579', '3986.072', '-2826.1804', 0, NULL),
(580, 'A35', 'C157', '580', '2681.2344', '-2692.74', 1, '2993-02-14'),
(581, 'A7', 'I497', '581', '1947.7778', '3728.928', 1, '0041-02-11'),
(582, 'A26', 'I927', '582', '2896.1843', '3482.157', 1, '2611-06-08'),
(583, 'A80', 'C461', '583', '3737.6768', '1344.4937', 1, '0906-09-23'),
(584, 'A50', 'F023', '584', '4216.1807', '-2863.8816', 1, '0818-06-11'),
(585, 'A58', 'F416', '585', '-3213.7012', '-650.23425', 0, NULL),
(586, 'A46', 'L833', '586', '3292.749', '1448.9711', 1, '2671-11-11'),
(587, 'A66', 'C556', '587', '-1512.4243', '1630.3431', 1, '0631-02-17'),
(588, 'A70', 'A772', '588', '-2555.1135', '-2899.1406', 0, NULL),
(589, 'A21', 'B198', '589', '23.187399', '-824.91455', 1, '1102-02-22'),
(590, 'A89', 'D305', '590', '4579.411', '3412.9614', 0, NULL),
(591, 'A13', 'M271', '591', '-2479.707', '4507.4253', 0, NULL),
(592, 'A78', 'C135', '592', '3002.4797', '1190.9866', 1, '1023-06-08'),
(593, 'A96', 'F109', '593', '-2907.7124', '89.63406', 0, NULL),
(594, 'A69', 'H376', '594', '1485.2738', '4453.303', 0, NULL),
(595, 'A34', 'I119', '595', '-4744.2456', '-184.88765', 0, NULL),
(597, 'A62', 'B762', '597', '1391.2976', '2079.1138', 0, NULL),
(598, 'A9', 'L401', '598', '2830.184', '-1062.6698', 0, NULL),
(599, 'A23', 'H918', '599', '-4342.934', '3610.6313', 1, '2979-11-10'),
(600, 'A38', 'C956', '600', '3489.3357', '-3232.3296', 1, '2966-03-08'),
(601, 'A82', 'B448', '601', '-4039.1243', '2879.8086', 1, '1502-03-06'),
(602, 'A35', 'H840', '602', '27.338266', '-4096.6426', 1, '0204-04-15'),
(603, 'A48', 'B099', '603', '4542.1436', '-3299.0264', 0, NULL),
(604, 'A76', 'G240', '604', '2664.5625', '3401.2437', 1, '0189-11-16'),
(605, 'A16', 'M265', '605', '603.41833', '-2546.7341', 0, NULL),
(606, 'A41', 'H549', '606', '-4552.985', '115.11326', 1, '2605-01-11'),
(607, 'A97', 'I029', '607', '-3471.384', '-4084.8005', 0, NULL),
(608, 'A10', 'I309', '608', '642.2633', '3514.9836', 0, NULL),
(609, 'A33', 'D156', '609', '-3632.1162', '-2269.18', 0, NULL),
(610, 'A53', 'H979', '610', '-1164.2491', '2731.5151', 0, NULL),
(611, 'A92', 'C449', '611', '-4890.3276', '2556.2292', 1, '2687-12-20'),
(612, 'A21', 'H642', '612', '2721.8706', '1312.12', 0, NULL),
(613, 'A74', 'D304', '613', '2260.7268', '-789.1786', 0, NULL),
(614, 'A10', 'I821', '614', '172.77121', '-3046.655', 0, NULL),
(615, 'A23', 'H214', '615', '3526.969', '3916.8005', 0, NULL),
(616, 'A85', 'B682', '616', '-3353.3447', '4085.4668', 1, '0914-01-03'),
(617, 'A41', 'D350', '617', '2033.5269', '-932.31024', 1, '0469-02-07'),
(618, 'A52', 'C928', '618', '3975.4749', '-2480.0903', 1, '1386-05-18'),
(619, 'A53', 'G672', '619', '4708.793', '3721.808', 0, NULL),
(620, 'A97', 'C175', '620', '3658.2488', '-610.22046', 1, '0687-11-05'),
(621, 'A72', 'D720', '621', '-3822.7373', '969.3068', 1, '0533-08-08'),
(622, 'A9', 'A562', '622', '449.29385', '704.31647', 1, '0526-02-23'),
(623, 'A68', 'C991', '623', '-2727.35', '-1945.6672', 1, '0763-06-03'),
(624, 'A3', 'G349', '624', '941.3886', '-420.96674', 1, '1438-03-08'),
(625, 'A63', 'E426', '625', '-1400.1202', '263.93353', 1, '2736-07-08'),
(626, 'A75', 'B197', '626', '-4876.8335', '983.7079', 0, NULL),
(627, 'A94', 'F912', '627', '491.50168', '4153.119', 1, '2251-06-21'),
(628, 'A47', 'C498', '628', '1044.3049', '3736.4578', 0, NULL),
(629, 'A84', 'L074', '629', '1888.4081', '3416.1216', 0, NULL),
(630, 'A1', 'C815', '630', '588.13153', '2198.0537', 1, '1208-04-14'),
(631, 'A88', 'A182', '631', '-2069.1008', '247.07616', 0, NULL),
(632, 'A98', 'B695', '632', '-3323.527', '-4111.613', 1, '2994-05-24'),
(633, 'A24', 'B099', '633', '3739.6282', '-768.6275', 1, '1850-12-02'),
(634, 'A34', 'B624', '634', '-2598.2947', '4359.8755', 0, NULL),
(635, 'A48', 'L769', '635', '1141.2257', '-4882.8853', 0, NULL),
(636, 'A94', 'G549', '636', '1158.4622', '545.29785', 0, NULL),
(637, 'A37', 'I747', '637', '3466.5583', '-4900.563', 0, NULL),
(638, 'A11', 'F859', '638', '-3655.0771', '-3856.5642', 0, NULL),
(639, 'A54', 'L340', '639', '2145.198', '2742.327', 0, NULL),
(640, 'A50', 'M116', '640', '-4494.2437', '-3181.1523', 1, '2807-10-24'),
(641, 'A71', 'F116', '641', '-844.41187', '-480.53503', 0, NULL),
(642, 'A20', 'F106', '642', '-2441.5034', '3416.7861', 0, NULL),
(643, 'A21', 'H059', '643', '3338.977', '-2130.3105', 0, NULL),
(644, 'A19', 'L508', '644', '-3738.3198', '-2949.5393', 0, NULL),
(645, 'A57', 'D257', '645', '3639.2004', '4823.5254', 0, NULL),
(646, 'A46', 'D030', '646', '-1235.3313', '-1980.0764', 0, NULL),
(647, 'A67', 'B214', '647', '-2122.1543', '-3623.7168', 1, '0223-01-18'),
(648, 'A32', 'F267', '648', '2675.1191', '-1155.0349', 1, '0584-09-24'),
(649, 'A27', 'E804', '649', '4990.7314', '2062.9912', 1, '0131-12-02'),
(650, 'A4', 'D006', '650', '-1152.0874', '4543.6963', 0, NULL),
(651, 'A13', 'C438', '651', '3780.4043', '459.0142', 1, '1480-12-26'),
(652, 'A75', 'B896', '652', '1804.1909', '3031.445', 1, '1724-07-28'),
(653, 'A28', 'F720', '653', '-2031.3615', '1823.9331', 1, '1315-06-28'),
(654, 'A12', 'D591', '654', '1188.6764', '-3422.2656', 0, NULL),
(655, 'A38', 'I911', '655', '2612.306', '4426.3765', 1, '2497-03-20'),
(656, 'A82', 'H266', '656', '-2710.2227', '639.2676', 1, '1288-01-21'),
(657, 'A7', 'F319', '657', '3576.4778', '-1218.6152', 1, '1566-08-26'),
(658, 'A43', 'G036', '658', '3500.6768', '-2952.7737', 1, '2621-09-26'),
(659, 'A51', 'A960', '659', '4238.305', '-2546.768', 1, '1434-03-12'),
(660, 'A13', 'B574', '660', '-1290.0889', '-4750.84', 0, NULL),
(661, 'A90', 'A257', '661', '-1390.323', '-359.52808', 0, NULL),
(662, 'A33', 'H610', '662', '-1421.5826', '-4613.958', 1, '0195-06-16'),
(663, 'A62', 'I501', '663', '2102.4573', '-472.19754', 0, NULL),
(664, 'A65', 'M199', '664', '3276.6367', '2246.1628', 1, '1663-07-16'),
(665, 'A73', 'H240', '665', '2238.4614', '2155.2366', 0, NULL),
(666, 'A65', 'G609', '666', '1473.0382', '3484.1108', 0, NULL),
(667, 'A90', 'A038', '667', '418.22253', '-1123.2681', 1, '1410-05-14'),
(668, 'A55', 'F863', '668', '3943.402', '-805.372', 1, '1715-04-04'),
(669, 'A31', 'D981', '669', '-4827.0537', '-1053.3636', 1, '2125-11-18'),
(670, 'A96', 'D848', '670', '2549.5542', '-4281.626', 0, NULL),
(671, 'A30', 'I248', '671', '-335.1581', '-4667.7954', 1, '2635-09-08'),
(672, 'A87', 'D196', '672', '-2085.0437', '-3380.215', 1, '0124-11-20'),
(673, 'A19', 'D268', '673', '-4772.9136', '4817.0483', 0, NULL),
(674, 'A41', 'A460', '674', '-2056.4712', '-4566.781', 1, '1714-05-28'),
(675, 'A29', 'L820', '675', '-1780.454', '1822.8739', 1, '2521-05-16'),
(676, 'A73', 'E067', '676', '4478.8486', '1727.5435', 0, NULL),
(677, 'A53', 'E482', '677', '-1457.0684', '4787.3594', 0, NULL),
(678, 'A68', 'I501', '678', '3836.9172', '0.88989735', 1, '1456-12-20'),
(679, 'A4', 'M086', '679', '-1965.1633', '-617.8331', 0, NULL),
(680, 'A61', 'M377', '680', '-532.527', '2242.8997', 1, '0501-07-25'),
(681, 'A83', 'I745', '681', '4321.564', '2704.5757', 0, NULL),
(682, 'A36', 'I213', '682', '-4066.6013', '-3936.5005', 0, NULL),
(683, 'A95', 'E745', '683', '494.92477', '-3513.6187', 0, NULL),
(684, 'A42', 'I341', '684', '-2263.6897', '-2947.0574', 1, '0819-02-05'),
(685, 'A18', 'E373', '685', '4655.6284', '4299.7036', 1, '1159-02-13'),
(686, 'A62', 'B469', '686', '-2391.7817', '4804.3213', 1, '1301-04-10'),
(687, 'A25', 'D373', '687', '-4975.1025', '-4844.573', 0, NULL),
(688, 'A9', 'F817', '688', '58.740974', '4950.1396', 1, '1995-06-18'),
(689, 'A69', 'L252', '689', '-4093.6362', '-501.7382', 0, NULL),
(690, 'A58', 'A880', '690', '-1411.7562', '-1138.1185', 0, NULL),
(691, 'A51', 'F878', '691', '3609.1191', '1279.7094', 1, '0582-04-16'),
(692, 'A28', 'I597', '692', '4017.8413', '10.806918', 1, '2601-11-04'),
(693, 'A39', 'F500', '693', '159.32083', '2484.0642', 1, '1646-07-30'),
(694, 'A46', 'A714', '694', '3832.007', '-48.78163', 0, NULL),
(695, 'A5', 'F809', '695', '3296.5815', '-3654.8687', 0, NULL),
(696, 'A45', 'L809', '696', '1144.9647', '4157.888', 1, '2142-02-05'),
(698, 'A54', 'E374', '698', '4950.237', '2311.1868', 0, NULL),
(699, 'A6', 'G574', '699', '-1008.3574', '-4904.423', 1, '2585-07-24'),
(700, 'A10', 'I775', '700', '-1096.403', '39.57033', 1, '0185-11-19'),
(701, 'A9', 'B082', '701', '-171.74542', '2969.476', 1, '1819-11-08'),
(702, 'A48', 'D428', '702', '-3886.503', '3837.2947', 1, '1803-12-22'),
(703, 'A7', 'L252', '703', '4030.9019', '223.18005', 0, NULL),
(704, 'A15', 'A529', '704', '1485.2273', '3178.1196', 1, '0119-09-10'),
(705, 'A59', 'C357', '705', '-3141.176', '2484.4402', 1, '2022-02-07'),
(706, 'A51', 'I875', '706', '-4776.2666', '4104.628', 1, '1263-09-09'),
(707, 'A79', 'H503', '707', '3465.4385', '-3794.936', 1, '2072-08-22'),
(708, 'A92', 'E530', '708', '1165.4932', '2554.682', 1, '2794-11-23'),
(709, 'A45', 'B530', '709', '-1443.9624', '636.13', 0, NULL),
(710, 'A50', 'G272', '710', '-2392.1902', '-4770.789', 1, '2221-09-18'),
(711, 'A27', 'I071', '711', '-2109.6772', '4999.354', 1, '2404-08-15'),
(712, 'A93', 'A785', '712', '733.2015', '4838.1094', 1, '0422-11-03'),
(713, 'A63', 'A930', '713', '-749.0003', '162.56154', 1, '2791-02-07'),
(714, 'A86', 'H772', '714', '-994.82654', '3780.6606', 0, NULL),
(715, 'A63', 'I320', '715', '-3193.4846', '2366.7026', 0, NULL),
(716, 'A9', 'E111', '716', '490.2488', '-2547.2356', 0, NULL),
(717, 'A6', 'L535', '717', '-92.163086', '1955.232', 0, NULL),
(718, 'A100', 'H175', '718', '4553.6797', '-867.07355', 0, NULL),
(719, 'A40', 'G238', '719', '-4992.0894', '48.96164', 1, '1838-07-08'),
(720, 'A66', 'F030', '720', '-4815.969', '1789.8643', 0, NULL),
(721, 'A37', 'H727', '721', '-2186.7495', '354.6548', 0, NULL),
(722, 'A74', 'D886', '722', '-2477.6555', '-4867.2734', 0, NULL),
(723, 'A58', 'I982', '723', '279.5315', '1601.1924', 0, NULL),
(724, 'A44', 'I115', '724', '4027.6462', '-2771.085', 0, NULL),
(725, 'A49', 'L035', '725', '-3852.1653', '4518.9287', 1, '1987-11-28'),
(726, 'A7', 'L817', '726', '2772.8325', '4373.6816', 0, NULL),
(727, 'A20', 'G590', '727', '685.9225', '-557.03937', 1, '1793-08-24'),
(728, 'A15', 'A983', '728', '3298.701', '-2112.9304', 1, '2631-02-04'),
(729, 'A16', 'H491', '729', '-613.5863', '4807.92', 0, NULL),
(730, 'A79', 'E679', '730', '-2704.9016', '4023.4387', 1, '0508-09-04'),
(731, 'A11', 'G894', '731', '2312.1172', '2527.7805', 0, NULL),
(732, 'A17', 'G528', '732', '1852.4456', '-4036.591', 0, NULL),
(733, 'A3', 'F740', '733', '-379.5004', '1681.7439', 1, '0356-04-03'),
(734, 'A38', 'B954', '734', '242.69879', '-1692.4149', 0, NULL),
(735, 'A81', 'F376', '735', '2863.9846', '2449.3755', 0, NULL),
(736, 'A30', 'E654', '736', '4607.6787', '-3644.3455', 0, NULL),
(737, 'A84', 'H822', '737', '3727.628', '-1597.9606', 0, NULL),
(738, 'A11', 'G240', '738', '230.60799', '-1661.2625', 1, '1356-05-22'),
(739, 'A20', 'C556', '739', '-909.8333', '180.34935', 0, NULL),
(740, 'A33', 'D346', '740', '1924.963', '-4517.6543', 1, '0263-02-25'),
(741, 'A21', 'D024', '741', '1483.4493', '50.62878', 0, NULL),
(742, 'A76', 'C347', '742', '-2846.105', '2993.7202', 0, NULL),
(743, 'A78', 'L384', '743', '-1604.3132', '4346.8535', 0, NULL),
(744, 'A98', 'F059', '744', '2474.7568', '4826.593', 0, NULL),
(745, 'A85', 'B255', '745', '2295.583', '-4037.0364', 1, '1160-11-14'),
(746, 'A37', 'B617', '746', '-226.93217', '-205.78087', 1, '0434-11-23'),
(747, 'A77', 'H704', '747', '-3844.5442', '-2929.0361', 0, NULL),
(748, 'A73', 'F324', '748', '1698.5094', '-1480.2849', 1, '0836-07-20'),
(749, 'A2', 'F131', '749', '-3287.2463', '-727.30304', 0, NULL),
(750, 'A4', 'A847', '750', '2818.3604', '1379.9423', 0, NULL),
(751, 'A39', 'D195', '751', '-3577.5037', '-2708.5488', 0, NULL),
(752, 'A50', 'B268', '752', '-3820.5684', '753.57434', 0, NULL),
(753, 'A63', 'C404', '753', '2949.4124', '-4526.3325', 1, '0858-08-09'),
(754, 'A24', 'D207', '754', '-1361.6108', '1127.5989', 1, '0480-04-10'),
(755, 'A13', 'A864', '755', '2981.3672', '642.578', 0, NULL),
(756, 'A60', 'B152', '756', '-4539.461', '2942.276', 0, NULL),
(757, 'A25', 'D575', '757', '3141.169', '1146.8411', 1, '2991-08-17'),
(759, 'A70', 'G142', '759', '679.32367', '-2270.8982', 1, '0457-12-09'),
(760, 'A54', 'B679', '760', '-612.37396', '-1055.0142', 0, NULL),
(762, 'A9', 'A844', '762', '-4921.3623', '-4177.6665', 1, '2945-10-11'),
(763, 'A77', 'B688', '763', '-1834.637', '1033.3126', 0, NULL),
(764, 'A47', 'L363', '764', '-4225.224', '2566.4712', 1, '1271-10-15'),
(765, 'A34', 'F585', '765', '-3428.8687', '2263.1746', 1, '0057-07-21'),
(766, 'A24', 'G874', '766', '-1999.5671', '-4073.519', 0, NULL),
(767, 'A65', 'H444', '767', '48.043133', '-401.17563', 0, NULL),
(768, 'A44', 'C471', '768', '4414.668', '-4314.5127', 1, '1628-08-20'),
(769, 'A46', 'C303', '769', '3873.5073', '4698.7397', 0, NULL);
-- SQLINES LICENSE FOR EVALUATION USE ONLY
INSERT INTO casello (codice, cod_naz, comune, nome, x, y, is_automatico, data_automazione) VALUES
(770, 'A93', 'G866', '770', '1062.4606', '-1841.3818', 1, '1370-01-31'),
(771, 'A27', 'B036', '771', '3981.1582', '2981.94', 0, NULL),
(772, 'A48', 'G247', '772', '-364.1051', '-4157.05', 0, NULL),
(773, 'A37', 'L605', '773', '631.6942', '206.35605', 1, '1175-05-02'),
(774, 'A87', 'I932', '774', '-2201.178', '168.36942', 0, NULL),
(775, 'A37', 'D555', '775', '-3372.3252', '2019.3815', 1, '0016-01-25'),
(776, 'A14', 'B504', '776', '427.6383', '4282.6445', 0, NULL),
(777, 'A95', 'B932', '777', '3115.6682', '-3611.006', 0, NULL),
(778, 'A98', 'C773', '778', '-1979.3832', '4935.913', 0, NULL),
(779, 'A93', 'A256', '779', '674.42773', '-767.563', 0, NULL),
(780, 'A50', 'H315', '780', '4778.872', '-2618.627', 0, NULL),
(781, 'A89', 'C725', '781', '1912.3185', '-4526.765', 1, '1392-02-12'),
(782, 'A70', 'F203', '782', '-1252.6256', '1432.7526', 0, NULL),
(783, 'A57', 'F999', '783', '-4435.703', '3976.254', 0, NULL),
(784, 'A60', 'G342', '784', '-4763.669', '2106.0615', 0, NULL),
(785, 'A26', 'C719', '785', '1221.3337', '-1051.2197', 1, '1101-06-25'),
(786, 'A10', 'C725', '786', '-49.955845', '-2740.7253', 1, '2037-04-17'),
(787, 'A43', 'I780', '787', '-3458.9546', '1258.5032', 1, '1981-01-26'),
(788, 'A55', 'F368', '788', '-3987.81', '2542.5046', 1, '2658-05-07'),
(789, 'A31', 'A394', '789', '3542.9395', '-2418.3308', 1, '0028-07-18'),
(790, 'A72', 'H764', '790', '3030.778', '-4041.8225', 0, NULL),
(791, 'A91', 'F095', '791', '614.9507', '-2288.4375', 1, '2060-10-29'),
(792, 'A82', 'D218', '792', '953.3441', '-3317.4038', 1, '1018-11-06'),
(793, 'A69', 'D874', '793', '3501.4456', '-1586.0194', 0, NULL),
(794, 'A38', 'M197', '794', '-4094.547', '-685.35864', 1, '0526-12-11'),
(795, 'A34', 'L235', '795', '4621.585', '-4228.275', 0, NULL),
(796, 'A33', 'E287', '796', '2629.9358', '-2814.7305', 0, NULL),
(797, 'A62', 'G285', '797', '-3100.7732', '72.89946', 0, NULL),
(798, 'A36', 'D030', '798', '-4218.767', '-3505.981', 1, '1757-01-11'),
(799, 'A68', 'B466', '799', '-1131.4595', '-11.537075', 1, '2081-05-29'),
(800, 'A82', 'I530', '800', '4263.2817', '2557.144', 0, NULL),
(801, 'A16', 'F327', '801', '1482.4664', '4156.8027', 0, NULL),
(802, 'A22', 'C424', '802', '-3104.1592', '-4586.2646', 1, '1449-07-10'),
(803, 'A62', 'I125', '803', '4433.041', '3493.2815', 0, NULL),
(804, 'A98', 'H935', '804', '1965.4298', '-1673.7717', 1, '1598-05-10'),
(805, 'A46', 'B661', '805', '3994.3064', '1886.869', 1, '1898-01-03'),
(806, 'A37', 'B384', '806', '-1817.6884', '-2949.484', 0, NULL),
(807, 'A96', 'I558', '807', '2632.6907', '4537.7334', 1, '0449-05-17'),
(808, 'A27', 'C503', '808', '-20.48433', '-4661.288', 0, NULL),
(809, 'A94', 'E680', '809', '-4683.3438', '4526.2383', 1, '0114-03-04'),
(810, 'A99', 'D639', '810', '-2209.5925', '3123.2917', 0, NULL),
(811, 'A19', 'H334', '811', '4036.4146', '-4899.1074', 1, '1810-05-12'),
(812, 'A91', 'E773', '812', '-3636.602', '1907.2444', 0, NULL),
(813, 'A73', 'H922', '813', '-2398.4468', '-3293.1887', 0, NULL),
(814, 'A15', 'H379', '814', '-3333.0203', '-4767.129', 1, '0936-06-06'),
(815, 'A17', 'D118', '815', '4354.1997', '-1019.0058', 1, '2313-02-09'),
(816, 'A21', 'I548', '816', '-4119.263', '-4846.1016', 1, '0838-03-31'),
(817, 'A54', 'B603', '817', '-4416.7466', '-2056.2888', 0, NULL),
(818, 'A26', 'H467', '818', '-4052.7683', '387.34674', 1, '1877-11-23'),
(819, 'A30', 'G953', '819', '4115.2246', '3033.3762', 0, NULL),
(820, 'A67', 'E425', '820', '-783.9209', '1160.9268', 0, NULL),
(821, 'A43', 'I677', '821', '3861.4768', '3681.4326', 0, NULL),
(822, 'A12', 'C703', '822', '-1216.3091', '542.23895', 0, NULL),
(823, 'A13', 'C850', '823', '-3191.9033', '-3886.7002', 1, '1809-09-14'),
(824, 'A46', 'H811', '824', '3716.3384', '-4458.1436', 1, '2388-05-27'),
(825, 'A97', 'F268', '825', '474.599', '-3543.2632', 1, '2121-05-15'),
(826, 'A93', 'A638', '826', '4029.0903', '-1759.0469', 1, '2797-09-05'),
(828, 'A97', 'A059', '828', '2414.3726', '-2625.087', 0, NULL),
(829, 'A61', 'A466', '829', '-111.35161', '1051.2555', 0, NULL),
(830, 'A75', 'D391', '830', '2982.236', '1816.2441', 0, NULL),
(831, 'A52', 'E757', '831', '-399.63187', '3597.7698', 0, NULL),
(832, 'A51', 'M173', '832', '-3162.8418', '1955.5658', 0, NULL),
(833, 'A61', 'B173', '833', '2205.5144', '4490.2773', 0, NULL),
(834, 'A16', 'A335', '834', '3638.1663', '1652.0286', 1, '2891-08-16'),
(835, 'A28', 'I634', '835', '3538.832', '3697.5205', 0, NULL),
(836, 'A27', 'I375', '836', '1534.8756', '-3641.1255', 1, '2816-02-16'),
(837, 'A2', 'E179', '837', '230.71765', '-1449.4127', 0, NULL),
(838, 'A26', 'A487', '838', '-4120.3345', '-691.54736', 0, NULL),
(839, 'A13', 'D050', '839', '-3323.8738', '1484.1437', 0, NULL),
(840, 'A37', 'H216', '840', '-1508.7205', '1611.7078', 0, NULL),
(841, 'A45', 'H770', '841', '170.61531', '-4717.294', 0, NULL),
(842, 'A19', 'I825', '842', '3128.0737', '-4406.9214', 0, NULL),
(843, 'A83', 'H727', '843', '-4158.9795', '4834.8247', 0, NULL),
(845, 'A13', 'H938', '845', '1085.6796', '-3943.7883', 1, '1896-07-03'),
(846, 'A95', 'F644', '846', '-2390.8901', '3060.6729', 1, '1094-10-26'),
(847, 'A71', 'C836', '847', '-3501.7603', '-195.93417', 0, NULL),
(848, 'A44', 'H971', '848', '3747.713', '-4492.3145', 1, '0147-05-09'),
(849, 'A28', 'L093', '849', '-769.9567', '977.4321', 0, NULL),
(850, 'A75', 'M382', '850', '-1547.5941', '-261.58572', 1, '1562-07-04'),
(851, 'A89', 'G931', '851', '2458.6892', '2268.5696', 0, NULL),
(853, 'A4', 'D559', '853', '1916.8014', '-3297.3416', 0, NULL),
(854, 'A98', 'G786', '854', '2269.24', '649.9469', 1, '0540-02-23'),
(855, 'A79', 'B033', '855', '-1502.8555', '3989.1816', 1, '0325-11-13'),
(856, 'A13', 'H262', '856', '3.3819675', '1950.1746', 1, '0839-07-02'),
(857, 'A66', 'H434', '857', '991.59717', '2817.1682', 0, NULL),
(858, 'A54', 'F863', '858', '-666.7048', '654.40894', 1, '1129-01-01'),
(859, 'A48', 'B403', '859', '1986.7587', '4422.3594', 1, '0900-01-19'),
(860, 'A46', 'H399', '860', '-2879.2979', '4739.9067', 1, '1641-02-25'),
(861, 'A12', 'H485', '861', '2112.7766', '2512.6028', 1, '0064-12-17'),
(862, 'A90', 'A441', '862', '2648.9402', '-221.93312', 0, NULL),
(863, 'A27', 'A776', '863', '3734.8264', '-4288.1353', 0, NULL),
(864, 'A60', 'A098', '864', '481.23', '3231.4844', 0, NULL),
(865, 'A60', 'I843', '865', '-4069.7415', '2870.7332', 1, '0849-01-25'),
(866, 'A24', 'F851', '866', '-585.4666', '-301.77295', 1, '0763-10-26'),
(867, 'A16', 'E017', '867', '1340.301', '-341.4458', 0, NULL),
(868, 'A23', 'A674', '868', '3924.8115', '-1952.101', 1, '0651-08-29'),
(869, 'A74', 'I538', '869', '-2779.6196', '-3411.402', 1, '2420-11-17'),
(870, 'A36', 'I449', '870', '-1985.8855', '-754.19604', 1, '2260-10-13'),
(871, 'A34', 'A127', '871', '-2976.9778', '3225.146', 0, NULL),
(872, 'A47', 'H001', '872', '-1263.833', '-2029.2043', 0, NULL),
(873, 'A83', 'G250', '873', '-4533.4053', '2232.2769', 1, '0807-04-05'),
(874, 'A16', 'L182', '874', '3478.6748', '-2455.2273', 1, '0887-09-29'),
(875, 'A18', 'B408', '875', '2310.3518', '-2348.9202', 1, '0338-02-24'),
(876, 'A49', 'L295', '876', '3910.101', '792.7239', 1, '2541-11-27'),
(877, 'A37', 'D639', '877', '-3194.3', '-4158.2134', 1, '2634-04-19'),
(878, 'A70', 'G579', '878', '-4023.0376', '-818.34973', 1, '2663-07-29'),
(879, 'A58', 'L287', '879', '-2421.261', '-3292.094', 1, '1087-07-08'),
(880, 'A96', 'I280', '880', '-3999.0354', '2319.274', 0, NULL),
(881, 'A36', 'A445', '881', '-4902.918', '-4924.5254', 1, '1428-04-20'),
(882, 'A39', 'G803', '882', '4754.612', '1654.0151', 1, '2043-11-20'),
(883, 'A68', 'C294', '883', '3252.585', '-4464.689', 1, '2592-02-20'),
(884, 'A61', 'A501', '884', '2715.6948', '-53.341984', 1, '2767-02-19'),
(885, 'A93', 'E201', '885', '1987.0723', '2291.7813', 0, NULL),
(886, 'A66', 'L497', '886', '-4561.7754', '-3201.4453', 0, NULL),
(887, 'A55', 'C869', '887', '-2511.3315', '1376.8828', 0, NULL),
(888, 'A35', 'E963', '888', '2028.485', '-3233.6855', 1, '0492-01-11'),
(889, 'A82', 'H410', '889', '3916.3489', '-4989.0566', 0, NULL),
(890, 'A50', 'E734', '890', '-4300.731', '-4191.9585', 0, NULL),
(891, 'A85', 'C848', '891', '-2710.3293', '1632.3114', 0, NULL),
(892, 'A97', 'H161', '892', '2860.1956', '1242.4874', 0, NULL),
(893, 'A51', 'A337', '893', '-1585.3727', '-1658.3889', 0, NULL),
(894, 'A66', 'H540', '894', '1608.5148', '365.33237', 0, NULL),
(895, 'A21', 'D094', '895', '-2369.6863', '-4513.9272', 1, '1784-08-06'),
(896, 'A60', 'H017', '896', '950.7698', '-1251.3673', 0, NULL),
(897, 'A26', 'A158', '897', '3671.1633', '4930.3335', 0, NULL),
(898, 'A55', 'C983', '898', '-3704.2092', '163.74886', 1, '1178-07-02'),
(899, 'A24', 'F560', '899', '3093.8643', '1098.9148', 1, '0452-06-08'),
(900, 'A27', 'E537', '900', '-576.46454', '1247.198', 0, NULL),
(901, 'A66', 'D246', '901', '-4440.9224', '4550.86', 0, NULL),
(902, 'A37', 'B493', '902', '893.24713', '4454.529', 0, NULL),
(903, 'A94', 'B559', '903', '3562.484', '2999.0952', 0, NULL),
(904, 'A26', 'L890', '904', '-2220.3486', '1087.3777', 0, NULL),
(905, 'A87', 'I527', '905', '143.82124', '-4450.6855', 0, NULL),
(906, 'A67', 'H724', '906', '-538.9243', '4742.388', 0, NULL),
(907, 'A35', 'F707', '907', '-4618.287', '174.73817', 1, '2340-03-11'),
(908, 'A2', 'F500', '908', '-2543.9019', '1406.4305', 0, NULL),
(909, 'A47', 'E221', '909', '-1467.7227', '-1320.0831', 1, '0141-05-25'),
(910, 'A34', 'G659', '910', '-4640.327', '-4450.337', 1, '2152-04-24'),
(911, 'A30', 'M184', '911', '2510.5046', '-3892.9868', 0, NULL),
(912, 'A10', 'L199', '912', '-4356.6816', '2298.134', 1, '2954-06-02'),
(913, 'A72', 'I577', '913', '2816.794', '1942.4575', 0, NULL),
(914, 'A91', 'B063', '914', '2605.3162', '2222.5195', 1, '2526-08-16'),
(915, 'A40', 'L136', '915', '-4320.8164', '2378.7832', 0, NULL),
(916, 'A15', 'F830', '916', '1069.1606', '3598.622', 0, NULL),
(917, 'A39', 'H357', '917', '4893.59', '-2241.394', 1, '1745-09-17'),
(918, 'A52', 'F382', '918', '1584.233', '-4713.8584', 1, '1473-05-03'),
(919, 'A90', 'G475', '919', '3752.044', '4483.5024', 1, '0531-08-18'),
(920, 'A54', 'G336', '920', '4302.2783', '-2844.5046', 1, '0922-07-30'),
(921, 'A32', 'G848', '921', '995.003', '-2298.199', 0, NULL),
(922, 'A89', 'D523', '922', '-2161.5488', '-3834.9216', 0, NULL),
(923, 'A17', 'H836', '923', '-666.3138', '-144.77252', 0, NULL),
(924, 'A68', 'F383', '924', '-2942.1533', '2712.2158', 1, '0121-03-29'),
(925, 'A95', 'B483', '925', '-37.761925', '1236.8685', 1, '1420-03-21'),
(926, 'A77', 'E282', '926', '1529.2495', '2338.5103', 0, NULL),
(927, 'A6', 'H301', '927', '4205.7246', '-2596.3372', 1, '1402-07-14'),
(928, 'A30', 'M168', '928', '2947.0884', '-2783.562', 1, '2989-06-13'),
(929, 'A87', 'A520', '929', '-235.44788', '4787.398', 0, NULL),
(930, 'A52', 'F336', '930', '320.94717', '-2445.3616', 1, '2654-09-24'),
(931, 'A14', 'B015', '931', '-2333.9915', '77.353714', 0, NULL),
(932, 'A95', 'G943', '932', '1735.8196', '2059.2637', 0, NULL),
(933, 'A27', 'B898', '933', '-663.94806', '-2351.771', 1, '1075-02-18'),
(934, 'A28', 'E693', '934', '-1318.3707', '-1239.9321', 1, '0147-01-13'),
(935, 'A78', 'I754', '935', '4257.4395', '228.66547', 0, NULL),
(936, 'A45', 'B760', '936', '1033.9283', '-1689.2296', 0, NULL),
(937, 'A84', 'F587', '937', '491.05942', '-4843.645', 0, NULL),
(938, 'A57', 'L090', '938', '-4192.324', '-3796.4736', 0, NULL),
(939, 'A22', 'H246', '939', '4222.477', '-554.90674', 1, '0978-08-03'),
(940, 'A89', 'F105', '940', '-4387.894', '4876.156', 1, '1274-06-09'),
(941, 'A23', 'I256', '941', '3304.221', '1467.5986', 1, '1078-05-03'),
(942, 'A62', 'F387', '942', '3231.9272', '-3431.9275', 1, '0478-02-19'),
(943, 'A54', 'F942', '943', '2371.3118', '-3180.9138', 1, '0402-12-13'),
(944, 'A62', 'B184', '944', '4045.0847', '43.3743', 0, NULL),
(945, 'A49', 'C498', '945', '4077', '-1192.8577', 0, NULL),
(946, 'A64', 'F579', '946', '-3233.5044', '1647.2847', 1, '2370-09-16'),
(947, 'A1', 'C442', '947', '-4172.437', '-493.9127', 1, '0320-08-09'),
(948, 'A79', 'L597', '948', '-3731.8875', '-26.98362', 0, NULL),
(949, 'A27', 'B075', '949', '-420.96136', '-4095.7505', 1, '0679-03-15'),
(950, 'A25', 'D403', '950', '-2820.4333', '783.9197', 0, NULL),
(951, 'A90', 'F677', '951', '690.0412', '-1153.5103', 0, NULL),
(952, 'A33', 'I412', '952', '4366.034', '3803.1619', 0, NULL),
(953, 'A97', 'E033', '953', '1725.1628', '2944.1685', 0, NULL),
(954, 'A36', 'E947', '954', '3628.084', '-2353.6025', 1, '1550-12-21'),
(955, 'A12', 'H101', '955', '-2570.5718', '-2009.8304', 0, NULL),
(956, 'A33', 'H953', '956', '-267.95746', '-1262.6475', 1, '1185-01-25'),
(957, 'A85', 'I991', '957', '2606.7395', '1981.2638', 0, NULL),
(958, 'A36', 'B138', '958', '2814.2095', '-2.3579597', 0, NULL),
(959, 'A88', 'B269', '959', '-4412.551', '594.9807', 1, '1095-02-08'),
(960, 'A64', 'L999', '960', '3684.8938', '951.395', 1, '1861-04-15'),
(961, 'A53', 'D383', '961', '4424.206', '-4219.141', 0, NULL),
(962, 'A56', 'A972', '962', '4472.796', '2662.1694', 1, '2085-07-24'),
(963, 'A52', 'H823', '963', '-742.5827', '1935.4355', 0, NULL),
(964, 'A60', 'I210', '964', '-1134.5464', '693.78613', 1, '0305-10-13'),
(965, 'A43', 'A930', '965', '-3760.525', '4140.86', 0, NULL),
(966, 'A63', 'E264', '966', '-1973.5104', '3920.8596', 0, NULL),
(967, 'A18', 'B019', '967', '2840.8916', '1772.5306', 1, '1400-03-01'),
(968, 'A27', 'F333', '968', '-754.4923', '-2259.4028', 1, '2606-05-17'),
(969, 'A60', 'E431', '969', '-3163.7966', '2474.984', 0, NULL),
(970, 'A75', 'B395', '970', '-4496.7847', '-3197.5317', 1, '1357-02-26'),
(971, 'A63', 'I003', '971', '-3662.5164', '-2647.8767', 1, '1419-01-17'),
(972, 'A48', 'D028', '972', '-1548.4595', '-3435.6445', 1, '1688-12-27'),
(973, 'A52', 'D208', '973', '-3512.7039', '4502.1367', 1, '2860-11-28'),
(974, 'A12', 'D395', '974', '-1710.5925', '3038.9272', 0, NULL),
(975, 'A34', 'D851', '975', '1095.5178', '1270.5964', 1, '2489-12-16'),
(976, 'A49', 'C265', '976', '4176.605', '-2064.2578', 0, NULL),
(977, 'A92', 'F258', '977', '-4777.468', '3625.8245', 1, '0479-04-30'),
(978, 'A72', 'A367', '978', '-3318.5034', '4403.0635', 0, NULL),
(979, 'A51', 'B767', '979', '1288.8187', '1386.6729', 0, NULL),
(980, 'A94', 'E094', '980', '-3332.237', '-2250.381', 1, '1557-01-26'),
(981, 'A10', 'A118', '981', '-582.487', '-4957.334', 1, '0405-12-03'),
(982, 'A35', 'H406', '982', '-2297.7524', '655.30774', 0, NULL),
(983, 'A93', 'D372', '983', '2846.5564', '3848.9307', 0, NULL),
(984, 'A74', 'D966', '984', '-2281.4983', '1901.806', 0, NULL),
(985, 'A79', 'L408', '985', '4506.798', '4234.05', 0, NULL),
(986, 'A49', 'M179', '986', '2652.6855', '2104.2722', 0, NULL),
(987, 'A49', 'E923', '987', '3502.7688', '-3853.838', 1, '1309-09-06'),
(988, 'A24', 'M044', '988', '1380.2594', '4236.8774', 0, NULL),
(989, 'A62', 'F154', '989', '-1022.94385', '-279.7395', 1, '0454-11-11'),
(990, 'A76', 'C136', '990', '4786.7305', '-988.94116', 1, '2906-03-11'),
(991, 'A15', 'D257', '991', '4779.666', '-390.1279', 1, '0523-04-16'),
(992, 'A32', 'L254', '992', '438.10248', '2619.9197', 0, NULL),
(993, 'A7', 'L057', '993', '-2062.927', '869.4089', 1, '2189-02-10'),
(994, 'A9', 'D246', '994', '-441.67517', '417.33206', 1, '1946-12-13'),
(995, 'A40', 'B580', '995', '3178.1812', '-2473.0159', 0, NULL),
(996, 'A10', 'G752', '996', '4448.6885', '985.3333', 1, '0523-06-11'),
(997, 'A40', 'G771', '997', '4188.367', '377.97867', 0, NULL),
(998, 'A89', 'L522', '998', '-4276.228', '-1776.514', 1, '1291-01-16'),
(999, 'A24', 'B819', '999', '-4061.4067', '-1701.2072', 0, NULL),
(1000, 'A78', 'F764', '1000', '-3004.663', '-3261.5745', 0, NULL);

INSERT INTO Autostrada (cod_naz, cod_eu, nome, lunghezza) VALUES
('A1', 'E1', 'A1-E1', 435304726),
('A10', 'E10', 'A10-E10', 1960724804),
('A100', 'E100', 'A100-E100', 97131359),
('A11', 'E11', 'A11-E11', 498389414),
('A12', 'E12', 'A12-E12', 882467607),
('A13', 'E13', 'A13-E13', 1023933487),
('A14', 'E14', 'A14-E14', 1150387905),
('A15', 'E15', 'A15-E15', 1418245370),
('A16', 'E16', 'A16-E16', 209891380),
('A17', 'E17', 'A17-E17', 1973814889),
('A18', 'E18', 'A18-E18', 1091095031),
('A19', 'E19', 'A19-E19', 2126720266),
('A2', 'E2', 'A2-E2', 249699457),
('A20', 'E20', 'A20-E20', 407991617),
('A21', 'E21', 'A21-E21', 1337211214),
('A22', 'E22', 'A22-E22', 1987270635),
('A23', 'E23', 'A23-E23', 162820993),
('A24', 'E24', 'A24-E24', 517716483),
('A25', 'E25', 'A25-E25', 1369316786),
('A26', 'E26', 'A26-E26', 707653924),
('A27', 'E27', 'A27-E27', 1131071882),
('A28', 'E28', 'A28-E28', 538910344),
('A29', 'E29', 'A29-E29', 1491340065),
('A3', 'E3', 'A3-E3', 1097956957),
('A30', 'E30', 'A30-E30', 1056940082),
('A31', 'E31', 'A31-E31', 1875050666),
('A32', 'E32', 'A32-E32', 373191503),
('A33', 'E33', 'A33-E33', 950108565),
('A34', 'E34', 'A34-E34', 512967940),
('A35', 'E35', 'A35-E35', 1972215040),
('A36', 'E36', 'A36-E36', 1879215922),
('A37', 'E37', 'A37-E37', 228040492),
('A38', 'E38', 'A38-E38', 920019151),
('A39', 'E39', 'A39-E39', 2069730328),
('A4', 'E4', 'A4-E4', 643528910),
('A40', 'E40', 'A40-E40', 716293156),
('A41', 'E41', 'A41-E41', 1792873022),
('A42', 'E42', 'A42-E42', 435910826),
('A43', 'E43', 'A43-E43', 16216673),
('A44', 'E44', 'A44-E44', 760412711),
('A45', 'E45', 'A45-E45', 1098816552),
('A46', 'E46', 'A46-E46', 1483821574),
('A47', 'E47', 'A47-E47', 1658478682),
('A48', 'E48', 'A48-E48', 245834139),
('A49', 'E49', 'A49-E49', 875023024),
('A5', 'E5', 'A5-E5', 1647396880),
('A50', 'E50', 'A50-E50', 1988750154),
('A51', 'E51', 'A51-E51', 1684403955),
('A52', 'E52', 'A52-E52', 1162206252),
('A53', 'E53', 'A53-E53', 1348120467),
('A54', 'E54', 'A54-E54', 1658210929),
('A55', 'E55', 'A55-E55', 1050028301),
('A56', 'E56', 'A56-E56', 1461591402),
('A57', 'E57', 'A57-E57', 1139438046),
('A58', 'E58', 'A58-E58', 142952717),
('A59', 'E59', 'A59-E59', 1943868681),
('A6', 'E6', 'A6-E6', 1230774300),
('A60', 'E60', 'A60-E60', 318645801),
('A61', 'E61', 'A61-E61', 522681293),
('A62', 'E62', 'A62-E62', 707856264),
('A63', 'E63', 'A63-E63', 690041078),
('A64', 'E64', 'A64-E64', 2125929322),
('A65', 'E65', 'A65-E65', 992229654),
('A66', 'E66', 'A66-E66', 145838009),
('A67', 'E67', 'A67-E67', 2019109370),
('A68', 'E68', 'A68-E68', 512957771),
('A69', 'E69', 'A69-E69', 1369518592),
('A7', 'E7', 'A7-E7', 2005898663),
('A70', 'E70', 'A70-E70', 244823192),
('A71', 'E71', 'A71-E71', 57725502),
('A72', 'E72', 'A72-E72', 837464035),
('A73', 'E73', 'A73-E73', 351560046),
('A74', 'E74', 'A74-E74', 589105913),
('A75', 'E75', 'A75-E75', 1613276718),
('A76', 'E76', 'A76-E76', 1509153269),
('A77', 'E77', 'A77-E77', 88409460),
('A78', 'E78', 'A78-E78', 1165582631),
('A79', 'E79', 'A79-E79', 1763275761),
('A8', 'E8', 'A8-E8', 517551601),
('A80', 'E80', 'A80-E80', 290057671),
('A81', 'E81', 'A81-E81', 429059643),
('A82', 'E82', 'A82-E82', 1605162660),
('A83', 'E83', 'A83-E83', 1560568623),
('A84', 'E84', 'A84-E84', 1266146238),
('A85', 'E85', 'A85-E85', 969766621),
('A86', 'E86', 'A86-E86', 1249927996),
('A87', 'E87', 'A87-E87', 1902525729),
('A88', 'E88', 'A88-E88', 937302231),
('A89', 'E89', 'A89-E89', 1087323751),
('A9', 'E9', 'A9-E9', 1717587446),
('A90', 'E90', 'A90-E90', 129833731),
('A91', 'E91', 'A91-E91', 2081595771),
('A92', 'E92', 'A92-E92', 780592593),
('A93', 'E93', 'A93-E93', 410118279),
('A94', 'E94', 'A94-E94', 1287718584),
('A95', 'E95', 'A95-E95', 1219124269),
('A96', 'E96', 'A96-E96', 1024839078),
('A97', 'E97', 'A97-E97', 2026088986),
('A98', 'E98', 'A98-E98', 826014868),
('A99', 'E99', 'A99-E99', 153442129);
